order_id,order_ts,warehouse,vehicle_type,sku_category,route_distance_km,order_volume_units,delivery_cost,delivery_delay_min,on_time,order_date,month,week
ORD100000,2026-05-09 18:40:00,W3 - South,Van,Personal Care,2.4,5,9.07,-32.8,True,2026-05-09,2026-05,2026-05-04
ORD100001,2026-07-09 16:07:00,W2 - Central,Van,Apparel,9.87,4,16.0,-15.7,True,2026-07-09,2026-07,2026-07-06
ORD100002,2026-06-28 22:19:00,W1 - North,Bike,Home & Kitchen,7.65,3,7.44,-11.0,True,2026-06-28,2026-06,2026-06-22
ORD100003,2026-06-09 23:03:00,W2 - Central,Van,Apparel,11.07,7,15.88,-14.6,True,2026-06-09,2026-06,2026-06-08
ORD100004,2026-06-08 16:55:00,W1 - North,Van,Grocery,9.32,4,14.81,-17.1,True,2026-06-08,2026-06,2026-06-08
ORD100005,2026-07-17 08:54:00,W3 - South,Van,Grocery,17.04,5,23.1,-6.5,True,2026-07-17,2026-07,2026-07-13
ORD100006,2026-05-08 14:22:00,W2 - Central,Bike,Home & Kitchen,4.41,3,6.47,-18.9,True,2026-05-08,2026-05,2026-05-04
ORD100007,2026-07-02 10:12:00,W1 - North,Truck,Home & Kitchen,14.12,4,25.65,5.2,False,2026-07-02,2026-07,2026-06-29
ORD100008,2026-05-19 15:05:00,W1 - North,Bike,Apparel,3.7,7,8.96,-32.1,True,2026-05-19,2026-05,2026-05-18
ORD100009,2026-05-09 19:29:00,W2 - Central,Truck,Electronics,6.51,6,15.55,5.0,False,2026-05-09,2026-05,2026-05-04
ORD100010,2026-06-17 08:51:00,W1 - North,Bike,Grocery,4.51,3,8.0,-29.2,True,2026-06-17,2026-06,2026-06-15
ORD100011,2026-07-27 12:08:00,W3 - South,Bike,Personal Care,13.66,6,11.87,-10.3,True,2026-07-27,2026-07,2026-07-27
ORD100012,2026-07-06 01:05:00,W2 - Central,Van,Grocery,14.86,4,19.99,8.6,False,2026-07-06,2026-07,2026-07-06
ORD100013,2026-07-08 17:40:00,W2 - Central,Bike,Grocery,4.77,6,9.65,-15.6,True,2026-07-08,2026-07,2026-07-06
ORD100014,2026-07-04 11:45:00,W1 - North,Van,Home & Kitchen,5.97,8,14.88,-18.3,True,2026-07-04,2026-07,2026-06-29
ORD100015,2026-07-10 11:01:00,W2 - Central,Van,Home & Kitchen,8.42,7,11.22,-8.7,True,2026-07-10,2026-07,2026-07-06
ORD100016,2026-06-16 12:46:00,W3 - South,Van,Grocery,8.25,5,10.88,-33.3,True,2026-06-16,2026-06,2026-06-15
ORD100017,2026-05-12 05:10:00,W1 - North,Bike,Electronics,11.32,3,12.53,-7.7,True,2026-05-12,2026-05,2026-05-11
ORD100018,2026-07-15 14:21:00,W1 - North,Bike,Home & Kitchen,7.85,3,7.89,-45.6,True,2026-07-15,2026-07,2026-07-13
ORD100019,2026-06-10 17:53:00,W1 - North,Truck,Apparel,1.23,5,6.18,-20.7,True,2026-06-10,2026-06,2026-06-08
ORD100020,2026-06-15 08:23:00,W1 - North,Truck,Apparel,1.41,3,7.15,-24.4,True,2026-06-15,2026-06,2026-06-15
ORD100021,2026-06-03 03:08:00,W2 - Central,Truck,Grocery,1.87,4,9.12,-5.8,True,2026-06-03,2026-06,2026-06-01
ORD100022,2026-05-17 09:17:00,W2 - Central,Van,Apparel,1.88,9,10.26,10.4,False,2026-05-17,2026-05,2026-05-11
ORD100023,2026-07-23 04:45:00,W2 - Central,Truck,Grocery,5.6,6,16.38,-3.1,True,2026-07-23,2026-07,2026-07-20
ORD100024,2026-07-10 08:58:00,W1 - North,Bike,Personal Care,1.72,5,7.8,-33.4,True,2026-07-10,2026-07,2026-07-06
ORD100025,2026-06-27 15:02:00,W1 - North,Truck,Personal Care,0.92,4,7.73,-3.5,True,2026-06-27,2026-06,2026-06-22
ORD100026,2026-06-06 02:43:00,W1 - North,Van,Grocery,4.31,2,10.39,-29.0,True,2026-06-06,2026-06,2026-06-01
ORD100027,2026-07-14 17:56:00,W3 - South,Van,Personal Care,23.21,5,26.21,-6.0,True,2026-07-14,2026-07,2026-07-13
ORD100028,2026-06-19 05:23:00,W2 - Central,Truck,Apparel,4.54,6,13.98,3.1,False,2026-06-19,2026-06,2026-06-15
ORD100029,2026-06-09 21:28:00,W1 - North,Van,Grocery,8.92,8,17.09,-6.2,True,2026-06-09,2026-06,2026-06-08
ORD100030,2026-06-10 17:34:00,W3 - South,Van,Grocery,22.42,5,26.39,-7.3,True,2026-06-10,2026-06,2026-06-08
ORD100031,2026-05-21 06:32:00,W1 - North,Van,Personal Care,2.43,4,6.61,-39.4,True,2026-05-21,2026-05,2026-05-18
ORD100032,2026-05-09 13:31:00,W1 - North,Van,Home & Kitchen,21.64,3,23.56,20.5,False,2026-05-09,2026-05,2026-05-04
ORD100033,2026-06-19 02:39:00,W1 - North,Van,Home & Kitchen,2.53,3,8.11,-35.6,True,2026-06-19,2026-06,2026-06-15
ORD100034,2026-07-19 02:23:00,W3 - South,Truck,Grocery,7.29,3,15.58,-20.3,True,2026-07-19,2026-07,2026-07-13
ORD100035,2026-05-06 22:56:00,W2 - Central,Truck,Grocery,13.17,5,25.84,19.7,False,2026-05-06,2026-05,2026-05-04
ORD100036,2026-07-17 19:15:00,W2 - Central,Truck,Electronics,3.8,7,11.42,5.1,False,2026-07-17,2026-07,2026-07-13
ORD100037,2026-07-14 03:42:00,W1 - North,Van,Home & Kitchen,22.89,4,21.03,13.0,False,2026-07-14,2026-07,2026-07-13
ORD100038,2026-05-25 06:47:00,W1 - North,Van,Home & Kitchen,16.37,5,19.85,-1.3,True,2026-05-25,2026-05,2026-05-25
ORD100039,2026-06-26 04:44:00,W2 - Central,Van,Grocery,3.39,6,10.17,-7.6,True,2026-06-26,2026-06,2026-06-22
ORD100040,2026-05-15 09:29:00,W1 - North,Van,Personal Care,16.81,9,21.54,-0.9,True,2026-05-15,2026-05,2026-05-11
ORD100041,2026-07-08 06:59:00,W3 - South,Van,Home & Kitchen,1.62,6,10.55,-49.2,True,2026-07-08,2026-07,2026-07-06
ORD100042,2026-07-03 07:52:00,W2 - Central,Bike,Personal Care,4.65,6,7.7,-38.2,True,2026-07-03,2026-07,2026-06-29
ORD100043,2026-06-01 12:42:00,W2 - Central,Truck,Apparel,6.13,3,16.05,-13.6,True,2026-06-01,2026-06,2026-06-01
ORD100044,2026-05-07 04:32:00,W2 - Central,Van,Electronics,3.54,3,8.94,-9.9,True,2026-05-07,2026-05,2026-05-04
ORD100045,2026-07-27 21:11:00,W3 - South,Van,Apparel,6.89,5,15.62,-19.8,True,2026-07-27,2026-07,2026-07-27
ORD100046,2026-06-10 17:27:00,W2 - Central,Van,Home & Kitchen,5.79,6,12.83,-3.9,True,2026-06-10,2026-06,2026-06-08
ORD100047,2026-07-20 18:15:00,W2 - Central,Van,Grocery,13.49,6,16.4,11.6,False,2026-07-20,2026-07,2026-07-20
ORD100048,2026-07-01 04:04:00,W3 - South,Van,Grocery,30.27,3,32.61,35.4,False,2026-07-01,2026-07,2026-06-29
ORD100049,2026-07-10 16:59:00,W1 - North,Van,Home & Kitchen,4.41,6,13.39,-20.1,True,2026-07-10,2026-07,2026-07-06
ORD100050,2026-07-08 20:04:00,W3 - South,Van,Home & Kitchen,6.45,4,8.73,-19.1,True,2026-07-08,2026-07,2026-07-06
ORD100051,2026-05-18 04:12:00,W1 - North,Van,Personal Care,11.03,4,16.23,-11.2,True,2026-05-18,2026-05,2026-05-18
ORD100052,2026-06-02 18:01:00,W2 - Central,Bike,Electronics,8.23,5,11.64,-9.7,True,2026-06-02,2026-06,2026-06-01
ORD100053,2026-06-12 08:35:00,W3 - South,Van,Apparel,22.87,8,27.42,-1.3,True,2026-06-12,2026-06,2026-06-08
ORD100054,2026-06-14 18:54:00,W2 - Central,Van,Grocery,11.63,7,13.96,18.3,False,2026-06-14,2026-06,2026-06-08
ORD100055,2026-05-04 11:28:00,W2 - Central,Van,Grocery,2.51,7,9.39,-20.1,True,2026-05-04,2026-05,2026-05-04
ORD100056,2026-06-19 19:15:00,W2 - Central,Van,Apparel,1.26,4,6.1,-25.4,True,2026-06-19,2026-06,2026-06-15
ORD100057,2026-05-14 03:32:00,W1 - North,Bike,Electronics,10.0,7,14.67,-15.3,True,2026-05-14,2026-05,2026-05-11
ORD100058,2026-07-06 09:20:00,W1 - North,Bike,Home & Kitchen,7.77,4,9.4,-29.1,True,2026-07-06,2026-07,2026-07-06
ORD100059,2026-07-01 06:33:00,W1 - North,Truck,Electronics,0.92,3,6.08,-31.6,True,2026-07-01,2026-07,2026-06-29
ORD100060,2026-07-23 05:57:00,W2 - Central,Bike,Electronics,1.23,3,4.99,-17.6,True,2026-07-23,2026-07,2026-07-20
ORD100061,2026-07-07 07:23:00,W2 - Central,Van,Apparel,7.26,7,14.36,-14.0,True,2026-07-07,2026-07,2026-07-06
ORD100062,2026-06-02 09:10:00,W1 - North,Van,Electronics,6.03,3,10.51,-11.8,True,2026-06-02,2026-06,2026-06-01
ORD100063,2026-07-27 03:03:00,W3 - South,Van,Home & Kitchen,14.74,3,16.64,-9.9,True,2026-07-27,2026-07,2026-07-27
ORD100064,2026-06-06 16:58:00,W1 - North,Van,Grocery,2.67,6,9.77,-31.9,True,2026-06-06,2026-06,2026-06-01
ORD100065,2026-05-30 13:12:00,W2 - Central,Truck,Electronics,7.73,4,16.9,10.3,False,2026-05-30,2026-05,2026-05-25
ORD100066,2026-07-21 19:54:00,W1 - North,Van,Home & Kitchen,8.46,5,9.8,-13.1,True,2026-07-21,2026-07,2026-07-20
ORD100067,2026-06-03 16:55:00,W1 - North,Van,Home & Kitchen,10.83,9,19.11,0.5,False,2026-06-03,2026-06,2026-06-01
ORD100068,2026-05-07 03:34:00,W2 - Central,Van,Electronics,3.5,3,9.13,-10.0,True,2026-05-07,2026-05,2026-05-04
ORD100069,2026-06-12 01:40:00,W2 - Central,Van,Grocery,2.93,4,8.69,-26.8,True,2026-06-12,2026-06,2026-06-08
ORD100070,2026-07-11 10:08:00,W1 - North,Truck,Electronics,1.9,5,8.74,-25.1,True,2026-07-11,2026-07,2026-07-06
ORD100071,2026-05-18 11:32:00,W3 - South,Van,Personal Care,7.92,5,13.13,-8.6,True,2026-05-18,2026-05,2026-05-18
ORD100072,2026-06-11 05:45:00,W3 - South,Van,Grocery,20.23,7,26.13,23.6,False,2026-06-11,2026-06,2026-06-08
ORD100073,2026-05-12 18:46:00,W2 - Central,Van,Apparel,11.97,5,15.73,0.3,False,2026-05-12,2026-05,2026-05-11
ORD100074,2026-07-01 13:57:00,W3 - South,Bike,Personal Care,3.7,6,10.12,-30.8,True,2026-07-01,2026-07,2026-06-29
ORD100075,2026-06-12 17:57:00,W3 - South,Van,Apparel,9.65,6,13.09,1.3,False,2026-06-12,2026-06,2026-06-08
ORD100076,2026-05-30 02:36:00,W1 - North,Bike,Apparel,18.16,8,17.04,7.3,False,2026-05-30,2026-05,2026-05-25
ORD100077,2026-05-21 19:33:00,W2 - Central,Van,Apparel,14.81,3,17.92,6.5,False,2026-05-21,2026-05,2026-05-18
ORD100078,2026-06-20 04:56:00,W2 - Central,Van,Home & Kitchen,3.84,9,13.67,-9.4,True,2026-06-20,2026-06,2026-06-15
ORD100079,2026-06-30 10:45:00,W1 - North,Truck,Grocery,14.27,6,27.56,-0.7,True,2026-06-30,2026-06,2026-06-29
ORD100080,2026-07-24 10:32:00,W1 - North,Van,Grocery,12.72,4,15.5,-16.1,True,2026-07-24,2026-07,2026-07-20
ORD100081,2026-06-09 19:41:00,W1 - North,Van,Personal Care,12.04,2,12.84,-13.9,True,2026-06-09,2026-06,2026-06-08
ORD100082,2026-05-15 06:38:00,W2 - Central,Bike,Personal Care,1.06,5,6.14,-26.6,True,2026-05-15,2026-05,2026-05-11
ORD100083,2026-07-14 05:46:00,W3 - South,Van,Apparel,6.3,4,11.64,-15.9,True,2026-07-14,2026-07,2026-07-13
ORD100084,2026-06-26 08:09:00,W2 - Central,Van,Personal Care,4.45,1,5.18,-16.3,True,2026-06-26,2026-06,2026-06-22
ORD100085,2026-07-03 08:39:00,W1 - North,Bike,Electronics,5.81,4,7.95,-12.8,True,2026-07-03,2026-07,2026-06-29
ORD100086,2026-05-09 04:21:00,W1 - North,Van,Personal Care,6.38,2,11.04,-21.7,True,2026-05-09,2026-05,2026-05-04
ORD100087,2026-05-29 04:13:00,W2 - Central,Van,Apparel,15.84,6,20.41,6.0,False,2026-05-29,2026-05,2026-05-25
ORD100088,2026-07-09 05:33:00,W2 - Central,Van,Apparel,3.94,5,9.96,-9.9,True,2026-07-09,2026-07,2026-07-06
ORD100089,2026-07-14 11:13:00,W3 - South,Bike,Home & Kitchen,13.1,4,9.77,-1.2,True,2026-07-14,2026-07,2026-07-13
ORD100090,2026-06-09 08:14:00,W3 - South,Van,Apparel,12.78,3,16.01,-23.3,True,2026-06-09,2026-06,2026-06-08
ORD100091,2026-07-12 09:24:00,W3 - South,Van,Grocery,9.67,4,14.16,-5.6,True,2026-07-12,2026-07,2026-07-06
ORD100092,2026-07-15 17:15:00,W3 - South,Bike,Electronics,3.92,5,8.09,-32.9,True,2026-07-15,2026-07,2026-07-13
ORD100093,2026-06-04 05:46:00,W3 - South,Bike,Home & Kitchen,10.63,7,12.9,-3.0,True,2026-06-04,2026-06,2026-06-01
ORD100094,2026-07-20 21:50:00,W2 - Central,Truck,Personal Care,0.67,6,7.67,-4.2,True,2026-07-20,2026-07,2026-07-20
ORD100095,2026-05-26 18:02:00,W1 - North,Van,Grocery,9.35,3,12.56,-38.3,True,2026-05-26,2026-05,2026-05-25
ORD100096,2026-05-22 04:11:00,W1 - North,Van,Home & Kitchen,0.73,3,4.36,-37.1,True,2026-05-22,2026-05,2026-05-18
ORD100097,2026-07-01 07:31:00,W1 - North,Van,Personal Care,8.78,6,16.02,-11.2,True,2026-07-01,2026-07,2026-06-29
ORD100098,2026-06-27 04:24:00,W1 - North,Bike,Electronics,4.03,5,6.54,-16.4,True,2026-06-27,2026-06,2026-06-22
ORD100099,2026-05-13 06:32:00,W1 - North,Van,Apparel,2.94,10,12.24,-13.0,True,2026-05-13,2026-05,2026-05-11
ORD100100,2026-07-14 08:46:00,W3 - South,Bike,Electronics,16.72,7,18.24,1.1,False,2026-07-14,2026-07,2026-07-13
ORD100101,2026-05-18 03:08:00,W1 - North,Van,Apparel,4.8,4,11.63,-27.5,True,2026-05-18,2026-05,2026-05-18
ORD100102,2026-07-12 00:20:00,W3 - South,Bike,Apparel,10.24,2,10.25,-18.1,True,2026-07-12,2026-07,2026-07-06
ORD100103,2026-05-01 10:31:00,W2 - Central,Bike,Grocery,1.1,5,7.39,-31.6,True,2026-05-01,2026-05,2026-04-27
ORD100104,2026-07-11 16:49:00,W2 - Central,Van,Apparel,12.54,5,16.97,1.1,False,2026-07-11,2026-07,2026-07-06
ORD100105,2026-07-10 07:16:00,W2 - Central,Truck,Grocery,5.49,4,12.94,-18.5,True,2026-07-10,2026-07,2026-07-06
ORD100106,2026-07-10 20:39:00,W1 - North,Truck,Grocery,7.3,6,17.89,-12.9,True,2026-07-10,2026-07,2026-07-06
ORD100107,2026-06-29 08:51:00,W2 - Central,Van,Apparel,7.12,6,14.01,-10.1,True,2026-06-29,2026-06,2026-06-29
ORD100108,2026-06-12 21:37:00,W1 - North,Van,Home & Kitchen,0.5,5,7.51,-35.9,True,2026-06-12,2026-06,2026-06-08
ORD100109,2026-07-03 05:39:00,W3 - South,Bike,Electronics,26.72,1,17.77,5.5,False,2026-07-03,2026-07,2026-06-29
ORD100110,2026-05-25 12:56:00,W1 - North,Van,Grocery,5.11,7,13.87,-26.0,True,2026-05-25,2026-05,2026-05-25
ORD100111,2026-07-10 18:18:00,W1 - North,Van,Apparel,17.14,5,20.83,-3.5,True,2026-07-10,2026-07,2026-07-06
ORD100112,2026-06-20 01:25:00,W2 - Central,Van,Grocery,3.73,9,12.36,-12.5,True,2026-06-20,2026-06,2026-06-15
ORD100113,2026-06-11 22:19:00,W2 - Central,Truck,Home & Kitchen,3.09,6,8.98,-10.3,True,2026-06-11,2026-06,2026-06-08
ORD100114,2026-06-15 08:45:00,W2 - Central,Van,Grocery,6.79,5,15.65,2.2,False,2026-06-15,2026-06,2026-06-15
ORD100115,2026-06-21 11:57:00,W2 - Central,Bike,Apparel,17.88,4,13.64,6.6,False,2026-06-21,2026-06,2026-06-15
ORD100116,2026-05-04 15:04:00,W1 - North,Van,Apparel,14.26,5,19.6,6.2,False,2026-05-04,2026-05,2026-05-04
ORD100117,2026-05-13 15:25:00,W2 - Central,Van,Home & Kitchen,7.31,6,12.69,-2.1,True,2026-05-13,2026-05,2026-05-11
ORD100118,2026-05-23 00:34:00,W1 - North,Truck,Grocery,8.95,3,18.33,-7.0,True,2026-05-23,2026-05,2026-05-18
ORD100119,2026-05-11 20:48:00,W1 - North,Van,Home & Kitchen,7.04,6,12.73,-3.1,True,2026-05-11,2026-05,2026-05-11
ORD100120,2026-06-09 14:57:00,W1 - North,Van,Grocery,16.64,1,16.38,-4.1,True,2026-06-09,2026-06,2026-06-08
ORD100121,2026-06-30 23:58:00,W1 - North,Van,Electronics,11.34,5,12.42,-5.8,True,2026-06-30,2026-06,2026-06-29
ORD100122,2026-06-28 11:18:00,W1 - North,Bike,Personal Care,1.86,5,9.11,-19.4,True,2026-06-28,2026-06,2026-06-22
ORD100123,2026-06-12 14:43:00,W2 - Central,Van,Personal Care,2.22,4,8.6,-19.1,True,2026-06-12,2026-06,2026-06-08
ORD100124,2026-07-16 10:35:00,W1 - North,Van,Apparel,9.98,5,13.61,-7.9,True,2026-07-16,2026-07,2026-07-13
ORD100125,2026-06-20 21:21:00,W1 - North,Van,Electronics,2.52,8,11.12,-16.4,True,2026-06-20,2026-06,2026-06-15
ORD100126,2026-05-08 19:58:00,W2 - Central,Van,Home & Kitchen,5.46,3,11.18,-10.0,True,2026-05-08,2026-05,2026-05-04
ORD100127,2026-07-08 21:48:00,W1 - North,Van,Electronics,11.98,2,13.84,-16.7,True,2026-07-08,2026-07,2026-07-06
ORD100128,2026-06-21 12:06:00,W2 - Central,Van,Apparel,6.82,9,15.31,-5.6,True,2026-06-21,2026-06,2026-06-15
ORD100129,2026-06-27 18:59:00,W3 - South,Van,Home & Kitchen,3.25,2,8.98,-28.3,True,2026-06-27,2026-06,2026-06-22
ORD100130,2026-06-20 08:36:00,W2 - Central,Van,Home & Kitchen,2.33,5,6.32,-14.9,True,2026-06-20,2026-06,2026-06-15
ORD100131,2026-06-19 11:03:00,W3 - South,Bike,Apparel,13.94,4,13.22,1.8,False,2026-06-19,2026-06,2026-06-15
ORD100132,2026-05-09 18:14:00,W1 - North,Bike,Personal Care,22.2,7,18.62,15.6,False,2026-05-09,2026-05,2026-05-04
ORD100133,2026-06-20 01:56:00,W1 - North,Van,Apparel,6.21,6,15.2,-5.5,True,2026-06-20,2026-06,2026-06-15
ORD100134,2026-07-11 17:03:00,W2 - Central,Van,Electronics,9.19,3,13.95,2.3,False,2026-07-11,2026-07,2026-07-06
ORD100135,2026-05-28 00:22:00,W2 - Central,Van,Electronics,6.86,7,12.91,-12.3,True,2026-05-28,2026-05,2026-05-25
ORD100136,2026-06-24 13:56:00,W3 - South,Truck,Personal Care,5.99,4,14.62,-10.6,True,2026-06-24,2026-06,2026-06-22
ORD100137,2026-05-03 11:27:00,W1 - North,Van,Personal Care,12.35,6,20.63,6.9,False,2026-05-03,2026-05,2026-04-27
ORD100138,2026-06-01 11:14:00,W3 - South,Van,Electronics,2.12,7,8.97,-27.4,True,2026-06-01,2026-06,2026-06-01
ORD100139,2026-06-09 11:51:00,W1 - North,Van,Grocery,11.75,7,18.57,-7.8,True,2026-06-09,2026-06,2026-06-08
ORD100140,2026-07-28 11:48:00,W1 - North,Van,Electronics,9.54,3,13.05,-13.6,True,2026-07-28,2026-07,2026-07-27
ORD100141,2026-05-20 09:46:00,W1 - North,Van,Electronics,4.31,5,11.78,-36.6,True,2026-05-20,2026-05,2026-05-18
ORD100142,2026-05-25 10:49:00,W3 - South,Van,Electronics,4.09,7,12.87,-31.1,True,2026-05-25,2026-05,2026-05-25
ORD100143,2026-06-06 13:38:00,W1 - North,Bike,Grocery,4.62,7,9.83,-9.5,True,2026-06-06,2026-06,2026-06-01
ORD100144,2026-07-29 18:19:00,W3 - South,Bike,Home & Kitchen,5.61,5,8.51,-36.6,True,2026-07-29,2026-07,2026-07-27
ORD100145,2026-07-16 13:15:00,W2 - Central,Bike,Home & Kitchen,4.11,5,7.77,-21.9,True,2026-07-16,2026-07,2026-07-13
ORD100146,2026-05-04 15:25:00,W2 - Central,Bike,Electronics,3.76,3,4.47,-21.0,True,2026-05-04,2026-05,2026-05-04
ORD100147,2026-05-22 20:04:00,W2 - Central,Van,Personal Care,3.23,5,9.4,9.3,False,2026-05-22,2026-05,2026-05-18
ORD100148,2026-07-13 23:44:00,W3 - South,Truck,Personal Care,2.03,4,9.13,-23.9,True,2026-07-13,2026-07,2026-07-13
ORD100149,2026-05-06 02:36:00,W1 - North,Bike,Apparel,2.38,6,6.99,-15.8,True,2026-05-06,2026-05,2026-05-04
ORD100150,2026-07-17 17:06:00,W1 - North,Bike,Grocery,13.66,5,10.13,-12.3,True,2026-07-17,2026-07,2026-07-13
ORD100151,2026-05-26 05:24:00,W2 - Central,Bike,Grocery,3.31,6,8.96,-12.7,True,2026-05-26,2026-05,2026-05-25
ORD100152,2026-07-22 04:43:00,W1 - North,Van,Personal Care,5.56,5,11.72,-36.3,True,2026-07-22,2026-07,2026-07-20
ORD100153,2026-05-27 19:01:00,W1 - North,Van,Home & Kitchen,4.8,4,10.57,-25.7,True,2026-05-27,2026-05,2026-05-25
ORD100154,2026-06-09 01:38:00,W1 - North,Van,Apparel,16.89,6,19.97,6.4,False,2026-06-09,2026-06,2026-06-08
ORD100155,2026-06-29 20:20:00,W1 - North,Van,Apparel,3.67,4,9.61,-37.6,True,2026-06-29,2026-06,2026-06-29
ORD100156,2026-05-12 18:29:00,W1 - North,Van,Grocery,3.45,1,6.77,-24.1,True,2026-05-12,2026-05,2026-05-11
ORD100157,2026-06-20 23:52:00,W1 - North,Van,Home & Kitchen,9.68,5,16.03,-1.3,True,2026-06-20,2026-06,2026-06-15
ORD100158,2026-06-15 16:01:00,W3 - South,Van,Electronics,11.54,7,16.05,-14.9,True,2026-06-15,2026-06,2026-06-15
ORD100159,2026-07-10 20:56:00,W1 - North,Truck,Grocery,9.87,6,23.93,-19.0,True,2026-07-10,2026-07,2026-07-06
ORD100160,2026-07-29 02:50:00,W3 - South,Bike,Personal Care,14.17,4,14.79,-13.3,True,2026-07-29,2026-07,2026-07-27
ORD100161,2026-06-29 21:21:00,W3 - South,Bike,Home & Kitchen,18.84,7,16.68,1.3,False,2026-06-29,2026-06,2026-06-29
ORD100162,2026-06-06 03:50:00,W1 - North,Van,Home & Kitchen,2.11,5,8.9,-22.8,True,2026-06-06,2026-06,2026-06-01
ORD100163,2026-06-06 07:32:00,W2 - Central,Bike,Home & Kitchen,6.79,3,9.65,-0.1,True,2026-06-06,2026-06,2026-06-01
ORD100164,2026-06-07 03:04:00,W2 - Central,Truck,Home & Kitchen,2.6,4,8.34,-16.7,True,2026-06-07,2026-06,2026-06-01
ORD100165,2026-07-13 09:38:00,W2 - Central,Bike,Electronics,0.71,3,4.9,-8.8,True,2026-07-13,2026-07,2026-07-13
ORD100166,2026-05-29 17:58:00,W1 - North,Bike,Home & Kitchen,9.4,5,11.17,1.2,False,2026-05-29,2026-05,2026-05-25
ORD100167,2026-05-16 06:26:00,W1 - North,Van,Home & Kitchen,9.03,7,18.42,-3.1,True,2026-05-16,2026-05,2026-05-11
ORD100168,2026-05-31 19:43:00,W1 - North,Van,Personal Care,6.63,2,8.54,-16.9,True,2026-05-31,2026-05,2026-05-25
ORD100169,2026-05-03 14:33:00,W2 - Central,Bike,Electronics,9.53,7,14.61,-1.1,True,2026-05-03,2026-05,2026-04-27
ORD100170,2026-05-10 15:05:00,W3 - South,Truck,Apparel,5.24,4,13.63,-14.0,True,2026-05-10,2026-05,2026-05-04
ORD100171,2026-05-09 22:31:00,W2 - Central,Van,Home & Kitchen,7.85,1,10.72,0.1,False,2026-05-09,2026-05,2026-05-04
ORD100172,2026-07-09 10:21:00,W2 - Central,Van,Grocery,4.46,13,16.91,-9.9,True,2026-07-09,2026-07,2026-07-06
ORD100173,2026-07-05 08:16:00,W3 - South,Van,Home & Kitchen,9.43,5,17.55,-11.6,True,2026-07-05,2026-07,2026-06-29
ORD100174,2026-07-02 23:52:00,W2 - Central,Van,Apparel,0.84,5,7.85,-18.2,True,2026-07-02,2026-07,2026-06-29
ORD100175,2026-06-11 13:22:00,W1 - North,Truck,Home & Kitchen,12.79,6,28.42,-5.3,True,2026-06-11,2026-06,2026-06-08
ORD100176,2026-07-04 14:45:00,W3 - South,Bike,Apparel,13.19,9,13.68,-2.9,True,2026-07-04,2026-07,2026-06-29
ORD100177,2026-05-15 07:06:00,W1 - North,Van,Home & Kitchen,10.2,8,16.18,-8.2,True,2026-05-15,2026-05,2026-05-11
ORD100178,2026-07-21 05:10:00,W1 - North,Van,Grocery,3.1,5,7.1,-30.6,True,2026-07-21,2026-07,2026-07-20
ORD100179,2026-06-15 04:04:00,W2 - Central,Van,Home & Kitchen,6.07,2,9.09,-20.6,True,2026-06-15,2026-06,2026-06-15
ORD100180,2026-07-24 05:21:00,W3 - South,Van,Home & Kitchen,8.9,2,13.11,-18.5,True,2026-07-24,2026-07,2026-07-20
ORD100181,2026-05-14 04:41:00,W1 - North,Van,Electronics,9.11,5,14.56,-18.9,True,2026-05-14,2026-05,2026-05-11
ORD100182,2026-06-14 17:55:00,W2 - Central,Bike,Grocery,5.88,3,10.64,-13.0,True,2026-06-14,2026-06,2026-06-08
ORD100183,2026-07-02 01:23:00,W1 - North,Bike,Personal Care,19.02,7,19.67,16.1,False,2026-07-02,2026-07,2026-06-29
ORD100184,2026-06-14 15:06:00,W1 - North,Van,Home & Kitchen,15.35,1,16.94,-1.6,True,2026-06-14,2026-06,2026-06-08
ORD100185,2026-06-10 22:46:00,W1 - North,Bike,Grocery,5.43,5,8.02,-4.1,True,2026-06-10,2026-06,2026-06-08
ORD100186,2026-05-15 18:22:00,W2 - Central,Bike,Home & Kitchen,7.05,3,10.33,-5.6,True,2026-05-15,2026-05,2026-05-11
ORD100187,2026-06-04 09:40:00,W3 - South,Van,Grocery,7.64,3,13.69,-27.5,True,2026-06-04,2026-06,2026-06-01
ORD100188,2026-05-22 01:25:00,W1 - North,Bike,Apparel,12.48,7,14.2,4.8,False,2026-05-22,2026-05,2026-05-18
ORD100189,2026-05-28 20:01:00,W1 - North,Bike,Personal Care,6.12,9,12.82,-22.6,True,2026-05-28,2026-05,2026-05-25
ORD100190,2026-07-01 00:04:00,W1 - North,Bike,Apparel,4.57,7,10.66,-3.0,True,2026-07-01,2026-07,2026-06-29
ORD100191,2026-06-26 16:21:00,W1 - North,Van,Electronics,8.02,2,10.03,-16.1,True,2026-06-26,2026-06,2026-06-22
ORD100192,2026-06-24 16:06:00,W2 - Central,Van,Electronics,10.94,7,15.17,4.3,False,2026-06-24,2026-06,2026-06-22
ORD100193,2026-06-02 04:36:00,W2 - Central,Van,Home & Kitchen,9.84,5,14.79,-4.0,True,2026-06-02,2026-06,2026-06-01
ORD100194,2026-07-26 17:45:00,W2 - Central,Van,Home & Kitchen,3.58,5,9.24,-6.8,True,2026-07-26,2026-07,2026-07-20
ORD100195,2026-05-08 04:12:00,W1 - North,Van,Grocery,17.96,5,22.18,1.1,False,2026-05-08,2026-05,2026-05-04
ORD100196,2026-05-31 05:24:00,W2 - Central,Bike,Electronics,2.44,2,5.65,-22.1,True,2026-05-31,2026-05,2026-05-25
ORD100197,2026-05-11 19:29:00,W1 - North,Van,Grocery,4.14,3,6.26,-21.7,True,2026-05-11,2026-05,2026-05-11
ORD100198,2026-05-31 23:29:00,W1 - North,Van,Electronics,12.14,4,13.05,7.5,False,2026-05-31,2026-05,2026-05-25
ORD100199,2026-07-26 06:21:00,W3 - South,Truck,Grocery,1.44,7,11.0,-32.4,True,2026-07-26,2026-07,2026-07-20
ORD100200,2026-06-02 22:06:00,W2 - Central,Van,Apparel,5.13,3,8.66,-1.0,True,2026-06-02,2026-06,2026-06-01
ORD100201,2026-07-21 21:55:00,W3 - South,Van,Home & Kitchen,8.12,4,12.46,-13.0,True,2026-07-21,2026-07,2026-07-20
ORD100202,2026-06-14 18:27:00,W3 - South,Bike,Apparel,27.95,5,18.73,23.2,False,2026-06-14,2026-06,2026-06-08
ORD100203,2026-07-02 03:21:00,W2 - Central,Van,Apparel,2.08,10,9.9,-19.1,True,2026-07-02,2026-07,2026-06-29
ORD100204,2026-06-11 07:11:00,W3 - South,Van,Grocery,4.57,2,7.18,-9.9,True,2026-06-11,2026-06,2026-06-08
ORD100205,2026-05-24 16:15:00,W1 - North,Bike,Personal Care,20.27,6,18.11,23.8,False,2026-05-24,2026-05,2026-05-18
ORD100206,2026-07-08 23:58:00,W1 - North,Van,Home & Kitchen,5.46,7,11.99,-8.8,True,2026-07-08,2026-07,2026-07-06
ORD100207,2026-07-27 19:32:00,W1 - North,Van,Apparel,14.22,4,18.94,-7.0,True,2026-07-27,2026-07,2026-07-27
ORD100208,2026-05-24 10:05:00,W1 - North,Van,Apparel,4.82,7,12.95,-8.2,True,2026-05-24,2026-05,2026-05-18
ORD100209,2026-07-10 05:38:00,W1 - North,Bike,Grocery,4.0,4,8.25,-21.0,True,2026-07-10,2026-07,2026-07-06
ORD100210,2026-05-24 23:02:00,W1 - North,Van,Home & Kitchen,14.68,7,21.38,3.9,False,2026-05-24,2026-05,2026-05-18
ORD100211,2026-07-04 06:37:00,W2 - Central,Bike,Grocery,17.55,8,16.53,20.7,False,2026-07-04,2026-07,2026-06-29
ORD100212,2026-07-11 08:12:00,W3 - South,Van,Home & Kitchen,23.12,5,28.2,27.9,False,2026-07-11,2026-07,2026-07-06
ORD100213,2026-06-10 23:08:00,W2 - Central,Bike,Apparel,3.44,5,9.34,-2.1,True,2026-06-10,2026-06,2026-06-08
ORD100214,2026-07-06 13:28:00,W1 - North,Van,Personal Care,6.62,5,13.56,-20.7,True,2026-07-06,2026-07,2026-07-06
ORD100215,2026-05-25 06:21:00,W2 - Central,Van,Electronics,2.37,4,6.51,-31.1,True,2026-05-25,2026-05,2026-05-25
ORD100216,2026-05-08 00:07:00,W1 - North,Van,Grocery,3.63,5,9.98,-9.3,True,2026-05-08,2026-05,2026-05-04
ORD100217,2026-05-09 10:19:00,W1 - North,Bike,Apparel,3.48,2,3.58,-4.9,True,2026-05-09,2026-05,2026-05-04
ORD100218,2026-06-10 23:39:00,W1 - North,Van,Electronics,4.91,3,11.57,-19.7,True,2026-06-10,2026-06,2026-06-08
ORD100219,2026-07-21 10:22:00,W1 - North,Van,Electronics,7.41,6,12.46,0.0,True,2026-07-21,2026-07,2026-07-20
ORD100220,2026-05-12 16:47:00,W1 - North,Van,Grocery,6.82,9,13.97,-11.9,True,2026-05-12,2026-05,2026-05-11
ORD100221,2026-06-11 06:04:00,W3 - South,Van,Electronics,16.51,4,17.88,-10.6,True,2026-06-11,2026-06,2026-06-08
ORD100222,2026-07-03 18:36:00,W2 - Central,Bike,Personal Care,5.76,6,9.74,-23.1,True,2026-07-03,2026-07,2026-06-29
ORD100223,2026-05-19 18:37:00,W2 - Central,Van,Apparel,7.74,6,13.27,-19.4,True,2026-05-19,2026-05,2026-05-18
ORD100224,2026-07-04 14:35:00,W1 - North,Van,Apparel,11.42,4,18.35,-3.1,True,2026-07-04,2026-07,2026-06-29
ORD100225,2026-05-28 18:31:00,W3 - South,Van,Grocery,6.97,5,13.71,-24.0,True,2026-05-28,2026-05,2026-05-25
ORD100226,2026-07-12 13:53:00,W2 - Central,Van,Apparel,4.52,3,8.37,-14.2,True,2026-07-12,2026-07,2026-07-06
ORD100227,2026-06-22 09:04:00,W1 - North,Van,Electronics,38.86,10,40.03,45.9,False,2026-06-22,2026-06,2026-06-22
ORD100228,2026-06-19 17:42:00,W2 - Central,Van,Home & Kitchen,3.26,8,7.65,-6.7,True,2026-06-19,2026-06,2026-06-15
ORD100229,2026-05-16 20:02:00,W2 - Central,Van,Home & Kitchen,8.03,6,12.39,-4.9,True,2026-05-16,2026-05,2026-05-11
ORD100230,2026-06-11 20:11:00,W2 - Central,Truck,Home & Kitchen,1.69,5,7.09,-26.2,True,2026-06-11,2026-06,2026-06-08
ORD100231,2026-07-17 05:06:00,W1 - North,Van,Home & Kitchen,11.64,7,18.12,-11.6,True,2026-07-17,2026-07,2026-07-13
ORD100232,2026-05-02 16:14:00,W2 - Central,Bike,Grocery,2.85,5,7.61,-2.3,True,2026-05-02,2026-05,2026-04-27
ORD100233,2026-07-08 00:06:00,W1 - North,Van,Grocery,7.0,2,10.67,-20.7,True,2026-07-08,2026-07,2026-07-06
ORD100234,2026-06-14 13:43:00,W1 - North,Van,Apparel,1.91,3,5.5,-19.4,True,2026-06-14,2026-06,2026-06-08
ORD100235,2026-07-04 13:42:00,W1 - North,Van,Grocery,6.5,4,11.65,1.5,False,2026-07-04,2026-07,2026-06-29
ORD100236,2026-06-29 08:43:00,W3 - South,Van,Electronics,9.9,7,13.98,13.0,False,2026-06-29,2026-06,2026-06-29
ORD100237,2026-06-08 23:51:00,W1 - North,Bike,Home & Kitchen,5.86,6,9.71,-13.3,True,2026-06-08,2026-06,2026-06-08
ORD100238,2026-05-28 21:11:00,W1 - North,Bike,Apparel,9.17,2,10.23,-11.1,True,2026-05-28,2026-05,2026-05-25
ORD100239,2026-06-26 00:55:00,W1 - North,Bike,Home & Kitchen,13.88,5,12.44,-15.3,True,2026-06-26,2026-06,2026-06-22
ORD100240,2026-05-13 05:00:00,W3 - South,Bike,Electronics,4.55,7,10.49,-19.4,True,2026-05-13,2026-05,2026-05-11
ORD100241,2026-06-22 04:59:00,W2 - Central,Van,Electronics,4.48,2,5.54,-16.3,True,2026-06-22,2026-06,2026-06-22
ORD100242,2026-05-09 21:32:00,W3 - South,Van,Apparel,3.07,5,6.02,-12.1,True,2026-05-09,2026-05,2026-05-04
ORD100243,2026-06-28 12:27:00,W1 - North,Bike,Apparel,1.23,4,6.97,-26.0,True,2026-06-28,2026-06,2026-06-22
ORD100244,2026-06-26 17:29:00,W1 - North,Van,Apparel,7.61,6,15.14,-13.9,True,2026-06-26,2026-06,2026-06-22
ORD100245,2026-05-08 19:26:00,W2 - Central,Van,Home & Kitchen,2.13,7,9.15,-11.9,True,2026-05-08,2026-05,2026-05-04
ORD100246,2026-07-08 18:25:00,W1 - North,Truck,Apparel,6.77,6,20.68,-0.2,True,2026-07-08,2026-07,2026-07-06
ORD100247,2026-06-07 02:08:00,W3 - South,Truck,Home & Kitchen,11.74,7,23.5,12.0,False,2026-06-07,2026-06,2026-06-01
ORD100248,2026-07-10 03:22:00,W3 - South,Bike,Apparel,2.21,5,6.51,-17.4,True,2026-07-10,2026-07,2026-07-06
ORD100249,2026-05-04 09:29:00,W2 - Central,Van,Electronics,6.51,7,13.44,-2.5,True,2026-05-04,2026-05,2026-05-04
ORD100250,2026-05-17 08:07:00,W3 - South,Bike,Apparel,20.17,2,14.83,6.0,False,2026-05-17,2026-05,2026-05-11
ORD100251,2026-06-14 17:55:00,W2 - Central,Van,Home & Kitchen,7.55,2,10.24,2.5,False,2026-06-14,2026-06,2026-06-08
ORD100252,2026-05-17 03:44:00,W1 - North,Van,Home & Kitchen,3.1,6,8.14,-24.3,True,2026-05-17,2026-05,2026-05-11
ORD100253,2026-05-30 08:55:00,W2 - Central,Van,Grocery,4.85,6,12.15,-7.8,True,2026-05-30,2026-05,2026-05-25
ORD100254,2026-06-29 05:40:00,W1 - North,Truck,Apparel,7.0,5,17.41,-1.7,True,2026-06-29,2026-06,2026-06-29
ORD100255,2026-05-14 04:31:00,W3 - South,Truck,Home & Kitchen,9.08,5,19.87,-10.9,True,2026-05-14,2026-05,2026-05-11
ORD100256,2026-06-30 04:08:00,W1 - North,Bike,Home & Kitchen,2.15,7,9.45,-23.3,True,2026-06-30,2026-06,2026-06-29
ORD100257,2026-05-10 04:41:00,W1 - North,Van,Grocery,3.53,4,8.7,-14.9,True,2026-05-10,2026-05,2026-05-04
ORD100258,2026-05-16 13:32:00,W2 - Central,Van,Grocery,4.25,6,10.5,-8.0,True,2026-05-16,2026-05,2026-05-11
ORD100259,2026-06-22 09:50:00,W1 - North,Van,Electronics,7.75,8,14.62,-33.3,True,2026-06-22,2026-06,2026-06-22
ORD100260,2026-07-11 10:26:00,W1 - North,Truck,Personal Care,4.33,9,14.29,-24.0,True,2026-07-11,2026-07,2026-07-06
ORD100261,2026-05-16 11:30:00,W2 - Central,Van,Apparel,0.81,5,5.81,-8.9,True,2026-05-16,2026-05,2026-05-11
ORD100262,2026-05-27 17:47:00,W1 - North,Van,Personal Care,4.54,4,8.97,-31.5,True,2026-05-27,2026-05,2026-05-25
ORD100263,2026-07-23 20:41:00,W2 - Central,Bike,Apparel,14.25,7,14.41,4.7,False,2026-07-23,2026-07,2026-07-20
ORD100264,2026-07-29 12:38:00,W1 - North,Van,Home & Kitchen,8.72,5,11.1,-25.5,True,2026-07-29,2026-07,2026-07-27
ORD100265,2026-06-22 15:24:00,W1 - North,Bike,Home & Kitchen,7.6,3,10.27,-24.6,True,2026-06-22,2026-06,2026-06-22
ORD100266,2026-06-10 17:43:00,W1 - North,Van,Electronics,3.49,4,8.89,-25.2,True,2026-06-10,2026-06,2026-06-08
ORD100267,2026-06-01 16:34:00,W2 - Central,Bike,Grocery,3.53,7,7.75,-6.4,True,2026-06-01,2026-06,2026-06-01
ORD100268,2026-06-25 03:13:00,W3 - South,Van,Electronics,1.5,4,9.6,-20.8,True,2026-06-25,2026-06,2026-06-22
ORD100269,2026-06-23 23:35:00,W1 - North,Van,Electronics,3.29,2,7.56,-33.8,True,2026-06-23,2026-06,2026-06-22
ORD100270,2026-05-27 03:57:00,W3 - South,Van,Apparel,12.62,2,13.43,-8.7,True,2026-05-27,2026-05,2026-05-25
ORD100271,2026-05-03 09:53:00,W2 - Central,Van,Personal Care,5.73,6,14.33,-17.1,True,2026-05-03,2026-05,2026-04-27
ORD100272,2026-05-14 15:39:00,W2 - Central,Bike,Personal Care,3.0,4,9.34,-17.6,True,2026-05-14,2026-05,2026-05-11
ORD100273,2026-07-26 09:40:00,W2 - Central,Van,Home & Kitchen,4.54,8,10.79,3.6,False,2026-07-26,2026-07,2026-07-20
ORD100274,2026-06-07 05:50:00,W2 - Central,Van,Home & Kitchen,5.12,4,9.77,-7.7,True,2026-06-07,2026-06,2026-06-01
ORD100275,2026-06-13 22:09:00,W3 - South,Bike,Apparel,6.27,5,8.75,-2.2,True,2026-06-13,2026-06,2026-06-08
ORD100276,2026-06-12 01:43:00,W2 - Central,Van,Apparel,6.8,3,8.25,-4.1,True,2026-06-12,2026-06,2026-06-08
ORD100277,2026-07-10 05:54:00,W2 - Central,Bike,Personal Care,5.65,3,8.43,-11.7,True,2026-07-10,2026-07,2026-07-06
ORD100278,2026-05-06 23:49:00,W1 - North,Bike,Grocery,4.84,7,11.23,-22.4,True,2026-05-06,2026-05,2026-05-04
ORD100279,2026-05-08 17:30:00,W1 - North,Van,Grocery,2.29,6,10.03,-30.7,True,2026-05-08,2026-05,2026-05-04
ORD100280,2026-05-25 02:05:00,W2 - Central,Bike,Apparel,3.43,2,6.35,-32.0,True,2026-05-25,2026-05,2026-05-25
ORD100281,2026-06-13 18:06:00,W1 - North,Van,Grocery,4.34,2,9.8,-29.8,True,2026-06-13,2026-06,2026-06-08
ORD100282,2026-06-30 23:16:00,W1 - North,Van,Personal Care,4.0,3,7.0,-16.0,True,2026-06-30,2026-06,2026-06-29
ORD100283,2026-06-14 02:20:00,W1 - North,Van,Personal Care,1.54,4,9.93,-8.3,True,2026-06-14,2026-06,2026-06-08
ORD100284,2026-06-09 09:56:00,W1 - North,Bike,Home & Kitchen,15.83,7,13.94,-9.1,True,2026-06-09,2026-06,2026-06-08
ORD100285,2026-07-24 11:14:00,W2 - Central,Bike,Electronics,11.5,4,10.28,-1.3,True,2026-07-24,2026-07,2026-07-20
ORD100286,2026-05-15 03:08:00,W2 - Central,Van,Personal Care,4.42,5,9.39,-28.8,True,2026-05-15,2026-05,2026-05-11
ORD100287,2026-06-21 04:48:00,W2 - Central,Truck,Home & Kitchen,5.8,3,13.19,-15.4,True,2026-06-21,2026-06,2026-06-15
ORD100288,2026-06-18 04:10:00,W1 - North,Van,Electronics,8.96,3,12.63,-13.2,True,2026-06-18,2026-06,2026-06-15
ORD100289,2026-06-12 04:26:00,W2 - Central,Truck,Electronics,4.47,4,12.39,-20.0,True,2026-06-12,2026-06,2026-06-08
ORD100290,2026-07-12 09:41:00,W1 - North,Bike,Home & Kitchen,8.11,9,12.89,-22.6,True,2026-07-12,2026-07,2026-07-06
ORD100291,2026-05-25 11:07:00,W2 - Central,Truck,Grocery,7.38,3,15.36,4.9,False,2026-05-25,2026-05,2026-05-25
ORD100292,2026-07-25 05:42:00,W2 - Central,Truck,Personal Care,5.51,4,14.58,-6.8,True,2026-07-25,2026-07,2026-07-20
ORD100293,2026-05-30 06:56:00,W2 - Central,Truck,Personal Care,8.27,2,15.71,-12.6,True,2026-05-30,2026-05,2026-05-25
ORD100294,2026-06-19 04:36:00,W2 - Central,Van,Home & Kitchen,2.92,2,8.28,-18.7,True,2026-06-19,2026-06,2026-06-15
ORD100295,2026-06-16 19:06:00,W3 - South,Bike,Personal Care,9.69,6,12.71,-14.5,True,2026-06-16,2026-06,2026-06-15
ORD100296,2026-07-16 05:04:00,W2 - Central,Bike,Electronics,23.02,6,17.85,25.3,False,2026-07-16,2026-07,2026-07-13
ORD100297,2026-06-09 21:46:00,W2 - Central,Bike,Electronics,9.56,6,10.6,-7.1,True,2026-06-09,2026-06,2026-06-08
ORD100298,2026-05-26 12:55:00,W2 - Central,Van,Electronics,5.6,6,12.32,-8.7,True,2026-05-26,2026-05,2026-05-25
ORD100299,2026-05-02 19:15:00,W1 - North,Truck,Grocery,3.04,4,9.22,-10.5,True,2026-05-02,2026-05,2026-04-27
ORD100300,2026-06-02 15:16:00,W3 - South,Van,Personal Care,10.05,5,15.1,-25.8,True,2026-06-02,2026-06,2026-06-01
ORD100301,2026-07-14 06:23:00,W1 - North,Van,Grocery,12.2,7,17.84,-12.5,True,2026-07-14,2026-07,2026-07-13
ORD100302,2026-05-01 14:25:00,W1 - North,Van,Personal Care,10.58,8,21.24,-0.9,True,2026-05-01,2026-05,2026-04-27
ORD100303,2026-07-20 06:34:00,W3 - South,Van,Home & Kitchen,1.78,7,7.37,-33.0,True,2026-07-20,2026-07,2026-07-20
ORD100304,2026-06-18 02:50:00,W2 - Central,Bike,Grocery,1.2,6,3.66,-20.7,True,2026-06-18,2026-06,2026-06-15
ORD100305,2026-05-13 06:06:00,W1 - North,Van,Apparel,1.67,4,6.36,-32.9,True,2026-05-13,2026-05,2026-05-11
ORD100306,2026-05-28 06:36:00,W1 - North,Bike,Grocery,9.06,5,8.16,-17.5,True,2026-05-28,2026-05,2026-05-25
ORD100307,2026-06-19 03:14:00,W1 - North,Bike,Grocery,1.69,5,6.2,-32.2,True,2026-06-19,2026-06,2026-06-15
ORD100308,2026-05-29 00:33:00,W2 - Central,Van,Home & Kitchen,2.2,5,6.42,-30.2,True,2026-05-29,2026-05,2026-05-25
ORD100309,2026-05-10 22:39:00,W1 - North,Bike,Electronics,5.8,3,6.66,-10.4,True,2026-05-10,2026-05,2026-05-04
ORD100310,2026-06-29 12:19:00,W3 - South,Van,Apparel,20.31,5,22.17,15.2,False,2026-06-29,2026-06,2026-06-29
ORD100311,2026-06-30 09:38:00,W3 - South,Bike,Personal Care,14.03,5,14.5,-7.9,True,2026-06-30,2026-06,2026-06-29
ORD100312,2026-05-11 22:19:00,W2 - Central,Truck,Home & Kitchen,3.97,5,12.5,-6.9,True,2026-05-11,2026-05,2026-05-11
ORD100313,2026-05-26 05:23:00,W2 - Central,Van,Apparel,8.42,11,18.87,-6.6,True,2026-05-26,2026-05,2026-05-25
ORD100314,2026-05-22 09:40:00,W1 - North,Bike,Personal Care,22.56,5,17.11,6.9,False,2026-05-22,2026-05,2026-05-18
ORD100315,2026-06-29 20:19:00,W1 - North,Van,Apparel,6.74,6,14.23,-13.7,True,2026-06-29,2026-06,2026-06-29
ORD100316,2026-07-05 15:10:00,W2 - Central,Van,Apparel,1.62,6,8.03,-8.3,True,2026-07-05,2026-07,2026-06-29
ORD100317,2026-07-05 09:34:00,W1 - North,Bike,Grocery,3.02,5,10.3,-19.3,True,2026-07-05,2026-07,2026-06-29
ORD100318,2026-07-24 06:08:00,W1 - North,Van,Apparel,2.99,6,10.35,-18.4,True,2026-07-24,2026-07,2026-07-20
ORD100319,2026-07-09 00:50:00,W1 - North,Bike,Home & Kitchen,3.59,8,8.81,-33.4,True,2026-07-09,2026-07,2026-07-06
ORD100320,2026-05-29 02:02:00,W1 - North,Van,Grocery,5.02,3,10.49,-25.8,True,2026-05-29,2026-05,2026-05-25
ORD100321,2026-05-10 03:53:00,W2 - Central,Van,Home & Kitchen,5.93,2,9.78,1.6,False,2026-05-10,2026-05,2026-05-04
ORD100322,2026-06-25 18:52:00,W2 - Central,Truck,Apparel,1.4,4,7.74,-12.5,True,2026-06-25,2026-06,2026-06-22
ORD100323,2026-07-22 15:20:00,W3 - South,Van,Electronics,3.32,3,8.26,-20.8,True,2026-07-22,2026-07,2026-07-20
ORD100324,2026-07-27 10:24:00,W2 - Central,Bike,Personal Care,7.33,8,12.86,2.5,False,2026-07-27,2026-07,2026-07-27
ORD100325,2026-05-21 18:47:00,W3 - South,Van,Home & Kitchen,6.53,5,8.87,-23.9,True,2026-05-21,2026-05,2026-05-18
ORD100326,2026-05-22 03:51:00,W1 - North,Bike,Personal Care,3.27,5,7.5,-40.1,True,2026-05-22,2026-05,2026-05-18
ORD100327,2026-05-04 05:03:00,W3 - South,Bike,Home & Kitchen,8.19,10,14.35,-15.8,True,2026-05-04,2026-05,2026-05-04
ORD100328,2026-05-13 09:25:00,W2 - Central,Van,Apparel,11.32,7,17.69,5.8,False,2026-05-13,2026-05,2026-05-11
ORD100329,2026-06-19 22:01:00,W1 - North,Van,Apparel,10.7,3,12.7,-5.1,True,2026-06-19,2026-06,2026-06-15
ORD100330,2026-06-19 14:44:00,W3 - South,Van,Apparel,15.32,5,15.97,-8.6,True,2026-06-19,2026-06,2026-06-15
ORD100331,2026-06-03 20:25:00,W1 - North,Truck,Grocery,18.54,8,39.21,-2.1,True,2026-06-03,2026-06,2026-06-01
ORD100332,2026-05-28 05:57:00,W1 - North,Van,Home & Kitchen,8.18,5,13.17,-23.3,True,2026-05-28,2026-05,2026-05-25
ORD100333,2026-07-14 20:21:00,W1 - North,Van,Grocery,19.62,3,24.25,-0.2,True,2026-07-14,2026-07,2026-07-13
ORD100334,2026-06-11 01:44:00,W1 - North,Bike,Grocery,20.63,4,16.74,-9.7,True,2026-06-11,2026-06,2026-06-08
ORD100335,2026-07-12 05:27:00,W1 - North,Van,Apparel,1.92,6,7.55,-24.3,True,2026-07-12,2026-07,2026-07-06
ORD100336,2026-07-26 12:33:00,W2 - Central,Van,Personal Care,1.08,5,3.67,-13.5,True,2026-07-26,2026-07,2026-07-20
ORD100337,2026-05-29 01:12:00,W3 - South,Van,Home & Kitchen,4.24,5,9.41,-25.8,True,2026-05-29,2026-05,2026-05-25
ORD100338,2026-05-19 20:35:00,W1 - North,Van,Grocery,14.13,7,19.65,-5.5,True,2026-05-19,2026-05,2026-05-18
ORD100339,2026-07-25 20:49:00,W2 - Central,Bike,Apparel,4.16,3,7.92,-15.9,True,2026-07-25,2026-07,2026-07-20
ORD100340,2026-06-27 12:59:00,W1 - North,Truck,Apparel,5.04,3,11.34,-21.2,True,2026-06-27,2026-06,2026-06-22
ORD100341,2026-05-27 07:20:00,W3 - South,Truck,Grocery,17.15,5,33.01,-5.4,True,2026-05-27,2026-05,2026-05-25
ORD100342,2026-06-25 02:22:00,W1 - North,Truck,Apparel,4.18,4,12.56,-17.5,True,2026-06-25,2026-06,2026-06-22
ORD100343,2026-06-16 14:51:00,W1 - North,Van,Personal Care,7.45,4,13.72,-17.6,True,2026-06-16,2026-06,2026-06-15
ORD100344,2026-07-21 12:54:00,W2 - Central,Van,Grocery,7.33,7,13.47,21.0,False,2026-07-21,2026-07,2026-07-20
ORD100345,2026-05-24 18:14:00,W2 - Central,Bike,Grocery,2.29,5,8.23,-14.6,True,2026-05-24,2026-05,2026-05-18
ORD100346,2026-07-29 14:27:00,W3 - South,Truck,Apparel,3.72,7,13.82,-20.4,True,2026-07-29,2026-07,2026-07-27
ORD100347,2026-07-24 03:04:00,W2 - Central,Bike,Personal Care,5.04,4,9.57,-17.0,True,2026-07-24,2026-07,2026-07-20
ORD100348,2026-05-17 02:55:00,W3 - South,Van,Personal Care,11.02,1,12.24,-11.3,True,2026-05-17,2026-05,2026-05-11
ORD100349,2026-05-15 18:44:00,W1 - North,Bike,Apparel,10.85,3,5.77,2.1,False,2026-05-15,2026-05,2026-05-11
ORD100350,2026-06-17 03:48:00,W1 - North,Bike,Home & Kitchen,2.76,7,8.64,-15.2,True,2026-06-17,2026-06,2026-06-15
ORD100351,2026-05-05 22:31:00,W1 - North,Truck,Personal Care,3.69,3,10.59,-41.4,True,2026-05-05,2026-05,2026-05-04
ORD100352,2026-05-27 02:32:00,W1 - North,Bike,Electronics,20.5,8,16.15,1.1,False,2026-05-27,2026-05,2026-05-25
ORD100353,2026-06-09 17:28:00,W1 - North,Van,Apparel,12.56,9,17.32,-5.2,True,2026-06-09,2026-06,2026-06-08
ORD100354,2026-07-27 23:24:00,W2 - Central,Van,Personal Care,4.45,7,10.62,-17.6,True,2026-07-27,2026-07,2026-07-27
ORD100355,2026-07-29 10:35:00,W1 - North,Van,Home & Kitchen,13.9,4,17.55,-19.0,True,2026-07-29,2026-07,2026-07-27
ORD100356,2026-05-14 01:21:00,W2 - Central,Van,Personal Care,2.08,8,10.21,-15.6,True,2026-05-14,2026-05,2026-05-11
ORD100357,2026-07-20 21:02:00,W2 - Central,Truck,Apparel,4.08,1,6.91,-35.4,True,2026-07-20,2026-07,2026-07-20
ORD100358,2026-05-09 04:29:00,W2 - Central,Van,Home & Kitchen,5.48,7,9.72,-2.9,True,2026-05-09,2026-05,2026-05-04
ORD100359,2026-07-07 12:39:00,W2 - Central,Van,Home & Kitchen,3.73,6,11.97,-8.5,True,2026-07-07,2026-07,2026-07-06
ORD100360,2026-07-16 23:37:00,W1 - North,Van,Home & Kitchen,5.11,2,8.76,-15.8,True,2026-07-16,2026-07,2026-07-13
ORD100361,2026-07-20 17:52:00,W1 - North,Bike,Personal Care,10.48,4,10.8,-13.2,True,2026-07-20,2026-07,2026-07-20
ORD100362,2026-05-21 01:06:00,W2 - Central,Van,Grocery,9.51,7,13.78,10.3,False,2026-05-21,2026-05,2026-05-18
ORD100363,2026-07-20 19:41:00,W2 - Central,Van,Personal Care,3.43,3,8.21,-15.1,True,2026-07-20,2026-07,2026-07-20
ORD100364,2026-05-11 03:52:00,W1 - North,Truck,Apparel,2.03,4,8.44,-20.3,True,2026-05-11,2026-05,2026-05-11
ORD100365,2026-06-16 17:59:00,W1 - North,Van,Personal Care,1.65,4,6.37,-35.3,True,2026-06-16,2026-06,2026-06-15
ORD100366,2026-06-12 14:54:00,W2 - Central,Van,Grocery,0.67,5,4.87,-8.0,True,2026-06-12,2026-06,2026-06-08
ORD100367,2026-05-29 06:54:00,W2 - Central,Van,Electronics,13.75,5,16.89,3.1,False,2026-05-29,2026-05,2026-05-25
ORD100368,2026-05-02 10:09:00,W1 - North,Bike,Apparel,10.51,6,14.97,11.0,False,2026-05-02,2026-05,2026-04-27
ORD100369,2026-07-09 02:49:00,W2 - Central,Bike,Apparel,6.75,3,7.93,0.4,False,2026-07-09,2026-07,2026-07-06
ORD100370,2026-05-31 23:40:00,W3 - South,Truck,Apparel,6.18,1,14.75,-15.1,True,2026-05-31,2026-05,2026-05-25
ORD100371,2026-06-29 05:43:00,W1 - North,Van,Personal Care,4.1,6,10.29,-18.8,True,2026-06-29,2026-06,2026-06-29
ORD100372,2026-06-06 07:24:00,W3 - South,Truck,Personal Care,19.43,6,36.36,10.1,False,2026-06-06,2026-06,2026-06-01
ORD100373,2026-06-03 12:04:00,W1 - North,Bike,Electronics,1.45,5,6.23,-35.6,True,2026-06-03,2026-06,2026-06-01
ORD100374,2026-07-19 16:08:00,W2 - Central,Van,Electronics,3.55,4,10.94,-4.7,True,2026-07-19,2026-07,2026-07-13
ORD100375,2026-05-09 12:07:00,W2 - Central,Van,Apparel,10.65,3,14.91,7.5,False,2026-05-09,2026-05,2026-05-04
ORD100376,2026-07-06 12:07:00,W1 - North,Van,Grocery,4.73,5,9.33,-36.6,True,2026-07-06,2026-07,2026-07-06
ORD100377,2026-07-07 13:59:00,W3 - South,Truck,Home & Kitchen,15.23,7,30.41,-3.2,True,2026-07-07,2026-07,2026-07-06
ORD100378,2026-06-04 20:35:00,W2 - Central,Van,Home & Kitchen,4.58,6,12.61,-5.7,True,2026-06-04,2026-06,2026-06-01
ORD100379,2026-05-24 09:28:00,W3 - South,Van,Home & Kitchen,0.5,1,2.0,-15.1,True,2026-05-24,2026-05,2026-05-18
ORD100380,2026-05-01 19:58:00,W1 - North,Bike,Personal Care,5.92,4,9.13,-14.0,True,2026-05-01,2026-05,2026-04-27
ORD100381,2026-07-24 18:53:00,W3 - South,Truck,Apparel,10.22,4,22.35,-28.0,True,2026-07-24,2026-07,2026-07-20
ORD100382,2026-07-25 23:03:00,W3 - South,Bike,Electronics,8.38,6,9.89,-18.8,True,2026-07-25,2026-07,2026-07-20
ORD100383,2026-05-22 21:54:00,W2 - Central,Bike,Home & Kitchen,1.78,7,8.76,-21.1,True,2026-05-22,2026-05,2026-05-18
ORD100384,2026-05-03 19:09:00,W1 - North,Van,Personal Care,5.63,4,11.44,-1.5,True,2026-05-03,2026-05,2026-04-27
ORD100385,2026-05-12 05:55:00,W2 - Central,Truck,Grocery,0.72,8,7.55,-24.7,True,2026-05-12,2026-05,2026-05-11
ORD100386,2026-05-07 18:34:00,W2 - Central,Van,Personal Care,3.52,6,11.35,-6.0,True,2026-05-07,2026-05,2026-05-04
ORD100387,2026-07-14 17:40:00,W3 - South,Van,Personal Care,16.06,5,20.6,-8.1,True,2026-07-14,2026-07,2026-07-13
ORD100388,2026-07-20 06:56:00,W2 - Central,Truck,Apparel,13.27,5,26.57,7.0,False,2026-07-20,2026-07,2026-07-20
ORD100389,2026-05-14 16:16:00,W1 - North,Van,Grocery,15.82,7,21.3,-7.8,True,2026-05-14,2026-05,2026-05-11
ORD100390,2026-07-07 06:04:00,W1 - North,Van,Personal Care,2.71,5,9.86,-27.6,True,2026-07-07,2026-07,2026-07-06
ORD100391,2026-05-17 12:33:00,W2 - Central,Bike,Electronics,1.29,4,9.98,-24.5,True,2026-05-17,2026-05,2026-05-11
ORD100392,2026-06-03 19:07:00,W3 - South,Van,Grocery,10.96,5,16.73,0.8,False,2026-06-03,2026-06,2026-06-01
ORD100393,2026-06-23 04:31:00,W1 - North,Van,Apparel,6.5,3,12.04,-26.5,True,2026-06-23,2026-06,2026-06-22
ORD100394,2026-07-04 08:05:00,W2 - Central,Bike,Grocery,7.23,5,10.17,-16.2,True,2026-07-04,2026-07,2026-06-29
ORD100395,2026-07-18 19:05:00,W3 - South,Bike,Apparel,5.77,3,10.85,-31.3,True,2026-07-18,2026-07,2026-07-13
ORD100396,2026-05-05 10:53:00,W1 - North,Bike,Apparel,6.64,4,6.81,-19.9,True,2026-05-05,2026-05,2026-05-04
ORD100397,2026-05-18 23:03:00,W1 - North,Van,Grocery,6.38,10,12.32,-19.0,True,2026-05-18,2026-05,2026-05-18
ORD100398,2026-05-26 00:11:00,W2 - Central,Bike,Home & Kitchen,3.61,4,7.82,-11.1,True,2026-05-26,2026-05,2026-05-25
ORD100399,2026-05-28 17:19:00,W2 - Central,Bike,Electronics,1.01,6,8.56,-22.4,True,2026-05-28,2026-05,2026-05-25
ORD100400,2026-07-29 19:32:00,W1 - North,Van,Apparel,10.6,6,12.25,0.4,False,2026-07-29,2026-07,2026-07-27
ORD100401,2026-07-09 22:01:00,W3 - South,Van,Personal Care,11.01,4,15.25,-16.4,True,2026-07-09,2026-07,2026-07-06
ORD100402,2026-05-29 03:45:00,W2 - Central,Van,Personal Care,8.33,5,13.31,2.1,False,2026-05-29,2026-05,2026-05-25
ORD100403,2026-07-27 23:37:00,W3 - South,Van,Grocery,19.42,4,23.52,-5.5,True,2026-07-27,2026-07,2026-07-27
ORD100404,2026-06-14 09:24:00,W3 - South,Van,Electronics,8.97,5,14.77,-22.5,True,2026-06-14,2026-06,2026-06-08
ORD100405,2026-06-15 08:26:00,W3 - South,Bike,Grocery,15.97,5,11.25,-10.1,True,2026-06-15,2026-06,2026-06-15
ORD100406,2026-06-09 08:31:00,W2 - Central,Truck,Grocery,13.47,5,25.49,-7.6,True,2026-06-09,2026-06,2026-06-08
ORD100407,2026-05-13 15:19:00,W1 - North,Van,Apparel,21.77,9,26.19,2.4,False,2026-05-13,2026-05,2026-05-11
ORD100408,2026-07-24 15:49:00,W2 - Central,Bike,Apparel,5.99,5,10.41,-7.9,True,2026-07-24,2026-07,2026-07-20
ORD100409,2026-05-02 11:22:00,W1 - North,Van,Electronics,8.44,4,13.63,-11.1,True,2026-05-02,2026-05,2026-04-27
ORD100410,2026-05-16 01:42:00,W2 - Central,Van,Electronics,5.92,8,12.4,-1.1,True,2026-05-16,2026-05,2026-05-11
ORD100411,2026-05-21 23:40:00,W1 - North,Bike,Grocery,9.41,4,10.52,-9.2,True,2026-05-21,2026-05,2026-05-18
ORD100412,2026-05-26 05:19:00,W2 - Central,Van,Apparel,9.43,2,11.13,-22.7,True,2026-05-26,2026-05,2026-05-25
ORD100413,2026-05-12 02:15:00,W1 - North,Truck,Home & Kitchen,7.78,3,20.27,-12.7,True,2026-05-12,2026-05,2026-05-11
ORD100414,2026-05-02 14:20:00,W1 - North,Van,Home & Kitchen,20.96,4,24.58,4.2,False,2026-05-02,2026-05,2026-04-27
ORD100415,2026-06-30 09:53:00,W1 - North,Van,Home & Kitchen,19.07,7,25.09,1.6,False,2026-06-30,2026-06,2026-06-29
ORD100416,2026-07-27 14:46:00,W2 - Central,Van,Home & Kitchen,5.1,5,12.9,-30.3,True,2026-07-27,2026-07,2026-07-27
ORD100417,2026-05-11 21:00:00,W3 - South,Van,Home & Kitchen,10.16,4,16.06,-8.6,True,2026-05-11,2026-05,2026-05-11
ORD100418,2026-05-27 02:20:00,W1 - North,Truck,Electronics,4.54,4,12.89,-38.4,True,2026-05-27,2026-05,2026-05-25
ORD100419,2026-06-15 06:49:00,W3 - South,Bike,Electronics,14.65,4,12.47,-16.8,True,2026-06-15,2026-06,2026-06-15
ORD100420,2026-07-23 12:23:00,W3 - South,Van,Home & Kitchen,7.73,4,14.4,-29.3,True,2026-07-23,2026-07,2026-07-20
ORD100421,2026-07-02 18:54:00,W1 - North,Van,Home & Kitchen,4.37,5,10.25,-23.9,True,2026-07-02,2026-07,2026-06-29
ORD100422,2026-07-08 14:24:00,W2 - Central,Bike,Apparel,7.21,4,8.15,-11.5,True,2026-07-08,2026-07,2026-07-06
ORD100423,2026-06-22 09:11:00,W1 - North,Bike,Home & Kitchen,2.58,6,11.26,-18.0,True,2026-06-22,2026-06,2026-06-22
ORD100424,2026-06-07 14:38:00,W1 - North,Van,Electronics,12.72,5,15.91,-0.8,True,2026-06-07,2026-06,2026-06-01
ORD100425,2026-05-18 23:31:00,W2 - Central,Van,Electronics,7.42,5,10.2,-0.2,True,2026-05-18,2026-05,2026-05-18
ORD100426,2026-07-17 11:31:00,W1 - North,Van,Grocery,18.43,7,24.85,9.0,False,2026-07-17,2026-07,2026-07-13
ORD100427,2026-07-12 21:12:00,W3 - South,Van,Home & Kitchen,12.14,8,17.52,-9.0,True,2026-07-12,2026-07,2026-07-06
ORD100428,2026-05-03 18:43:00,W3 - South,Van,Home & Kitchen,16.43,6,21.72,0.0,True,2026-05-03,2026-05,2026-04-27
ORD100429,2026-07-04 07:13:00,W3 - South,Van,Electronics,17.9,5,24.44,21.6,False,2026-07-04,2026-07,2026-06-29
ORD100430,2026-05-08 05:59:00,W2 - Central,Van,Grocery,11.25,4,13.4,8.6,False,2026-05-08,2026-05,2026-05-04
ORD100431,2026-07-06 18:29:00,W2 - Central,Van,Apparel,5.6,5,11.2,-4.9,True,2026-07-06,2026-07,2026-07-06
ORD100432,2026-07-14 04:58:00,W3 - South,Van,Home & Kitchen,6.76,7,15.67,-10.0,True,2026-07-14,2026-07,2026-07-13
ORD100433,2026-05-12 08:05:00,W1 - North,Truck,Home & Kitchen,8.23,3,18.91,-12.8,True,2026-05-12,2026-05,2026-05-11
ORD100434,2026-06-09 05:38:00,W1 - North,Bike,Home & Kitchen,12.71,4,11.57,-4.6,True,2026-06-09,2026-06,2026-06-08
ORD100435,2026-05-12 14:33:00,W2 - Central,Van,Grocery,10.38,1,16.51,-6.0,True,2026-05-12,2026-05,2026-05-11
ORD100436,2026-06-21 07:03:00,W1 - North,Van,Electronics,1.36,4,6.91,-6.9,True,2026-06-21,2026-06,2026-06-15
ORD100437,2026-07-23 15:48:00,W1 - North,Van,Electronics,33.78,8,37.61,31.4,False,2026-07-23,2026-07,2026-07-20
ORD100438,2026-05-08 22:26:00,W1 - North,Truck,Electronics,4.39,4,15.09,-21.3,True,2026-05-08,2026-05,2026-05-04
ORD100439,2026-06-05 19:54:00,W2 - Central,Bike,Personal Care,8.31,3,10.66,-24.2,True,2026-06-05,2026-06,2026-06-01
ORD100440,2026-07-27 22:45:00,W1 - North,Van,Personal Care,16.12,6,22.78,-12.4,True,2026-07-27,2026-07,2026-07-27
ORD100441,2026-05-28 00:35:00,W1 - North,Truck,Grocery,6.35,10,17.86,1.4,False,2026-05-28,2026-05,2026-05-25
ORD100442,2026-05-12 10:55:00,W1 - North,Bike,Home & Kitchen,14.21,4,14.39,0.7,False,2026-05-12,2026-05,2026-05-11
ORD100443,2026-06-13 05:17:00,W1 - North,Bike,Electronics,1.35,5,7.38,-23.4,True,2026-06-13,2026-06,2026-06-08
ORD100444,2026-06-15 22:01:00,W3 - South,Van,Grocery,21.84,3,22.74,7.6,False,2026-06-15,2026-06,2026-06-15
ORD100445,2026-06-29 17:05:00,W1 - North,Van,Apparel,13.4,7,19.42,-16.2,True,2026-06-29,2026-06,2026-06-29
ORD100446,2026-05-29 07:41:00,W2 - Central,Bike,Apparel,6.72,4,9.33,-14.9,True,2026-05-29,2026-05,2026-05-25
ORD100447,2026-07-26 13:31:00,W2 - Central,Van,Grocery,9.55,5,17.42,-11.0,True,2026-07-26,2026-07,2026-07-20
ORD100448,2026-06-16 14:31:00,W1 - North,Bike,Apparel,19.41,4,15.55,2.4,False,2026-06-16,2026-06,2026-06-15
ORD100449,2026-05-26 11:53:00,W3 - South,Bike,Grocery,24.68,4,16.27,19.2,False,2026-05-26,2026-05,2026-05-25
ORD100450,2026-07-26 11:23:00,W2 - Central,Van,Grocery,4.97,3,8.01,-4.1,True,2026-07-26,2026-07,2026-07-20
ORD100451,2026-07-23 01:19:00,W2 - Central,Van,Grocery,6.13,4,11.04,2.1,False,2026-07-23,2026-07,2026-07-20
ORD100452,2026-06-14 10:51:00,W1 - North,Van,Grocery,5.81,4,8.82,-11.1,True,2026-06-14,2026-06,2026-06-08
ORD100453,2026-05-03 08:21:00,W1 - North,Van,Apparel,5.26,3,8.69,-37.9,True,2026-05-03,2026-05,2026-04-27
ORD100454,2026-06-23 19:38:00,W3 - South,Bike,Grocery,17.83,6,15.07,19.2,False,2026-06-23,2026-06,2026-06-22
ORD100455,2026-06-19 20:45:00,W3 - South,Bike,Grocery,8.64,6,10.51,-23.3,True,2026-06-19,2026-06,2026-06-15
ORD100456,2026-05-14 18:00:00,W3 - South,Van,Grocery,17.81,5,22.73,2.3,False,2026-05-14,2026-05,2026-05-11
ORD100457,2026-06-27 00:44:00,W3 - South,Bike,Personal Care,9.51,3,8.64,-8.6,True,2026-06-27,2026-06,2026-06-22
ORD100458,2026-07-15 20:11:00,W1 - North,Van,Personal Care,7.05,7,9.99,-13.8,True,2026-07-15,2026-07,2026-07-13
ORD100459,2026-05-10 09:30:00,W3 - South,Bike,Grocery,5.2,5,6.4,-15.7,True,2026-05-10,2026-05,2026-05-04
ORD100460,2026-07-05 09:59:00,W2 - Central,Van,Personal Care,8.75,5,13.91,1.2,False,2026-07-05,2026-07,2026-06-29
ORD100461,2026-05-13 22:41:00,W3 - South,Bike,Apparel,1.9,9,8.91,-38.1,True,2026-05-13,2026-05,2026-05-11
ORD100462,2026-07-07 20:48:00,W1 - North,Bike,Personal Care,14.92,2,9.82,18.2,False,2026-07-07,2026-07,2026-07-06
ORD100463,2026-06-07 01:13:00,W1 - North,Van,Personal Care,26.26,3,30.56,30.2,False,2026-06-07,2026-06,2026-06-01
ORD100464,2026-05-01 08:38:00,W2 - Central,Bike,Electronics,5.42,8,12.08,-9.8,True,2026-05-01,2026-05,2026-04-27
ORD100465,2026-07-26 17:59:00,W3 - South,Truck,Home & Kitchen,10.5,5,22.47,10.5,False,2026-07-26,2026-07,2026-07-20
ORD100466,2026-05-15 12:55:00,W2 - Central,Van,Home & Kitchen,1.31,4,7.37,-31.0,True,2026-05-15,2026-05,2026-05-11
ORD100467,2026-06-23 06:10:00,W1 - North,Bike,Grocery,4.61,6,8.86,-13.6,True,2026-06-23,2026-06,2026-06-22
ORD100468,2026-05-17 12:35:00,W1 - North,Truck,Electronics,12.83,3,23.05,-6.2,True,2026-05-17,2026-05,2026-05-11
ORD100469,2026-07-23 20:47:00,W3 - South,Truck,Home & Kitchen,21.09,6,40.92,11.5,False,2026-07-23,2026-07,2026-07-20
ORD100470,2026-07-06 05:21:00,W2 - Central,Van,Home & Kitchen,5.93,7,14.02,-6.3,True,2026-07-06,2026-07,2026-07-06
ORD100471,2026-07-12 17:54:00,W2 - Central,Bike,Apparel,9.24,8,9.66,-17.1,True,2026-07-12,2026-07,2026-07-06
ORD100472,2026-06-08 17:38:00,W2 - Central,Truck,Personal Care,2.65,5,10.89,-30.9,True,2026-06-08,2026-06,2026-06-08
ORD100473,2026-06-12 21:15:00,W1 - North,Bike,Home & Kitchen,9.25,6,11.93,1.6,False,2026-06-12,2026-06,2026-06-08
ORD100474,2026-06-27 07:09:00,W2 - Central,Van,Apparel,13.11,3,15.96,5.0,False,2026-06-27,2026-06,2026-06-22
ORD100475,2026-07-10 05:10:00,W2 - Central,Van,Personal Care,7.89,5,16.35,10.0,False,2026-07-10,2026-07,2026-07-06
ORD100476,2026-07-16 13:08:00,W3 - South,Bike,Electronics,28.82,3,21.76,32.0,False,2026-07-16,2026-07,2026-07-13
ORD100477,2026-05-02 12:45:00,W3 - South,Van,Apparel,29.4,4,30.32,27.1,False,2026-05-02,2026-05,2026-04-27
ORD100478,2026-06-29 09:49:00,W3 - South,Van,Apparel,14.5,6,19.09,-7.4,True,2026-06-29,2026-06,2026-06-29
ORD100479,2026-05-10 18:42:00,W2 - Central,Van,Personal Care,0.5,4,5.81,-1.0,True,2026-05-10,2026-05,2026-05-04
ORD100480,2026-05-26 19:10:00,W2 - Central,Bike,Personal Care,10.4,6,11.05,16.5,False,2026-05-26,2026-05,2026-05-25
ORD100481,2026-07-14 05:53:00,W2 - Central,Van,Home & Kitchen,1.76,3,5.42,-23.8,True,2026-07-14,2026-07,2026-07-13
ORD100482,2026-05-23 19:05:00,W3 - South,Truck,Apparel,0.56,6,8.72,-10.3,True,2026-05-23,2026-05,2026-05-18
ORD100483,2026-07-11 05:32:00,W2 - Central,Bike,Home & Kitchen,0.8,4,9.22,-6.0,True,2026-07-11,2026-07,2026-07-06
ORD100484,2026-06-11 09:46:00,W2 - Central,Truck,Home & Kitchen,10.89,5,25.49,8.5,False,2026-06-11,2026-06,2026-06-08
ORD100485,2026-05-21 00:39:00,W2 - Central,Truck,Home & Kitchen,7.29,4,18.24,-9.0,True,2026-05-21,2026-05,2026-05-18
ORD100486,2026-05-31 08:10:00,W2 - Central,Van,Apparel,6.05,5,8.03,-10.6,True,2026-05-31,2026-05,2026-05-25
ORD100487,2026-06-17 23:00:00,W2 - Central,Bike,Electronics,7.78,3,6.14,-19.3,True,2026-06-17,2026-06,2026-06-15
ORD100488,2026-07-08 10:37:00,W1 - North,Van,Personal Care,1.15,5,9.07,-40.6,True,2026-07-08,2026-07,2026-07-06
ORD100489,2026-06-24 17:02:00,W2 - Central,Truck,Grocery,4.34,3,14.37,0.9,False,2026-06-24,2026-06,2026-06-22
ORD100490,2026-07-23 02:35:00,W2 - Central,Van,Electronics,3.03,7,11.11,-15.5,True,2026-07-23,2026-07,2026-07-20
ORD100491,2026-07-18 15:15:00,W1 - North,Bike,Personal Care,7.62,2,7.8,-22.2,True,2026-07-18,2026-07,2026-07-13
ORD100492,2026-07-07 08:55:00,W3 - South,Bike,Apparel,11.72,11,17.61,3.1,False,2026-07-07,2026-07,2026-07-06
ORD100493,2026-06-24 17:51:00,W2 - Central,Van,Grocery,7.55,5,14.05,-13.0,True,2026-06-24,2026-06,2026-06-22
ORD100494,2026-05-27 22:16:00,W1 - North,Bike,Electronics,11.14,8,15.21,-13.3,True,2026-05-27,2026-05,2026-05-25
ORD100495,2026-06-07 12:45:00,W3 - South,Van,Personal Care,1.83,5,5.27,-3.9,True,2026-06-07,2026-06,2026-06-01
ORD100496,2026-05-11 02:28:00,W2 - Central,Van,Electronics,4.39,4,10.15,-27.4,True,2026-05-11,2026-05,2026-05-11
ORD100497,2026-06-03 11:25:00,W2 - Central,Van,Personal Care,5.17,5,13.55,-11.1,True,2026-06-03,2026-06,2026-06-01
ORD100498,2026-07-23 02:57:00,W1 - North,Van,Grocery,2.29,3,8.04,-33.6,True,2026-07-23,2026-07,2026-07-20
ORD100499,2026-06-08 10:47:00,W3 - South,Bike,Apparel,3.1,4,8.77,-34.7,True,2026-06-08,2026-06,2026-06-08
ORD100500,2026-05-11 01:28:00,W1 - North,Truck,Apparel,1.08,6,8.81,-41.3,True,2026-05-11,2026-05,2026-05-11
ORD100501,2026-06-28 15:22:00,W2 - Central,Van,Grocery,1.34,7,9.0,-11.3,True,2026-06-28,2026-06,2026-06-22
ORD100502,2026-07-26 07:27:00,W1 - North,Bike,Electronics,12.28,7,15.54,-6.9,True,2026-07-26,2026-07,2026-07-20
ORD100503,2026-07-18 04:50:00,W2 - Central,Truck,Electronics,1.09,4,6.57,-9.4,True,2026-07-18,2026-07,2026-07-13
ORD100504,2026-05-25 00:24:00,W2 - Central,Bike,Grocery,1.3,3,4.75,-22.6,True,2026-05-25,2026-05,2026-05-25
ORD100505,2026-06-10 21:18:00,W2 - Central,Van,Electronics,5.54,9,12.89,-12.1,True,2026-06-10,2026-06,2026-06-08
ORD100506,2026-06-17 20:05:00,W2 - Central,Truck,Home & Kitchen,6.92,1,14.72,-20.9,True,2026-06-17,2026-06,2026-06-15
ORD100507,2026-05-23 19:28:00,W3 - South,Van,Home & Kitchen,10.09,8,14.46,8.5,False,2026-05-23,2026-05,2026-05-18
ORD100508,2026-05-25 01:23:00,W2 - Central,Bike,Electronics,2.05,7,9.75,-10.9,True,2026-05-25,2026-05,2026-05-25
ORD100509,2026-05-22 08:23:00,W1 - North,Bike,Apparel,2.11,3,6.04,-34.7,True,2026-05-22,2026-05,2026-05-18
ORD100510,2026-07-29 23:18:00,W3 - South,Bike,Electronics,10.86,5,12.86,-24.6,True,2026-07-29,2026-07,2026-07-27
ORD100511,2026-07-07 13:53:00,W2 - Central,Van,Personal Care,4.64,5,7.26,-31.2,True,2026-07-07,2026-07,2026-07-06
ORD100512,2026-07-15 03:05:00,W3 - South,Van,Apparel,7.56,5,14.21,-8.4,True,2026-07-15,2026-07,2026-07-13
ORD100513,2026-07-13 03:23:00,W3 - South,Bike,Grocery,17.87,6,17.46,9.9,False,2026-07-13,2026-07,2026-07-13
ORD100514,2026-07-26 06:18:00,W3 - South,Van,Grocery,8.82,8,16.46,2.6,False,2026-07-26,2026-07,2026-07-20
ORD100515,2026-05-10 23:20:00,W2 - Central,Van,Grocery,1.45,6,8.38,-13.5,True,2026-05-10,2026-05,2026-05-04
ORD100516,2026-07-19 04:04:00,W2 - Central,Bike,Apparel,3.8,3,8.37,-3.1,True,2026-07-19,2026-07,2026-07-13
ORD100517,2026-05-06 21:40:00,W1 - North,Bike,Apparel,9.96,5,13.06,-2.8,True,2026-05-06,2026-05,2026-05-04
ORD100518,2026-06-12 16:16:00,W2 - Central,Van,Home & Kitchen,4.21,5,10.86,-15.6,True,2026-06-12,2026-06,2026-06-08
ORD100519,2026-06-23 22:07:00,W2 - Central,Van,Grocery,7.38,6,14.27,-11.4,True,2026-06-23,2026-06,2026-06-22
ORD100520,2026-06-02 19:49:00,W2 - Central,Truck,Grocery,8.41,3,20.66,-17.4,True,2026-06-02,2026-06,2026-06-01
ORD100521,2026-05-14 07:58:00,W3 - South,Van,Electronics,8.84,4,14.56,-13.2,True,2026-05-14,2026-05,2026-05-11
ORD100522,2026-05-18 19:52:00,W1 - North,Van,Grocery,6.71,5,11.0,-13.2,True,2026-05-18,2026-05,2026-05-18
ORD100523,2026-07-14 04:03:00,W1 - North,Van,Electronics,5.34,4,12.34,-25.3,True,2026-07-14,2026-07,2026-07-13
ORD100524,2026-05-29 06:58:00,W2 - Central,Van,Home & Kitchen,7.49,4,12.08,-12.2,True,2026-05-29,2026-05,2026-05-25
ORD100525,2026-05-28 05:04:00,W2 - Central,Truck,Home & Kitchen,3.91,3,11.33,-19.1,True,2026-05-28,2026-05,2026-05-25
ORD100526,2026-07-23 03:11:00,W1 - North,Van,Electronics,9.32,8,16.38,-3.8,True,2026-07-23,2026-07,2026-07-20
ORD100527,2026-05-13 02:09:00,W1 - North,Van,Personal Care,7.91,8,16.48,-25.9,True,2026-05-13,2026-05,2026-05-11
ORD100528,2026-07-22 04:29:00,W3 - South,Van,Grocery,1.6,5,10.48,-39.9,True,2026-07-22,2026-07,2026-07-20
ORD100529,2026-07-22 02:52:00,W2 - Central,Van,Apparel,7.26,7,13.91,-17.4,True,2026-07-22,2026-07,2026-07-20
ORD100530,2026-06-23 09:07:00,W1 - North,Van,Electronics,7.39,5,15.38,-18.3,True,2026-06-23,2026-06,2026-06-22
ORD100531,2026-05-15 01:42:00,W1 - North,Truck,Grocery,15.31,5,30.18,0.9,False,2026-05-15,2026-05,2026-05-11
ORD100532,2026-05-15 01:28:00,W2 - Central,Bike,Grocery,1.79,4,8.84,-30.0,True,2026-05-15,2026-05,2026-05-11
ORD100533,2026-05-26 23:45:00,W1 - North,Van,Electronics,8.0,7,14.8,-6.0,True,2026-05-26,2026-05,2026-05-25
ORD100534,2026-06-21 02:06:00,W2 - Central,Van,Apparel,3.48,4,8.12,3.0,False,2026-06-21,2026-06,2026-06-15
ORD100535,2026-05-14 01:46:00,W3 - South,Van,Grocery,1.81,4,10.32,-26.6,True,2026-05-14,2026-05,2026-05-11
ORD100536,2026-06-11 00:43:00,W1 - North,Van,Apparel,0.83,7,7.52,-17.7,True,2026-06-11,2026-06,2026-06-08
ORD100537,2026-05-11 03:10:00,W2 - Central,Bike,Apparel,13.03,5,11.61,-6.5,True,2026-05-11,2026-05,2026-05-11
ORD100538,2026-06-18 12:40:00,W1 - North,Van,Home & Kitchen,8.02,7,12.63,-22.2,True,2026-06-18,2026-06,2026-06-15
ORD100539,2026-05-02 19:51:00,W1 - North,Bike,Home & Kitchen,5.75,2,9.29,-10.9,True,2026-05-02,2026-05,2026-04-27
ORD100540,2026-07-03 17:38:00,W3 - South,Truck,Apparel,2.41,5,12.44,-28.8,True,2026-07-03,2026-07,2026-06-29
ORD100541,2026-05-05 13:55:00,W2 - Central,Van,Apparel,12.53,2,15.91,-9.6,True,2026-05-05,2026-05,2026-05-04
ORD100542,2026-05-18 02:02:00,W3 - South,Truck,Electronics,5.56,7,14.73,-8.0,True,2026-05-18,2026-05,2026-05-18
ORD100543,2026-05-16 18:35:00,W1 - North,Van,Electronics,8.29,4,12.94,-6.4,True,2026-05-16,2026-05,2026-05-11
ORD100544,2026-07-14 00:53:00,W1 - North,Van,Personal Care,7.18,7,13.35,-9.4,True,2026-07-14,2026-07,2026-07-13
ORD100545,2026-05-05 15:08:00,W2 - Central,Bike,Electronics,16.46,4,12.05,1.4,False,2026-05-05,2026-05,2026-05-04
ORD100546,2026-06-08 09:49:00,W2 - Central,Van,Electronics,4.94,10,12.96,5.5,False,2026-06-08,2026-06,2026-06-08
ORD100547,2026-06-23 21:10:00,W3 - South,Bike,Personal Care,6.61,5,10.35,-21.8,True,2026-06-23,2026-06,2026-06-22
ORD100548,2026-06-16 07:22:00,W1 - North,Bike,Personal Care,8.11,10,12.38,-2.4,True,2026-06-16,2026-06,2026-06-15
ORD100549,2026-07-01 15:19:00,W3 - South,Van,Grocery,13.12,4,17.49,-14.1,True,2026-07-01,2026-07,2026-06-29
ORD100550,2026-07-12 10:33:00,W3 - South,Truck,Electronics,47.86,4,76.47,65.7,False,2026-07-12,2026-07,2026-07-06
ORD100551,2026-06-05 12:31:00,W2 - Central,Van,Grocery,4.88,4,12.56,-9.5,True,2026-06-05,2026-06,2026-06-01
ORD100552,2026-07-14 22:31:00,W1 - North,Bike,Grocery,2.32,6,7.6,-7.8,True,2026-07-14,2026-07,2026-07-13
ORD100553,2026-05-29 17:06:00,W2 - Central,Van,Grocery,3.78,7,12.22,-18.2,True,2026-05-29,2026-05,2026-05-25
ORD100554,2026-07-28 09:56:00,W1 - North,Van,Electronics,8.1,10,16.66,-9.8,True,2026-07-28,2026-07,2026-07-27
ORD100555,2026-06-15 10:44:00,W3 - South,Van,Apparel,13.76,4,18.2,-2.3,True,2026-06-15,2026-06,2026-06-15
ORD100556,2026-07-06 16:54:00,W2 - Central,Truck,Apparel,1.09,10,9.47,-29.7,True,2026-07-06,2026-07,2026-07-06
ORD100557,2026-07-18 08:18:00,W3 - South,Van,Grocery,6.86,7,12.39,-30.9,True,2026-07-18,2026-07,2026-07-13
ORD100558,2026-07-11 04:01:00,W2 - Central,Truck,Apparel,15.84,4,29.02,4.3,False,2026-07-11,2026-07,2026-07-06
ORD100559,2026-07-16 11:13:00,W2 - Central,Van,Home & Kitchen,2.33,4,7.92,-10.7,True,2026-07-16,2026-07,2026-07-13
ORD100560,2026-06-18 01:38:00,W2 - Central,Van,Grocery,9.07,5,16.2,9.7,False,2026-06-18,2026-06,2026-06-15
ORD100561,2026-05-04 04:04:00,W2 - Central,Van,Personal Care,3.88,8,12.25,-21.5,True,2026-05-04,2026-05,2026-05-04
ORD100562,2026-06-14 10:05:00,W3 - South,Van,Personal Care,10.19,2,12.01,-20.0,True,2026-06-14,2026-06,2026-06-08
ORD100563,2026-05-17 19:07:00,W1 - North,Truck,Grocery,1.66,4,8.56,-7.8,True,2026-05-17,2026-05,2026-05-11
ORD100564,2026-07-20 18:45:00,W3 - South,Van,Electronics,8.36,4,12.89,-23.0,True,2026-07-20,2026-07,2026-07-20
ORD100565,2026-05-22 06:15:00,W3 - South,Bike,Personal Care,12.04,9,14.0,-10.3,True,2026-05-22,2026-05,2026-05-18
ORD100566,2026-05-21 10:07:00,W3 - South,Bike,Apparel,9.84,4,10.48,-2.0,True,2026-05-21,2026-05,2026-05-18
ORD100567,2026-05-23 03:41:00,W2 - Central,Van,Electronics,4.39,5,11.37,4.0,False,2026-05-23,2026-05,2026-05-18
ORD100568,2026-06-27 18:07:00,W3 - South,Bike,Home & Kitchen,15.04,5,12.45,11.0,False,2026-06-27,2026-06,2026-06-22
ORD100569,2026-06-21 05:54:00,W1 - North,Truck,Grocery,2.11,5,9.2,-35.4,True,2026-06-21,2026-06,2026-06-15
ORD100570,2026-07-25 19:11:00,W2 - Central,Bike,Electronics,6.22,4,10.28,-16.3,True,2026-07-25,2026-07,2026-07-20
ORD100571,2026-06-07 20:12:00,W1 - North,Van,Apparel,0.75,4,7.24,-13.3,True,2026-06-07,2026-06,2026-06-01
ORD100572,2026-05-26 16:32:00,W1 - North,Bike,Electronics,14.41,3,13.96,-2.4,True,2026-05-26,2026-05,2026-05-25
ORD100573,2026-05-05 07:55:00,W2 - Central,Bike,Home & Kitchen,4.5,5,10.76,-21.5,True,2026-05-05,2026-05,2026-05-04
ORD100574,2026-05-01 22:52:00,W1 - North,Van,Grocery,11.56,6,14.88,-11.3,True,2026-05-01,2026-05,2026-04-27
ORD100575,2026-06-03 16:27:00,W1 - North,Bike,Home & Kitchen,0.5,7,8.37,-18.5,True,2026-06-03,2026-06,2026-06-01
ORD100576,2026-07-23 15:30:00,W3 - South,Van,Home & Kitchen,15.7,9,21.48,13.8,False,2026-07-23,2026-07,2026-07-20
ORD100577,2026-06-17 20:33:00,W1 - North,Bike,Grocery,3.6,5,6.38,-24.2,True,2026-06-17,2026-06,2026-06-15
ORD100578,2026-07-20 21:09:00,W2 - Central,Truck,Apparel,5.12,6,13.75,-18.7,True,2026-07-20,2026-07,2026-07-20
ORD100579,2026-05-10 01:51:00,W1 - North,Truck,Home & Kitchen,10.58,3,21.04,-8.0,True,2026-05-10,2026-05,2026-05-04
ORD100580,2026-05-09 21:09:00,W2 - Central,Bike,Home & Kitchen,4.77,5,8.29,5.2,False,2026-05-09,2026-05,2026-05-04
ORD100581,2026-07-15 18:21:00,W3 - South,Bike,Grocery,14.6,4,11.81,5.8,False,2026-07-15,2026-07,2026-07-13
ORD100582,2026-05-10 04:57:00,W1 - North,Bike,Grocery,5.24,8,10.73,-9.9,True,2026-05-10,2026-05,2026-05-04
ORD100583,2026-05-05 07:23:00,W2 - Central,Van,Electronics,11.38,2,18.04,-8.6,True,2026-05-05,2026-05,2026-05-04
ORD100584,2026-06-06 18:03:00,W3 - South,Van,Personal Care,8.98,5,11.54,0.8,False,2026-06-06,2026-06,2026-06-01
ORD100585,2026-07-23 05:11:00,W3 - South,Van,Home & Kitchen,9.12,5,15.96,-1.1,True,2026-07-23,2026-07,2026-07-20
ORD100586,2026-07-02 10:51:00,W1 - North,Van,Personal Care,6.16,5,11.71,-32.4,True,2026-07-02,2026-07,2026-06-29
ORD100587,2026-05-09 16:32:00,W2 - Central,Truck,Home & Kitchen,5.01,4,12.91,-9.4,True,2026-05-09,2026-05,2026-05-04
ORD100588,2026-07-15 15:36:00,W3 - South,Truck,Home & Kitchen,3.31,6,9.14,-15.5,True,2026-07-15,2026-07,2026-07-13
ORD100589,2026-07-15 21:50:00,W1 - North,Van,Apparel,3.02,4,9.61,-25.4,True,2026-07-15,2026-07,2026-07-13
ORD100590,2026-07-12 02:40:00,W3 - South,Van,Home & Kitchen,19.08,7,21.76,7.5,False,2026-07-12,2026-07,2026-07-06
ORD100591,2026-07-21 07:04:00,W1 - North,Bike,Home & Kitchen,11.55,7,14.34,-5.8,True,2026-07-21,2026-07,2026-07-20
ORD100592,2026-05-22 23:38:00,W3 - South,Van,Personal Care,16.59,6,23.81,2.7,False,2026-05-22,2026-05,2026-05-18
ORD100593,2026-07-28 13:39:00,W1 - North,Bike,Personal Care,9.13,10,11.84,-19.8,True,2026-07-28,2026-07,2026-07-27
ORD100594,2026-05-29 05:58:00,W1 - North,Truck,Home & Kitchen,4.49,2,13.32,-24.1,True,2026-05-29,2026-05,2026-05-25
ORD100595,2026-07-12 06:57:00,W3 - South,Van,Personal Care,6.19,8,13.6,-8.5,True,2026-07-12,2026-07,2026-07-06
ORD100596,2026-06-22 08:08:00,W3 - South,Van,Personal Care,9.72,6,12.22,-18.2,True,2026-06-22,2026-06,2026-06-22
ORD100597,2026-07-10 13:18:00,W3 - South,Van,Personal Care,21.07,4,22.01,-0.8,True,2026-07-10,2026-07,2026-07-06
ORD100598,2026-06-26 06:49:00,W3 - South,Van,Apparel,11.55,2,14.79,-18.3,True,2026-06-26,2026-06,2026-06-22
ORD100599,2026-06-27 14:55:00,W2 - Central,Van,Apparel,2.17,5,8.94,-20.6,True,2026-06-27,2026-06,2026-06-22
ORD100600,2026-06-25 10:41:00,W1 - North,Van,Personal Care,1.79,2,3.85,-22.4,True,2026-06-25,2026-06,2026-06-22
ORD100601,2026-07-10 14:38:00,W1 - North,Van,Home & Kitchen,11.8,4,15.97,-18.2,True,2026-07-10,2026-07,2026-07-06
ORD100602,2026-07-06 03:43:00,W2 - Central,Van,Home & Kitchen,12.75,2,16.77,0.5,False,2026-07-06,2026-07,2026-07-06
ORD100603,2026-05-13 14:57:00,W1 - North,Van,Apparel,1.38,7,10.37,-30.2,True,2026-05-13,2026-05,2026-05-11
ORD100604,2026-07-14 22:11:00,W3 - South,Bike,Electronics,18.09,5,14.34,-5.0,True,2026-07-14,2026-07,2026-07-13
ORD100605,2026-06-18 03:14:00,W1 - North,Van,Apparel,8.98,4,14.19,-2.4,True,2026-06-18,2026-06,2026-06-15
ORD100606,2026-05-30 07:51:00,W1 - North,Truck,Apparel,3.49,2,11.65,-20.9,True,2026-05-30,2026-05,2026-05-25
ORD100607,2026-06-16 16:38:00,W1 - North,Van,Home & Kitchen,7.77,4,13.79,-23.1,True,2026-06-16,2026-06,2026-06-15
ORD100608,2026-07-27 14:49:00,W1 - North,Van,Home & Kitchen,2.49,7,11.15,-31.6,True,2026-07-27,2026-07,2026-07-27
ORD100609,2026-07-17 16:11:00,W1 - North,Van,Home & Kitchen,5.65,3,10.27,-18.8,True,2026-07-17,2026-07,2026-07-13
ORD100610,2026-07-15 13:25:00,W2 - Central,Bike,Electronics,5.06,7,9.92,-4.3,True,2026-07-15,2026-07,2026-07-13
ORD100611,2026-06-11 16:22:00,W1 - North,Van,Electronics,15.07,4,19.12,8.3,False,2026-06-11,2026-06,2026-06-08
ORD100612,2026-07-10 14:37:00,W2 - Central,Van,Home & Kitchen,4.08,6,9.42,-16.0,True,2026-07-10,2026-07,2026-07-06
ORD100613,2026-06-04 01:46:00,W3 - South,Van,Apparel,5.74,7,14.24,-22.6,True,2026-06-04,2026-06,2026-06-01
ORD100614,2026-07-01 18:01:00,W2 - Central,Truck,Personal Care,6.38,4,13.37,-10.5,True,2026-07-01,2026-07,2026-06-29
ORD100615,2026-06-27 10:43:00,W2 - Central,Van,Home & Kitchen,7.43,4,11.46,-1.2,True,2026-06-27,2026-06,2026-06-22
ORD100616,2026-05-23 01:14:00,W1 - North,Van,Apparel,3.71,4,9.0,-24.7,True,2026-05-23,2026-05,2026-05-18
ORD100617,2026-05-24 09:49:00,W1 - North,Truck,Home & Kitchen,2.79,3,10.28,-7.1,True,2026-05-24,2026-05,2026-05-18
ORD100618,2026-05-06 10:26:00,W1 - North,Van,Grocery,3.01,7,11.24,-23.5,True,2026-05-06,2026-05,2026-05-04
ORD100619,2026-05-13 02:04:00,W3 - South,Van,Electronics,22.66,8,29.8,17.3,False,2026-05-13,2026-05,2026-05-11
ORD100620,2026-06-09 23:54:00,W2 - Central,Bike,Grocery,7.21,5,9.99,-5.5,True,2026-06-09,2026-06,2026-06-08
ORD100621,2026-06-13 05:20:00,W1 - North,Van,Electronics,5.17,6,10.41,-9.7,True,2026-06-13,2026-06,2026-06-08
ORD100622,2026-05-15 07:56:00,W2 - Central,Van,Apparel,10.11,4,14.28,-13.6,True,2026-05-15,2026-05,2026-05-11
ORD100623,2026-06-07 10:34:00,W3 - South,Van,Apparel,5.53,3,9.52,-17.2,True,2026-06-07,2026-06,2026-06-01
ORD100624,2026-06-24 19:58:00,W2 - Central,Van,Home & Kitchen,4.72,2,9.49,4.1,False,2026-06-24,2026-06,2026-06-22
ORD100625,2026-05-21 17:49:00,W2 - Central,Truck,Grocery,1.84,3,6.51,-6.8,True,2026-05-21,2026-05,2026-05-18
ORD100626,2026-05-31 18:30:00,W3 - South,Bike,Grocery,19.64,7,16.62,14.3,False,2026-05-31,2026-05,2026-05-25
ORD100627,2026-06-03 05:41:00,W2 - Central,Bike,Home & Kitchen,2.58,4,9.54,-22.2,True,2026-06-03,2026-06,2026-06-01
ORD100628,2026-06-15 20:17:00,W2 - Central,Van,Electronics,2.63,6,9.61,-37.2,True,2026-06-15,2026-06,2026-06-15
ORD100629,2026-06-02 19:54:00,W1 - North,Bike,Grocery,8.64,6,9.56,-18.3,True,2026-06-02,2026-06,2026-06-01
ORD100630,2026-07-06 11:07:00,W1 - North,Bike,Home & Kitchen,0.66,6,6.9,-29.6,True,2026-07-06,2026-07,2026-07-06
ORD100631,2026-05-30 13:05:00,W3 - South,Van,Home & Kitchen,2.97,6,6.27,-22.4,True,2026-05-30,2026-05,2026-05-25
ORD100632,2026-06-09 00:53:00,W2 - Central,Truck,Home & Kitchen,8.11,1,16.43,-13.0,True,2026-06-09,2026-06,2026-06-08
ORD100633,2026-06-04 18:15:00,W1 - North,Bike,Apparel,2.97,2,8.56,-22.2,True,2026-06-04,2026-06,2026-06-01
ORD100634,2026-05-17 23:03:00,W2 - Central,Bike,Grocery,19.9,2,12.22,10.4,False,2026-05-17,2026-05,2026-05-11
ORD100635,2026-07-01 11:20:00,W1 - North,Van,Home & Kitchen,7.49,3,9.48,-15.9,True,2026-07-01,2026-07,2026-06-29
ORD100636,2026-05-22 12:58:00,W3 - South,Van,Personal Care,1.91,5,7.15,-30.4,True,2026-05-22,2026-05,2026-05-18
ORD100637,2026-05-27 11:58:00,W1 - North,Bike,Grocery,17.56,2,14.29,-8.0,True,2026-05-27,2026-05,2026-05-25
ORD100638,2026-07-11 01:59:00,W3 - South,Bike,Home & Kitchen,11.22,5,14.3,10.4,False,2026-07-11,2026-07,2026-07-06
ORD100639,2026-07-25 14:52:00,W2 - Central,Van,Apparel,4.32,7,12.04,0.5,False,2026-07-25,2026-07,2026-07-20
ORD100640,2026-06-30 17:18:00,W1 - North,Van,Electronics,7.46,6,11.51,-23.1,True,2026-06-30,2026-06,2026-06-29
ORD100641,2026-07-22 22:16:00,W1 - North,Bike,Apparel,1.26,4,6.46,-24.7,True,2026-07-22,2026-07,2026-07-20
ORD100642,2026-07-16 22:18:00,W3 - South,Van,Apparel,9.67,6,18.0,-26.3,True,2026-07-16,2026-07,2026-07-13
ORD100643,2026-06-13 11:48:00,W1 - North,Van,Electronics,3.15,5,8.71,-24.0,True,2026-06-13,2026-06,2026-06-08
ORD100644,2026-07-09 23:00:00,W1 - North,Bike,Grocery,6.15,2,7.79,-9.8,True,2026-07-09,2026-07,2026-07-06
ORD100645,2026-05-30 12:41:00,W2 - Central,Van,Apparel,3.44,4,9.18,-7.1,True,2026-05-30,2026-05,2026-05-25
ORD100646,2026-06-11 15:24:00,W1 - North,Van,Electronics,7.19,5,10.29,-14.9,True,2026-06-11,2026-06,2026-06-08
ORD100647,2026-06-18 14:26:00,W1 - North,Van,Home & Kitchen,5.16,1,9.99,-15.5,True,2026-06-18,2026-06,2026-06-15
ORD100648,2026-07-26 23:58:00,W1 - North,Truck,Grocery,4.35,5,14.44,-10.2,True,2026-07-26,2026-07,2026-07-20
ORD100649,2026-07-16 17:42:00,W3 - South,Van,Apparel,4.29,4,6.56,-28.0,True,2026-07-16,2026-07,2026-07-13
ORD100650,2026-06-14 02:52:00,W1 - North,Bike,Personal Care,1.33,6,5.72,-12.2,True,2026-06-14,2026-06,2026-06-08
ORD100651,2026-06-28 01:43:00,W1 - North,Truck,Personal Care,1.04,7,7.84,-35.6,True,2026-06-28,2026-06,2026-06-22
ORD100652,2026-05-19 09:50:00,W1 - North,Bike,Personal Care,2.04,5,8.58,-33.1,True,2026-05-19,2026-05,2026-05-18
ORD100653,2026-07-12 12:22:00,W1 - North,Van,Grocery,10.26,4,13.49,-6.2,True,2026-07-12,2026-07,2026-07-06
ORD100654,2026-06-19 16:02:00,W1 - North,Van,Grocery,2.72,3,8.21,-22.5,True,2026-06-19,2026-06,2026-06-15
ORD100655,2026-06-17 11:33:00,W1 - North,Van,Apparel,3.79,8,11.25,-24.3,True,2026-06-17,2026-06,2026-06-15
ORD100656,2026-07-08 12:21:00,W1 - North,Bike,Grocery,3.82,5,8.39,-39.8,True,2026-07-08,2026-07,2026-07-06
ORD100657,2026-06-26 22:07:00,W1 - North,Truck,Apparel,4.64,5,14.34,-39.5,True,2026-06-26,2026-06,2026-06-22
ORD100658,2026-05-07 08:02:00,W3 - South,Bike,Apparel,13.61,4,12.67,-8.6,True,2026-05-07,2026-05,2026-05-04
ORD100659,2026-05-26 11:50:00,W1 - North,Van,Personal Care,5.12,9,13.23,-22.4,True,2026-05-26,2026-05,2026-05-25
ORD100660,2026-05-16 13:22:00,W1 - North,Van,Home & Kitchen,11.59,7,18.04,-8.6,True,2026-05-16,2026-05,2026-05-11
ORD100661,2026-07-06 11:14:00,W3 - South,Truck,Electronics,3.1,4,10.97,-37.6,True,2026-07-06,2026-07,2026-07-06
ORD100662,2026-05-04 23:14:00,W3 - South,Van,Apparel,16.17,2,18.13,-3.5,True,2026-05-04,2026-05,2026-05-04
ORD100663,2026-05-19 23:05:00,W2 - Central,Bike,Home & Kitchen,12.16,5,11.54,11.8,False,2026-05-19,2026-05,2026-05-18
ORD100664,2026-06-23 12:18:00,W1 - North,Van,Grocery,6.38,6,15.35,-16.9,True,2026-06-23,2026-06,2026-06-22
ORD100665,2026-07-02 10:48:00,W1 - North,Bike,Personal Care,2.54,8,8.82,-11.9,True,2026-07-02,2026-07,2026-06-29
ORD100666,2026-06-15 14:08:00,W1 - North,Bike,Electronics,9.2,8,14.65,-14.5,True,2026-06-15,2026-06,2026-06-15
ORD100667,2026-07-17 04:20:00,W1 - North,Van,Electronics,6.47,4,10.37,-15.5,True,2026-07-17,2026-07,2026-07-13
ORD100668,2026-07-22 10:13:00,W1 - North,Van,Electronics,8.1,4,14.0,-4.2,True,2026-07-22,2026-07,2026-07-20
ORD100669,2026-05-12 05:12:00,W2 - Central,Bike,Grocery,8.86,4,12.72,-8.4,True,2026-05-12,2026-05,2026-05-11
ORD100670,2026-07-25 03:27:00,W1 - North,Van,Home & Kitchen,4.82,4,9.49,-15.4,True,2026-07-25,2026-07,2026-07-20
ORD100671,2026-06-25 02:17:00,W2 - Central,Van,Grocery,3.18,7,9.4,-18.7,True,2026-06-25,2026-06,2026-06-22
ORD100672,2026-06-27 14:05:00,W1 - North,Van,Home & Kitchen,29.87,6,31.85,38.9,False,2026-06-27,2026-06,2026-06-22
ORD100673,2026-05-09 00:00:00,W1 - North,Van,Electronics,9.28,5,14.36,1.8,False,2026-05-09,2026-05,2026-05-04
ORD100674,2026-06-25 15:30:00,W3 - South,Bike,Apparel,19.83,7,17.45,9.4,False,2026-06-25,2026-06,2026-06-22
ORD100675,2026-07-05 10:22:00,W3 - South,Van,Apparel,17.04,3,19.72,2.7,False,2026-07-05,2026-07,2026-06-29
ORD100676,2026-06-22 08:47:00,W1 - North,Van,Grocery,13.33,8,19.0,-16.8,True,2026-06-22,2026-06,2026-06-22
ORD100677,2026-05-08 18:27:00,W2 - Central,Truck,Home & Kitchen,6.22,6,19.55,-10.8,True,2026-05-08,2026-05,2026-05-04
ORD100678,2026-06-17 12:55:00,W1 - North,Van,Personal Care,12.27,5,16.63,-9.4,True,2026-06-17,2026-06,2026-06-15
ORD100679,2026-07-24 17:36:00,W1 - North,Van,Electronics,3.81,4,8.21,-22.4,True,2026-07-24,2026-07,2026-07-20
ORD100680,2026-07-05 17:01:00,W2 - Central,Bike,Personal Care,0.97,2,6.4,-15.5,True,2026-07-05,2026-07,2026-06-29
ORD100681,2026-05-13 00:46:00,W1 - North,Truck,Apparel,3.04,1,10.02,-14.3,True,2026-05-13,2026-05,2026-05-11
ORD100682,2026-07-26 05:10:00,W2 - Central,Bike,Apparel,4.34,4,10.05,-14.8,True,2026-07-26,2026-07,2026-07-20
ORD100683,2026-07-26 13:40:00,W2 - Central,Bike,Electronics,3.91,2,9.42,-25.1,True,2026-07-26,2026-07,2026-07-20
ORD100684,2026-05-16 23:24:00,W1 - North,Van,Apparel,6.5,3,11.34,-23.5,True,2026-05-16,2026-05,2026-05-11
ORD100685,2026-07-12 03:42:00,W1 - North,Van,Apparel,3.63,4,8.55,-23.6,True,2026-07-12,2026-07,2026-07-06
ORD100686,2026-06-06 02:32:00,W1 - North,Truck,Apparel,0.78,3,3.64,-14.4,True,2026-06-06,2026-06,2026-06-01
ORD100687,2026-06-23 22:35:00,W3 - South,Truck,Home & Kitchen,7.07,10,18.91,-27.2,True,2026-06-23,2026-06,2026-06-22
ORD100688,2026-06-10 23:12:00,W2 - Central,Bike,Grocery,1.37,1,5.05,-34.1,True,2026-06-10,2026-06,2026-06-08
ORD100689,2026-07-10 04:01:00,W1 - North,Van,Grocery,6.29,6,10.68,-14.5,True,2026-07-10,2026-07,2026-07-06
ORD100690,2026-07-29 09:38:00,W1 - North,Van,Grocery,8.58,5,11.41,-7.1,True,2026-07-29,2026-07,2026-07-27
ORD100691,2026-07-11 15:02:00,W2 - Central,Van,Grocery,3.48,5,9.56,-23.3,True,2026-07-11,2026-07,2026-07-06
ORD100692,2026-07-23 04:41:00,W1 - North,Truck,Personal Care,2.4,5,11.34,-42.4,True,2026-07-23,2026-07,2026-07-20
ORD100693,2026-07-25 07:49:00,W2 - Central,Bike,Electronics,5.06,4,7.89,-14.3,True,2026-07-25,2026-07,2026-07-20
ORD100694,2026-05-09 09:29:00,W2 - Central,Van,Personal Care,23.19,5,27.56,34.0,False,2026-05-09,2026-05,2026-05-04
ORD100695,2026-05-23 15:23:00,W2 - Central,Van,Apparel,6.96,4,12.74,-2.3,True,2026-05-23,2026-05,2026-05-18
ORD100696,2026-07-04 07:23:00,W1 - North,Van,Home & Kitchen,9.76,7,17.72,-10.6,True,2026-07-04,2026-07,2026-06-29
ORD100697,2026-06-23 09:53:00,W1 - North,Van,Home & Kitchen,4.27,4,12.79,-17.0,True,2026-06-23,2026-06,2026-06-22
ORD100698,2026-05-05 06:56:00,W1 - North,Bike,Electronics,3.24,6,12.54,-22.9,True,2026-05-05,2026-05,2026-05-04
ORD100699,2026-05-09 18:13:00,W2 - Central,Bike,Apparel,10.01,8,14.08,4.5,False,2026-05-09,2026-05,2026-05-04
ORD100700,2026-06-16 03:40:00,W3 - South,Van,Home & Kitchen,0.71,7,7.61,-44.6,True,2026-06-16,2026-06,2026-06-15
ORD100701,2026-06-25 05:32:00,W1 - North,Bike,Grocery,3.53,4,7.64,-32.0,True,2026-06-25,2026-06,2026-06-22
ORD100702,2026-05-16 05:59:00,W2 - Central,Truck,Personal Care,13.98,3,29.05,26.6,False,2026-05-16,2026-05,2026-05-11
ORD100703,2026-05-16 21:44:00,W2 - Central,Van,Electronics,4.51,5,8.99,-10.5,True,2026-05-16,2026-05,2026-05-11
ORD100704,2026-05-12 22:40:00,W1 - North,Van,Apparel,1.47,6,10.52,-36.0,True,2026-05-12,2026-05,2026-05-11
ORD100705,2026-06-20 12:00:00,W1 - North,Van,Home & Kitchen,8.75,5,13.69,-10.8,True,2026-06-20,2026-06,2026-06-15
ORD100706,2026-05-01 03:45:00,W1 - North,Van,Apparel,4.67,7,12.01,-19.5,True,2026-05-01,2026-05,2026-04-27
ORD100707,2026-06-21 18:08:00,W2 - Central,Van,Apparel,0.86,6,6.62,-5.6,True,2026-06-21,2026-06,2026-06-15
ORD100708,2026-06-12 11:48:00,W2 - Central,Bike,Apparel,5.72,6,7.79,-5.7,True,2026-06-12,2026-06,2026-06-08
ORD100709,2026-06-11 20:23:00,W2 - Central,Van,Grocery,5.12,7,11.63,-17.8,True,2026-06-11,2026-06,2026-06-08
ORD100710,2026-07-01 08:38:00,W3 - South,Van,Apparel,9.81,4,16.19,-3.7,True,2026-07-01,2026-07,2026-06-29
ORD100711,2026-06-17 23:58:00,W2 - Central,Truck,Electronics,6.89,4,15.39,-3.4,True,2026-06-17,2026-06,2026-06-15
ORD100712,2026-07-05 19:22:00,W3 - South,Van,Electronics,3.38,3,10.59,-25.2,True,2026-07-05,2026-07,2026-06-29
ORD100713,2026-07-08 05:22:00,W2 - Central,Bike,Home & Kitchen,6.13,6,9.11,-11.7,True,2026-07-08,2026-07,2026-07-06
ORD100714,2026-07-22 17:24:00,W3 - South,Bike,Apparel,10.78,5,9.94,-7.1,True,2026-07-22,2026-07,2026-07-20
ORD100715,2026-07-11 06:53:00,W3 - South,Bike,Home & Kitchen,19.75,4,15.51,20.4,False,2026-07-11,2026-07,2026-07-06
ORD100716,2026-06-16 08:23:00,W2 - Central,Bike,Personal Care,2.62,4,8.14,-32.5,True,2026-06-16,2026-06,2026-06-15
ORD100717,2026-06-14 06:00:00,W3 - South,Bike,Apparel,22.09,5,17.11,16.6,False,2026-06-14,2026-06,2026-06-08
ORD100718,2026-05-22 16:22:00,W3 - South,Bike,Apparel,16.84,7,15.8,0.3,False,2026-05-22,2026-05,2026-05-18
ORD100719,2026-06-23 06:18:00,W2 - Central,Van,Electronics,4.37,4,12.02,-20.6,True,2026-06-23,2026-06,2026-06-22
ORD100720,2026-05-13 15:19:00,W2 - Central,Van,Personal Care,4.9,1,8.41,-22.1,True,2026-05-13,2026-05,2026-05-11
ORD100721,2026-07-23 13:58:00,W2 - Central,Van,Home & Kitchen,0.5,5,6.22,-12.6,True,2026-07-23,2026-07,2026-07-20
ORD100722,2026-07-16 18:01:00,W3 - South,Van,Grocery,9.6,4,12.36,-10.7,True,2026-07-16,2026-07,2026-07-13
ORD100723,2026-05-11 23:50:00,W2 - Central,Van,Personal Care,8.03,9,17.63,14.4,False,2026-05-11,2026-05,2026-05-11
ORD100724,2026-07-10 00:12:00,W3 - South,Van,Personal Care,7.75,5,12.45,-23.4,True,2026-07-10,2026-07,2026-07-06
ORD100725,2026-05-11 23:46:00,W3 - South,Van,Personal Care,19.72,4,22.17,4.9,False,2026-05-11,2026-05,2026-05-11
ORD100726,2026-07-04 02:37:00,W3 - South,Van,Apparel,13.29,2,17.58,-0.4,True,2026-07-04,2026-07,2026-06-29
ORD100727,2026-05-08 12:38:00,W1 - North,Van,Home & Kitchen,22.35,7,29.78,21.1,False,2026-05-08,2026-05,2026-05-04
ORD100728,2026-06-13 08:10:00,W2 - Central,Bike,Personal Care,2.78,6,8.78,2.3,False,2026-06-13,2026-06,2026-06-08
ORD100729,2026-06-29 15:20:00,W2 - Central,Bike,Grocery,7.51,6,10.4,-7.1,True,2026-06-29,2026-06,2026-06-29
ORD100730,2026-07-05 17:19:00,W3 - South,Bike,Grocery,2.81,8,9.61,-28.1,True,2026-07-05,2026-07,2026-06-29
ORD100731,2026-06-07 20:38:00,W3 - South,Van,Personal Care,8.31,4,12.28,-17.4,True,2026-06-07,2026-06,2026-06-01
ORD100732,2026-07-22 09:38:00,W2 - Central,Truck,Home & Kitchen,6.92,5,16.55,-8.6,True,2026-07-22,2026-07,2026-07-20
ORD100733,2026-07-09 22:23:00,W2 - Central,Bike,Grocery,7.83,6,10.24,2.8,False,2026-07-09,2026-07,2026-07-06
ORD100734,2026-05-19 07:44:00,W1 - North,Van,Home & Kitchen,4.86,7,13.19,-33.2,True,2026-05-19,2026-05,2026-05-18
ORD100735,2026-06-30 04:53:00,W3 - South,Truck,Apparel,21.15,6,39.33,-2.5,True,2026-06-30,2026-06,2026-06-29
ORD100736,2026-07-05 09:05:00,W1 - North,Van,Apparel,16.14,4,21.66,12.7,False,2026-07-05,2026-07,2026-06-29
ORD100737,2026-05-31 12:41:00,W2 - Central,Bike,Grocery,2.8,3,6.44,-23.9,True,2026-05-31,2026-05,2026-05-25
ORD100738,2026-07-06 16:02:00,W3 - South,Bike,Personal Care,8.51,2,8.13,-29.4,True,2026-07-06,2026-07,2026-07-06
ORD100739,2026-07-20 19:59:00,W2 - Central,Van,Personal Care,3.92,4,11.15,-6.1,True,2026-07-20,2026-07,2026-07-20
ORD100740,2026-07-13 05:23:00,W1 - North,Bike,Apparel,4.26,2,6.73,-27.3,True,2026-07-13,2026-07,2026-07-13
ORD100741,2026-07-08 07:16:00,W1 - North,Van,Grocery,15.49,6,20.07,-3.5,True,2026-07-08,2026-07,2026-07-06
ORD100742,2026-06-27 22:31:00,W3 - South,Van,Electronics,23.06,5,26.15,30.1,False,2026-06-27,2026-06,2026-06-22
ORD100743,2026-05-25 10:33:00,W2 - Central,Van,Home & Kitchen,4.02,5,12.12,-24.9,True,2026-05-25,2026-05,2026-05-25
ORD100744,2026-07-11 05:47:00,W1 - North,Van,Personal Care,9.98,9,17.84,-13.2,True,2026-07-11,2026-07,2026-07-06
ORD100745,2026-06-02 23:39:00,W2 - Central,Van,Personal Care,9.78,4,16.09,9.4,False,2026-06-02,2026-06,2026-06-01
ORD100746,2026-06-17 10:46:00,W1 - North,Bike,Home & Kitchen,7.7,4,9.15,-15.1,True,2026-06-17,2026-06,2026-06-15
ORD100747,2026-05-29 23:38:00,W3 - South,Van,Grocery,7.58,6,15.18,-11.7,True,2026-05-29,2026-05,2026-05-25
ORD100748,2026-05-29 22:03:00,W1 - North,Van,Apparel,3.52,2,8.05,-29.5,True,2026-05-29,2026-05,2026-05-25
ORD100749,2026-05-15 21:44:00,W1 - North,Bike,Grocery,10.64,5,12.8,-11.7,True,2026-05-15,2026-05,2026-05-11
ORD100750,2026-07-26 13:57:00,W1 - North,Van,Apparel,2.03,5,9.68,-26.5,True,2026-07-26,2026-07,2026-07-20
ORD100751,2026-05-14 19:09:00,W2 - Central,Van,Electronics,3.87,8,10.18,-10.4,True,2026-05-14,2026-05,2026-05-11
ORD100752,2026-05-08 23:03:00,W2 - Central,Bike,Grocery,3.37,5,8.18,-9.1,True,2026-05-08,2026-05,2026-05-04
ORD100753,2026-07-24 06:27:00,W2 - Central,Truck,Electronics,1.43,6,10.73,-17.7,True,2026-07-24,2026-07,2026-07-20
ORD100754,2026-06-19 00:54:00,W2 - Central,Van,Grocery,4.51,6,12.61,-4.1,True,2026-06-19,2026-06,2026-06-15
ORD100755,2026-06-09 07:42:00,W1 - North,Van,Home & Kitchen,5.58,4,12.52,-15.2,True,2026-06-09,2026-06,2026-06-08
ORD100756,2026-07-06 15:17:00,W1 - North,Bike,Electronics,2.92,4,7.42,-35.7,True,2026-07-06,2026-07,2026-07-06
ORD100757,2026-06-04 13:08:00,W1 - North,Truck,Electronics,15.1,7,33.12,-2.0,True,2026-06-04,2026-06,2026-06-01
ORD100758,2026-05-12 01:56:00,W3 - South,Van,Electronics,16.03,3,17.94,-8.2,True,2026-05-12,2026-05,2026-05-11
ORD100759,2026-07-05 13:27:00,W1 - North,Van,Apparel,6.61,2,8.08,-7.1,True,2026-07-05,2026-07,2026-06-29
ORD100760,2026-05-16 04:11:00,W3 - South,Van,Grocery,17.72,3,19.95,10.2,False,2026-05-16,2026-05,2026-05-11
ORD100761,2026-06-19 12:07:00,W1 - North,Bike,Home & Kitchen,13.72,5,14.71,-3.8,True,2026-06-19,2026-06,2026-06-15
ORD100762,2026-07-25 13:49:00,W1 - North,Truck,Home & Kitchen,15.55,2,26.87,12.3,False,2026-07-25,2026-07,2026-07-20
ORD100763,2026-07-24 15:16:00,W1 - North,Bike,Grocery,3.69,4,5.42,-41.6,True,2026-07-24,2026-07,2026-07-20
ORD100764,2026-06-02 09:54:00,W1 - North,Van,Grocery,11.81,5,13.96,-14.0,True,2026-06-02,2026-06,2026-06-01
ORD100765,2026-07-10 09:47:00,W3 - South,Bike,Grocery,8.39,8,13.33,-19.3,True,2026-07-10,2026-07,2026-07-06
ORD100766,2026-06-25 16:17:00,W2 - Central,Bike,Home & Kitchen,5.63,8,8.76,-7.6,True,2026-06-25,2026-06,2026-06-22
ORD100767,2026-06-13 17:58:00,W1 - North,Van,Grocery,3.84,5,10.59,-11.7,True,2026-06-13,2026-06,2026-06-08
ORD100768,2026-05-13 19:23:00,W2 - Central,Bike,Apparel,4.79,4,7.65,-14.7,True,2026-05-13,2026-05,2026-05-11
ORD100769,2026-06-03 08:00:00,W2 - Central,Van,Apparel,8.94,4,12.35,-18.6,True,2026-06-03,2026-06,2026-06-01
ORD100770,2026-06-28 10:10:00,W3 - South,Van,Apparel,27.25,5,28.17,29.4,False,2026-06-28,2026-06,2026-06-22
ORD100771,2026-07-28 07:56:00,W3 - South,Bike,Grocery,8.89,2,9.17,-17.3,True,2026-07-28,2026-07,2026-07-27
ORD100772,2026-05-01 12:39:00,W2 - Central,Van,Home & Kitchen,2.25,9,9.68,-28.7,True,2026-05-01,2026-05,2026-04-27
ORD100773,2026-07-04 03:03:00,W3 - South,Truck,Personal Care,29.9,7,53.44,29.7,False,2026-07-04,2026-07,2026-06-29
ORD100774,2026-07-16 10:19:00,W3 - South,Van,Electronics,5.35,6,12.25,-18.7,True,2026-07-16,2026-07,2026-07-13
ORD100775,2026-07-25 04:31:00,W2 - Central,Van,Apparel,0.99,4,7.66,-0.0,True,2026-07-25,2026-07,2026-07-20
ORD100776,2026-06-08 12:46:00,W2 - Central,Van,Electronics,3.08,5,10.52,-27.0,True,2026-06-08,2026-06,2026-06-08
ORD100777,2026-05-11 20:24:00,W1 - North,Van,Grocery,0.6,9,9.66,-19.5,True,2026-05-11,2026-05,2026-05-11
ORD100778,2026-05-25 23:38:00,W2 - Central,Van,Home & Kitchen,9.96,7,14.59,-12.2,True,2026-05-25,2026-05,2026-05-25
ORD100779,2026-07-16 10:42:00,W3 - South,Bike,Grocery,5.05,4,8.96,-35.6,True,2026-07-16,2026-07,2026-07-13
ORD100780,2026-07-19 01:21:00,W1 - North,Van,Home & Kitchen,2.35,5,9.48,-30.4,True,2026-07-19,2026-07,2026-07-13
ORD100781,2026-06-27 05:28:00,W3 - South,Van,Electronics,10.51,5,15.16,-0.6,True,2026-06-27,2026-06,2026-06-22
ORD100782,2026-05-12 02:30:00,W3 - South,Bike,Grocery,27.26,5,18.81,20.0,False,2026-05-12,2026-05,2026-05-11
ORD100783,2026-05-11 18:13:00,W1 - North,Van,Grocery,8.98,4,17.24,-17.6,True,2026-05-11,2026-05,2026-05-11
ORD100784,2026-06-13 23:37:00,W2 - Central,Bike,Home & Kitchen,1.5,2,3.46,-11.4,True,2026-06-13,2026-06,2026-06-08
ORD100785,2026-06-22 13:17:00,W3 - South,Van,Apparel,36.72,4,37.85,36.3,False,2026-06-22,2026-06,2026-06-22
ORD100786,2026-05-03 04:14:00,W3 - South,Van,Grocery,12.37,5,18.58,-1.5,True,2026-05-03,2026-05,2026-04-27
ORD100787,2026-07-01 00:30:00,W1 - North,Bike,Grocery,12.4,4,11.18,-11.0,True,2026-07-01,2026-07,2026-06-29
ORD100788,2026-06-19 23:25:00,W1 - North,Bike,Personal Care,1.6,2,5.2,-39.6,True,2026-06-19,2026-06,2026-06-15
ORD100789,2026-05-02 07:35:00,W2 - Central,Bike,Electronics,16.4,5,13.56,30.4,False,2026-05-02,2026-05,2026-04-27
ORD100790,2026-05-09 02:41:00,W1 - North,Van,Personal Care,4.78,3,9.37,-3.9,True,2026-05-09,2026-05,2026-05-04
ORD100791,2026-06-10 04:14:00,W1 - North,Van,Personal Care,1.46,3,7.89,-15.5,True,2026-06-10,2026-06,2026-06-08
ORD100792,2026-07-05 06:07:00,W1 - North,Bike,Apparel,7.63,5,9.77,-14.4,True,2026-07-05,2026-07,2026-06-29
ORD100793,2026-07-14 15:44:00,W1 - North,Bike,Grocery,12.39,7,18.16,-12.0,True,2026-07-14,2026-07,2026-07-13
ORD100794,2026-06-08 21:24:00,W2 - Central,Bike,Apparel,7.46,10,12.31,-8.6,True,2026-06-08,2026-06,2026-06-08
ORD100795,2026-05-27 06:36:00,W2 - Central,Bike,Apparel,7.37,4,11.41,-0.1,True,2026-05-27,2026-05,2026-05-25
ORD100796,2026-07-27 16:29:00,W2 - Central,Bike,Grocery,7.0,7,11.79,-8.1,True,2026-07-27,2026-07,2026-07-27
ORD100797,2026-06-11 01:33:00,W3 - South,Van,Electronics,10.7,4,15.16,-18.4,True,2026-06-11,2026-06,2026-06-08
ORD100798,2026-05-29 00:14:00,W1 - North,Bike,Electronics,1.59,9,11.85,-21.5,True,2026-05-29,2026-05,2026-05-25
ORD100799,2026-06-09 01:19:00,W1 - North,Van,Grocery,5.53,5,8.8,-27.1,True,2026-06-09,2026-06,2026-06-08
ORD100800,2026-05-02 22:09:00,W1 - North,Van,Personal Care,4.96,5,11.35,-26.8,True,2026-05-02,2026-05,2026-04-27
ORD100801,2026-05-28 13:57:00,W1 - North,Bike,Electronics,15.6,10,15.72,3.8,False,2026-05-28,2026-05,2026-05-25
ORD100802,2026-06-16 19:19:00,W1 - North,Van,Electronics,13.29,7,18.35,-8.8,True,2026-06-16,2026-06,2026-06-15
ORD100803,2026-07-22 00:31:00,W1 - North,Van,Electronics,4.46,7,10.77,-21.1,True,2026-07-22,2026-07,2026-07-20
ORD100804,2026-07-06 00:32:00,W1 - North,Truck,Electronics,11.1,8,23.83,-31.7,True,2026-07-06,2026-07,2026-07-06
ORD100805,2026-07-10 20:22:00,W1 - North,Bike,Personal Care,6.15,7,8.1,-25.7,True,2026-07-10,2026-07,2026-07-06
ORD100806,2026-06-19 02:27:00,W2 - Central,Van,Home & Kitchen,1.0,5,7.93,-21.5,True,2026-06-19,2026-06,2026-06-15
ORD100807,2026-05-10 03:43:00,W2 - Central,Truck,Grocery,0.5,5,7.17,-28.7,True,2026-05-10,2026-05,2026-05-04
ORD100808,2026-06-05 12:27:00,W3 - South,Van,Apparel,15.31,4,18.46,-18.1,True,2026-06-05,2026-06,2026-06-01
ORD100809,2026-07-29 14:33:00,W3 - South,Bike,Personal Care,3.95,7,10.68,-23.5,True,2026-07-29,2026-07,2026-07-27
ORD100810,2026-05-04 05:29:00,W2 - Central,Van,Home & Kitchen,1.97,4,8.25,-13.7,True,2026-05-04,2026-05,2026-05-04
ORD100811,2026-07-19 10:40:00,W1 - North,Van,Personal Care,3.65,4,8.6,-25.9,True,2026-07-19,2026-07,2026-07-13
ORD100812,2026-07-01 16:11:00,W2 - Central,Van,Grocery,7.77,4,17.08,-11.4,True,2026-07-01,2026-07,2026-06-29
ORD100813,2026-05-26 10:37:00,W1 - North,Van,Personal Care,13.42,1,17.03,-10.9,True,2026-05-26,2026-05,2026-05-25
ORD100814,2026-07-10 09:11:00,W2 - Central,Van,Home & Kitchen,9.92,5,18.6,-18.2,True,2026-07-10,2026-07,2026-07-06
ORD100815,2026-07-15 01:43:00,W1 - North,Van,Personal Care,1.17,4,6.27,-18.9,True,2026-07-15,2026-07,2026-07-13
ORD100816,2026-05-04 10:50:00,W2 - Central,Bike,Apparel,2.64,5,8.11,-19.6,True,2026-05-04,2026-05,2026-05-04
ORD100817,2026-05-10 19:15:00,W1 - North,Van,Grocery,3.05,2,5.44,-22.2,True,2026-05-10,2026-05,2026-05-04
ORD100818,2026-06-29 15:02:00,W2 - Central,Van,Home & Kitchen,7.77,4,12.01,-5.7,True,2026-06-29,2026-06,2026-06-29
ORD100819,2026-07-29 21:25:00,W3 - South,Truck,Home & Kitchen,5.35,2,12.01,-39.3,True,2026-07-29,2026-07,2026-07-27
ORD100820,2026-05-03 03:01:00,W2 - Central,Bike,Home & Kitchen,4.36,6,13.63,1.4,False,2026-05-03,2026-05,2026-04-27
ORD100821,2026-06-29 00:15:00,W2 - Central,Truck,Electronics,8.26,6,18.69,2.9,False,2026-06-29,2026-06,2026-06-29
ORD100822,2026-05-13 13:09:00,W2 - Central,Van,Personal Care,5.02,4,9.82,-13.0,True,2026-05-13,2026-05,2026-05-11
ORD100823,2026-06-28 04:17:00,W1 - North,Van,Home & Kitchen,8.22,3,10.11,-5.8,True,2026-06-28,2026-06,2026-06-22
ORD100824,2026-06-26 14:15:00,W2 - Central,Bike,Electronics,4.24,10,12.28,-13.9,True,2026-06-26,2026-06,2026-06-22
ORD100825,2026-05-09 21:41:00,W2 - Central,Bike,Grocery,9.37,4,8.93,8.8,False,2026-05-09,2026-05,2026-05-04
ORD100826,2026-07-01 08:05:00,W1 - North,Van,Grocery,13.34,6,19.82,-12.3,True,2026-07-01,2026-07,2026-06-29
ORD100827,2026-07-20 13:11:00,W1 - North,Truck,Electronics,9.33,4,17.5,-14.4,True,2026-07-20,2026-07,2026-07-20
ORD100828,2026-07-17 16:21:00,W3 - South,Bike,Apparel,20.07,5,15.7,5.4,False,2026-07-17,2026-07,2026-07-13
ORD100829,2026-05-03 03:36:00,W2 - Central,Bike,Home & Kitchen,22.26,2,12.34,23.5,False,2026-05-03,2026-05,2026-04-27
ORD100830,2026-05-23 21:32:00,W2 - Central,Van,Grocery,8.16,8,14.5,11.5,False,2026-05-23,2026-05,2026-05-18
ORD100831,2026-05-22 04:52:00,W2 - Central,Bike,Apparel,4.73,10,11.28,9.7,False,2026-05-22,2026-05,2026-05-18
ORD100832,2026-06-10 19:23:00,W1 - North,Van,Apparel,8.36,5,12.71,-16.1,True,2026-06-10,2026-06,2026-06-08
ORD100833,2026-05-13 15:50:00,W2 - Central,Truck,Grocery,10.72,3,20.95,-0.0,True,2026-05-13,2026-05,2026-05-11
ORD100834,2026-07-16 03:22:00,W1 - North,Van,Apparel,4.74,2,10.18,-31.6,True,2026-07-16,2026-07,2026-07-13
ORD100835,2026-07-09 17:23:00,W2 - Central,Van,Personal Care,3.33,2,10.79,-9.8,True,2026-07-09,2026-07,2026-07-06
ORD100836,2026-07-12 04:42:00,W2 - Central,Van,Grocery,6.19,7,13.47,-7.3,True,2026-07-12,2026-07,2026-07-06
ORD100837,2026-05-18 14:23:00,W1 - North,Bike,Personal Care,6.22,10,11.12,13.1,False,2026-05-18,2026-05,2026-05-18
ORD100838,2026-05-02 23:01:00,W3 - South,Truck,Apparel,4.54,6,14.13,-31.6,True,2026-05-02,2026-05,2026-04-27
ORD100839,2026-07-21 22:52:00,W1 - North,Truck,Electronics,7.37,4,16.64,1.5,False,2026-07-21,2026-07,2026-07-20
ORD100840,2026-05-27 20:54:00,W2 - Central,Bike,Home & Kitchen,12.19,6,14.13,9.9,False,2026-05-27,2026-05,2026-05-25
ORD100841,2026-06-29 11:51:00,W2 - Central,Truck,Apparel,6.84,4,16.79,-20.9,True,2026-06-29,2026-06,2026-06-29
ORD100842,2026-07-21 13:25:00,W2 - Central,Bike,Apparel,1.88,5,5.01,1.5,False,2026-07-21,2026-07,2026-07-20
ORD100843,2026-05-04 07:12:00,W2 - Central,Van,Apparel,7.61,8,16.41,-14.5,True,2026-05-04,2026-05,2026-05-04
ORD100844,2026-05-01 22:06:00,W3 - South,Bike,Home & Kitchen,7.95,6,12.27,-19.9,True,2026-05-01,2026-05,2026-04-27
ORD100845,2026-05-01 11:27:00,W2 - Central,Van,Apparel,17.71,5,23.79,-1.0,True,2026-05-01,2026-05,2026-04-27
ORD100846,2026-05-15 18:31:00,W2 - Central,Van,Apparel,7.2,9,14.24,-7.4,True,2026-05-15,2026-05,2026-05-11
ORD100847,2026-05-05 08:37:00,W2 - Central,Van,Apparel,3.06,6,10.15,-16.9,True,2026-05-05,2026-05,2026-05-04
ORD100848,2026-07-13 17:46:00,W1 - North,Van,Grocery,10.67,6,14.39,-2.5,True,2026-07-13,2026-07,2026-07-13
ORD100849,2026-06-24 05:23:00,W1 - North,Truck,Apparel,7.75,2,16.49,3.3,False,2026-06-24,2026-06,2026-06-22
ORD100850,2026-07-28 17:36:00,W2 - Central,Truck,Grocery,11.43,4,23.99,-6.7,True,2026-07-28,2026-07,2026-07-27
ORD100851,2026-07-12 01:06:00,W1 - North,Van,Grocery,4.42,6,9.9,-39.6,True,2026-07-12,2026-07,2026-07-06
ORD100852,2026-07-26 02:30:00,W1 - North,Bike,Grocery,9.58,7,12.69,1.6,False,2026-07-26,2026-07,2026-07-20
ORD100853,2026-05-22 08:27:00,W1 - North,Van,Personal Care,1.6,4,7.51,-33.7,True,2026-05-22,2026-05,2026-05-18
ORD100854,2026-05-26 11:34:00,W2 - Central,Van,Personal Care,5.36,2,8.58,1.1,False,2026-05-26,2026-05,2026-05-25
ORD100855,2026-07-16 17:04:00,W1 - North,Van,Electronics,2.45,6,11.28,-25.9,True,2026-07-16,2026-07,2026-07-13
ORD100856,2026-05-23 08:37:00,W3 - South,Van,Apparel,11.36,4,15.2,-12.1,True,2026-05-23,2026-05,2026-05-18
ORD100857,2026-05-06 00:26:00,W2 - Central,Van,Grocery,6.6,7,13.51,-18.0,True,2026-05-06,2026-05,2026-05-04
ORD100858,2026-06-30 07:48:00,W2 - Central,Van,Grocery,7.0,7,11.45,-2.5,True,2026-06-30,2026-06,2026-06-29
ORD100859,2026-07-12 10:32:00,W1 - North,Van,Electronics,4.41,7,12.23,-16.5,True,2026-07-12,2026-07,2026-07-06
ORD100860,2026-07-27 13:02:00,W2 - Central,Van,Personal Care,5.47,3,9.24,-1.0,True,2026-07-27,2026-07,2026-07-27
ORD100861,2026-07-23 15:27:00,W1 - North,Truck,Personal Care,14.02,7,30.58,-4.7,True,2026-07-23,2026-07,2026-07-20
ORD100862,2026-05-11 05:56:00,W2 - Central,Van,Personal Care,14.6,5,16.94,17.5,False,2026-05-11,2026-05,2026-05-11
ORD100863,2026-07-09 14:38:00,W1 - North,Van,Apparel,7.48,5,13.5,-29.2,True,2026-07-09,2026-07,2026-07-06
ORD100864,2026-07-16 15:09:00,W3 - South,Van,Home & Kitchen,21.41,1,19.02,-11.2,True,2026-07-16,2026-07,2026-07-13
ORD100865,2026-07-02 18:38:00,W1 - North,Van,Home & Kitchen,3.26,4,9.59,-18.2,True,2026-07-02,2026-07,2026-06-29
ORD100866,2026-07-13 12:31:00,W2 - Central,Van,Apparel,3.73,3,8.21,-21.7,True,2026-07-13,2026-07,2026-07-13
ORD100867,2026-07-15 19:27:00,W1 - North,Van,Apparel,8.08,7,15.16,-16.4,True,2026-07-15,2026-07,2026-07-13
ORD100868,2026-06-10 05:19:00,W2 - Central,Bike,Electronics,4.69,8,9.59,-20.8,True,2026-06-10,2026-06,2026-06-08
ORD100869,2026-05-04 17:04:00,W2 - Central,Bike,Personal Care,4.33,3,5.9,-26.1,True,2026-05-04,2026-05,2026-05-04
ORD100870,2026-06-11 01:06:00,W1 - North,Bike,Home & Kitchen,13.3,7,13.27,1.6,False,2026-06-11,2026-06,2026-06-08
ORD100871,2026-05-19 02:28:00,W1 - North,Bike,Home & Kitchen,2.82,3,6.91,-27.4,True,2026-05-19,2026-05,2026-05-18
ORD100872,2026-05-11 20:45:00,W1 - North,Van,Apparel,3.07,4,9.38,-35.5,True,2026-05-11,2026-05,2026-05-11
ORD100873,2026-05-12 11:24:00,W1 - North,Van,Personal Care,2.1,1,6.34,-23.1,True,2026-05-12,2026-05,2026-05-11
ORD100874,2026-07-02 14:54:00,W3 - South,Van,Personal Care,12.38,4,15.02,0.3,False,2026-07-02,2026-07,2026-06-29
ORD100875,2026-06-15 14:28:00,W1 - North,Van,Grocery,5.29,2,11.96,-24.3,True,2026-06-15,2026-06,2026-06-15
ORD100876,2026-06-18 16:40:00,W1 - North,Van,Apparel,12.45,5,17.58,1.7,False,2026-06-18,2026-06,2026-06-15
ORD100877,2026-07-07 05:53:00,W3 - South,Van,Apparel,11.64,10,18.46,-15.9,True,2026-07-07,2026-07,2026-07-06
ORD100878,2026-06-19 04:16:00,W1 - North,Bike,Home & Kitchen,4.33,2,7.36,-20.0,True,2026-06-19,2026-06,2026-06-15
ORD100879,2026-06-26 01:01:00,W1 - North,Van,Grocery,3.81,3,8.93,-23.9,True,2026-06-26,2026-06,2026-06-22
ORD100880,2026-05-08 20:45:00,W2 - Central,Van,Personal Care,0.5,4,6.06,-30.0,True,2026-05-08,2026-05,2026-05-04
ORD100881,2026-07-16 05:21:00,W3 - South,Bike,Electronics,8.96,4,9.65,1.7,False,2026-07-16,2026-07,2026-07-13
ORD100882,2026-06-10 13:48:00,W2 - Central,Van,Apparel,1.86,7,10.76,-15.8,True,2026-06-10,2026-06,2026-06-08
ORD100883,2026-05-14 10:55:00,W2 - Central,Bike,Apparel,10.13,7,15.03,-7.5,True,2026-05-14,2026-05,2026-05-11
ORD100884,2026-07-13 03:53:00,W3 - South,Truck,Apparel,7.64,6,15.74,-17.5,True,2026-07-13,2026-07,2026-07-13
ORD100885,2026-07-06 09:56:00,W1 - North,Truck,Grocery,1.77,5,11.05,-35.5,True,2026-07-06,2026-07,2026-07-06
ORD100886,2026-05-05 01:59:00,W3 - South,Van,Home & Kitchen,22.96,8,27.85,2.6,False,2026-05-05,2026-05,2026-05-04
ORD100887,2026-05-18 04:14:00,W3 - South,Van,Personal Care,9.06,1,12.15,-23.0,True,2026-05-18,2026-05,2026-05-18
ORD100888,2026-05-02 03:21:00,W3 - South,Bike,Apparel,15.15,4,15.01,-1.4,True,2026-05-02,2026-05,2026-04-27
ORD100889,2026-05-25 19:47:00,W1 - North,Bike,Apparel,4.38,9,6.97,-26.7,True,2026-05-25,2026-05,2026-05-25
ORD100890,2026-05-09 13:37:00,W1 - North,Bike,Home & Kitchen,15.65,5,15.04,17.0,False,2026-05-09,2026-05,2026-05-04
ORD100891,2026-07-03 22:12:00,W2 - Central,Van,Grocery,2.55,2,8.79,-27.4,True,2026-07-03,2026-07,2026-06-29
ORD100892,2026-06-17 10:27:00,W2 - Central,Van,Grocery,3.97,5,8.84,-23.9,True,2026-06-17,2026-06,2026-06-15
ORD100893,2026-07-28 04:49:00,W2 - Central,Van,Personal Care,0.94,7,6.4,-30.3,True,2026-07-28,2026-07,2026-07-27
ORD100894,2026-07-07 14:36:00,W3 - South,Van,Home & Kitchen,23.11,3,27.4,-2.2,True,2026-07-07,2026-07,2026-07-06
ORD100895,2026-06-25 22:18:00,W2 - Central,Van,Apparel,2.96,5,6.39,-8.1,True,2026-06-25,2026-06,2026-06-22
ORD100896,2026-06-15 12:46:00,W1 - North,Truck,Grocery,8.39,5,19.96,-12.7,True,2026-06-15,2026-06,2026-06-15
ORD100897,2026-05-05 00:25:00,W1 - North,Van,Personal Care,9.24,4,15.28,-8.0,True,2026-05-05,2026-05,2026-05-04
ORD100898,2026-05-07 07:17:00,W1 - North,Bike,Apparel,13.79,6,14.14,5.2,False,2026-05-07,2026-05,2026-05-04
ORD100899,2026-06-25 22:11:00,W1 - North,Truck,Apparel,7.95,4,18.91,-19.7,True,2026-06-25,2026-06,2026-06-22
ORD100900,2026-05-01 12:26:00,W1 - North,Van,Electronics,6.31,3,10.27,-7.4,True,2026-05-01,2026-05,2026-04-27
ORD100901,2026-05-04 22:50:00,W3 - South,Van,Grocery,19.29,4,22.99,-2.8,True,2026-05-04,2026-05,2026-05-04
ORD100902,2026-05-20 12:13:00,W2 - Central,Bike,Home & Kitchen,6.85,7,9.84,-18.3,True,2026-05-20,2026-05,2026-05-18
ORD100903,2026-07-19 00:17:00,W2 - Central,Van,Electronics,4.21,3,8.01,-6.2,True,2026-07-19,2026-07,2026-07-13
ORD100904,2026-06-11 20:57:00,W1 - North,Van,Apparel,15.86,4,19.43,-0.4,True,2026-06-11,2026-06,2026-06-08
ORD100905,2026-07-03 18:18:00,W2 - Central,Bike,Grocery,7.22,7,8.76,-6.4,True,2026-07-03,2026-07,2026-06-29
ORD100906,2026-06-07 17:09:00,W3 - South,Bike,Home & Kitchen,3.44,4,8.37,-11.1,True,2026-06-07,2026-06,2026-06-01
ORD100907,2026-05-16 23:17:00,W3 - South,Bike,Apparel,26.61,8,17.02,27.9,False,2026-05-16,2026-05,2026-05-11
ORD100908,2026-06-03 04:42:00,W2 - Central,Truck,Home & Kitchen,3.22,5,11.97,-14.1,True,2026-06-03,2026-06,2026-06-01
ORD100909,2026-05-09 21:44:00,W3 - South,Van,Electronics,20.61,7,25.91,27.0,False,2026-05-09,2026-05,2026-05-04
ORD100910,2026-07-09 05:34:00,W2 - Central,Bike,Electronics,1.35,6,6.54,-17.2,True,2026-07-09,2026-07,2026-07-06
ORD100911,2026-05-17 23:17:00,W2 - Central,Bike,Apparel,9.61,3,7.94,5.1,False,2026-05-17,2026-05,2026-05-11
ORD100912,2026-06-03 04:35:00,W3 - South,Bike,Apparel,3.63,6,8.19,-38.1,True,2026-06-03,2026-06,2026-06-01
ORD100913,2026-07-28 13:12:00,W1 - North,Bike,Electronics,7.8,6,11.71,18.1,False,2026-07-28,2026-07,2026-07-27
ORD100914,2026-06-23 18:56:00,W1 - North,Bike,Electronics,9.44,8,13.23,-25.0,True,2026-06-23,2026-06,2026-06-22
ORD100915,2026-06-11 01:52:00,W1 - North,Truck,Electronics,5.7,5,13.55,-25.0,True,2026-06-11,2026-06,2026-06-08
ORD100916,2026-06-18 01:36:00,W2 - Central,Van,Grocery,5.15,2,9.24,-20.7,True,2026-06-18,2026-06,2026-06-15
ORD100917,2026-07-10 20:23:00,W2 - Central,Bike,Grocery,2.18,3,6.71,-1.5,True,2026-07-10,2026-07,2026-07-06
ORD100918,2026-05-23 01:27:00,W2 - Central,Van,Apparel,8.95,3,13.24,-6.0,True,2026-05-23,2026-05,2026-05-18
ORD100919,2026-06-27 14:43:00,W2 - Central,Bike,Grocery,6.07,2,6.06,-2.9,True,2026-06-27,2026-06,2026-06-22
ORD100920,2026-07-18 22:31:00,W1 - North,Bike,Apparel,3.39,5,8.32,-22.6,True,2026-07-18,2026-07,2026-07-13
ORD100921,2026-06-21 14:45:00,W3 - South,Bike,Personal Care,12.47,6,14.31,-10.9,True,2026-06-21,2026-06,2026-06-15
ORD100922,2026-06-10 11:32:00,W1 - North,Van,Apparel,8.5,5,14.53,-9.7,True,2026-06-10,2026-06,2026-06-08
ORD100923,2026-05-14 10:00:00,W3 - South,Van,Electronics,10.67,5,16.18,-19.2,True,2026-05-14,2026-05,2026-05-11
ORD100924,2026-05-23 15:18:00,W1 - North,Van,Home & Kitchen,0.55,4,8.83,-21.9,True,2026-05-23,2026-05,2026-05-18
ORD100925,2026-07-25 13:43:00,W2 - Central,Van,Electronics,3.82,4,9.4,-3.9,True,2026-07-25,2026-07,2026-07-20
ORD100926,2026-06-18 12:02:00,W2 - Central,Van,Apparel,8.86,5,12.77,11.0,False,2026-06-18,2026-06,2026-06-15
ORD100927,2026-05-28 03:41:00,W3 - South,Truck,Apparel,14.71,4,27.14,-17.2,True,2026-05-28,2026-05,2026-05-25
ORD100928,2026-06-07 15:54:00,W1 - North,Van,Grocery,9.6,5,14.93,-7.1,True,2026-06-07,2026-06,2026-06-01
ORD100929,2026-06-22 17:45:00,W3 - South,Truck,Electronics,12.08,6,23.43,-10.3,True,2026-06-22,2026-06,2026-06-22
ORD100930,2026-06-18 17:00:00,W2 - Central,Van,Apparel,9.55,10,17.15,-0.8,True,2026-06-18,2026-06,2026-06-15
ORD100931,2026-07-02 01:48:00,W2 - Central,Bike,Personal Care,3.2,7,9.89,7.8,False,2026-07-02,2026-07,2026-06-29
ORD100932,2026-05-24 16:52:00,W2 - Central,Bike,Apparel,2.68,9,11.91,-9.3,True,2026-05-24,2026-05,2026-05-18
ORD100933,2026-06-28 17:30:00,W1 - North,Bike,Electronics,20.64,6,14.43,-6.7,True,2026-06-28,2026-06,2026-06-22
ORD100934,2026-06-09 04:24:00,W2 - Central,Bike,Home & Kitchen,2.94,9,10.42,-16.0,True,2026-06-09,2026-06,2026-06-08
ORD100935,2026-07-24 20:22:00,W1 - North,Bike,Electronics,2.21,5,7.43,-27.9,True,2026-07-24,2026-07,2026-07-20
ORD100936,2026-05-15 12:34:00,W1 - North,Truck,Grocery,5.62,6,15.76,-21.7,True,2026-05-15,2026-05,2026-05-11
ORD100937,2026-05-14 11:20:00,W2 - Central,Bike,Apparel,5.48,2,7.47,-21.5,True,2026-05-14,2026-05,2026-05-11
ORD100938,2026-06-11 17:20:00,W2 - Central,Van,Electronics,9.59,3,13.4,-18.3,True,2026-06-11,2026-06,2026-06-08
ORD100939,2026-06-15 12:14:00,W1 - North,Van,Grocery,5.1,4,12.32,-2.7,True,2026-06-15,2026-06,2026-06-15
ORD100940,2026-07-02 13:04:00,W1 - North,Bike,Grocery,5.07,9,13.13,-15.3,True,2026-07-02,2026-07,2026-06-29
ORD100941,2026-06-06 07:29:00,W1 - North,Van,Grocery,6.82,5,15.51,-12.8,True,2026-06-06,2026-06,2026-06-01
ORD100942,2026-07-22 22:16:00,W1 - North,Van,Apparel,4.44,7,11.46,-1.8,True,2026-07-22,2026-07,2026-07-20
ORD100943,2026-06-12 23:16:00,W2 - Central,Bike,Home & Kitchen,1.37,5,6.52,-28.2,True,2026-06-12,2026-06,2026-06-08
ORD100944,2026-05-12 03:07:00,W1 - North,Van,Personal Care,2.38,3,5.87,-22.7,True,2026-05-12,2026-05,2026-05-11
ORD100945,2026-05-11 17:35:00,W3 - South,Bike,Home & Kitchen,22.63,6,16.9,-0.4,True,2026-05-11,2026-05,2026-05-11
ORD100946,2026-07-27 00:33:00,W1 - North,Bike,Personal Care,11.02,8,14.52,-0.9,True,2026-07-27,2026-07,2026-07-27
ORD100947,2026-05-13 08:51:00,W1 - North,Bike,Grocery,6.65,5,10.91,-28.6,True,2026-05-13,2026-05,2026-05-11
ORD100948,2026-07-25 23:16:00,W3 - South,Bike,Grocery,14.67,5,14.37,6.1,False,2026-07-25,2026-07,2026-07-20
ORD100949,2026-05-26 04:11:00,W1 - North,Truck,Apparel,11.24,2,20.9,5.5,False,2026-05-26,2026-05,2026-05-25
ORD100950,2026-05-09 09:02:00,W2 - Central,Bike,Personal Care,3.07,4,6.34,-10.1,True,2026-05-09,2026-05,2026-05-04
ORD100951,2026-05-28 05:16:00,W3 - South,Truck,Personal Care,4.32,8,17.85,-42.1,True,2026-05-28,2026-05,2026-05-25
ORD100952,2026-06-25 17:28:00,W3 - South,Van,Grocery,21.13,2,21.41,5.1,False,2026-06-25,2026-06,2026-06-22
ORD100953,2026-06-08 11:08:00,W2 - Central,Bike,Personal Care,0.56,7,10.09,-16.0,True,2026-06-08,2026-06,2026-06-08
ORD100954,2026-07-10 14:14:00,W1 - North,Bike,Grocery,9.89,2,9.93,-6.5,True,2026-07-10,2026-07,2026-07-06
ORD100955,2026-06-24 22:37:00,W2 - Central,Van,Home & Kitchen,5.79,7,11.53,2.9,False,2026-06-24,2026-06,2026-06-22
ORD100956,2026-06-06 12:30:00,W3 - South,Van,Grocery,19.76,6,22.12,26.1,False,2026-06-06,2026-06,2026-06-01
ORD100957,2026-06-27 17:37:00,W3 - South,Bike,Grocery,15.21,8,14.38,4.1,False,2026-06-27,2026-06,2026-06-22
ORD100958,2026-07-27 02:20:00,W1 - North,Van,Grocery,9.74,3,14.21,-20.0,True,2026-07-27,2026-07,2026-07-27
ORD100959,2026-06-07 05:09:00,W1 - North,Truck,Home & Kitchen,3.14,8,11.74,-25.7,True,2026-06-07,2026-06,2026-06-01
ORD100960,2026-05-14 22:43:00,W1 - North,Van,Home & Kitchen,11.53,4,18.03,-14.8,True,2026-05-14,2026-05,2026-05-11
ORD100961,2026-06-06 20:37:00,W1 - North,Van,Personal Care,9.07,6,14.5,-1.7,True,2026-06-06,2026-06,2026-06-01
ORD100962,2026-07-15 15:45:00,W2 - Central,Bike,Electronics,2.63,5,8.78,-30.1,True,2026-07-15,2026-07,2026-07-13
ORD100963,2026-05-20 09:04:00,W1 - North,Van,Grocery,7.77,5,14.04,-24.6,True,2026-05-20,2026-05,2026-05-18
ORD100964,2026-07-25 04:47:00,W1 - North,Van,Home & Kitchen,2.6,4,10.54,-14.8,True,2026-07-25,2026-07,2026-07-20
ORD100965,2026-06-22 20:26:00,W1 - North,Bike,Grocery,5.98,4,8.04,-26.2,True,2026-06-22,2026-06,2026-06-22
ORD100966,2026-06-24 18:50:00,W2 - Central,Van,Apparel,19.55,4,22.68,16.7,False,2026-06-24,2026-06,2026-06-22
ORD100967,2026-05-29 05:48:00,W1 - North,Van,Home & Kitchen,3.0,6,7.54,-31.8,True,2026-05-29,2026-05,2026-05-25
ORD100968,2026-07-22 14:09:00,W2 - Central,Bike,Electronics,1.35,4,6.69,-18.6,True,2026-07-22,2026-07,2026-07-20
ORD100969,2026-05-04 14:50:00,W1 - North,Bike,Grocery,2.41,6,9.94,-32.6,True,2026-05-04,2026-05,2026-05-04
ORD100970,2026-05-27 11:27:00,W3 - South,Bike,Grocery,8.88,4,10.38,-34.0,True,2026-05-27,2026-05,2026-05-25
ORD100971,2026-06-07 22:14:00,W1 - North,Van,Grocery,10.64,4,18.42,4.0,False,2026-06-07,2026-06,2026-06-01
ORD100972,2026-06-12 02:58:00,W2 - Central,Van,Home & Kitchen,5.23,7,12.92,-17.7,True,2026-06-12,2026-06,2026-06-08
ORD100973,2026-06-12 06:11:00,W1 - North,Truck,Apparel,2.06,2,7.04,-31.7,True,2026-06-12,2026-06,2026-06-08
ORD100974,2026-05-14 02:16:00,W1 - North,Bike,Grocery,10.55,5,12.12,-17.2,True,2026-05-14,2026-05,2026-05-11
ORD100975,2026-05-21 16:37:00,W1 - North,Van,Personal Care,1.09,5,5.23,-24.0,True,2026-05-21,2026-05,2026-05-18
ORD100976,2026-05-09 15:27:00,W1 - North,Bike,Grocery,2.28,4,5.77,-17.5,True,2026-05-09,2026-05,2026-05-04
ORD100977,2026-06-21 23:41:00,W1 - North,Van,Electronics,4.3,5,8.33,-11.0,True,2026-06-21,2026-06,2026-06-15
ORD100978,2026-06-01 13:00:00,W2 - Central,Bike,Home & Kitchen,10.32,6,11.95,-7.5,True,2026-06-01,2026-06,2026-06-01
ORD100979,2026-06-20 03:36:00,W2 - Central,Bike,Grocery,5.38,4,8.32,-7.0,True,2026-06-20,2026-06,2026-06-15
ORD100980,2026-06-23 10:49:00,W1 - North,Truck,Home & Kitchen,7.38,2,17.8,-15.6,True,2026-06-23,2026-06,2026-06-22
ORD100981,2026-07-03 02:07:00,W2 - Central,Truck,Home & Kitchen,1.57,4,8.15,-6.9,True,2026-07-03,2026-07,2026-06-29
ORD100982,2026-06-19 16:06:00,W2 - Central,Van,Personal Care,3.49,5,7.96,-13.6,True,2026-06-19,2026-06,2026-06-15
ORD100983,2026-06-28 16:10:00,W1 - North,Bike,Personal Care,12.46,5,14.66,-9.4,True,2026-06-28,2026-06,2026-06-22
ORD100984,2026-06-22 20:35:00,W1 - North,Van,Electronics,8.67,6,10.05,-11.3,True,2026-06-22,2026-06,2026-06-22
ORD100985,2026-06-28 08:09:00,W1 - North,Bike,Home & Kitchen,10.81,3,10.41,-6.5,True,2026-06-28,2026-06,2026-06-22
ORD100986,2026-06-25 07:26:00,W1 - North,Bike,Grocery,6.62,8,11.72,-34.0,True,2026-06-25,2026-06,2026-06-22
ORD100987,2026-05-29 01:42:00,W2 - Central,Van,Personal Care,9.41,3,13.29,-23.3,True,2026-05-29,2026-05,2026-05-25
ORD100988,2026-05-23 09:57:00,W3 - South,Van,Apparel,3.12,6,10.5,-19.9,True,2026-05-23,2026-05,2026-05-18
ORD100989,2026-07-10 11:24:00,W3 - South,Van,Electronics,8.72,1,11.68,-19.5,True,2026-07-10,2026-07,2026-07-06
ORD100990,2026-05-31 18:06:00,W3 - South,Van,Home & Kitchen,14.39,3,18.28,-2.9,True,2026-05-31,2026-05,2026-05-25
ORD100991,2026-06-19 18:05:00,W2 - Central,Van,Home & Kitchen,1.11,2,4.74,-15.3,True,2026-06-19,2026-06,2026-06-15
ORD100992,2026-05-18 03:21:00,W1 - North,Truck,Apparel,0.5,5,5.08,-38.5,True,2026-05-18,2026-05,2026-05-18
ORD100993,2026-06-08 06:50:00,W1 - North,Van,Personal Care,20.65,4,23.39,-5.0,True,2026-06-08,2026-06,2026-06-08
ORD100994,2026-06-17 12:16:00,W1 - North,Bike,Apparel,7.24,7,9.55,-23.1,True,2026-06-17,2026-06,2026-06-15
ORD100995,2026-06-26 08:02:00,W1 - North,Bike,Electronics,1.33,4,5.43,-34.8,True,2026-06-26,2026-06,2026-06-22
ORD100996,2026-06-17 00:36:00,W1 - North,Bike,Electronics,7.11,5,11.57,-18.0,True,2026-06-17,2026-06,2026-06-15
ORD100997,2026-06-02 20:17:00,W2 - Central,Van,Apparel,1.74,6,10.91,-26.1,True,2026-06-02,2026-06,2026-06-01
ORD100998,2026-07-26 17:33:00,W1 - North,Truck,Electronics,3.14,8,14.82,-34.9,True,2026-07-26,2026-07,2026-07-20
ORD100999,2026-06-16 12:28:00,W1 - North,Bike,Apparel,14.07,6,15.11,-26.6,True,2026-06-16,2026-06,2026-06-15
ORD101000,2026-07-12 07:37:00,W2 - Central,Bike,Electronics,3.29,7,9.33,-7.0,True,2026-07-12,2026-07,2026-07-06
ORD101001,2026-07-06 20:13:00,W1 - North,Truck,Home & Kitchen,4.36,4,14.09,-33.7,True,2026-07-06,2026-07,2026-07-06
ORD101002,2026-06-20 00:50:00,W3 - South,Bike,Apparel,3.37,4,8.01,-38.5,True,2026-06-20,2026-06,2026-06-15
ORD101003,2026-07-19 10:42:00,W1 - North,Van,Home & Kitchen,5.16,11,17.4,-3.8,True,2026-07-19,2026-07,2026-07-13
ORD101004,2026-05-12 19:13:00,W2 - Central,Truck,Personal Care,5.69,8,15.63,4.1,False,2026-05-12,2026-05,2026-05-11
ORD101005,2026-07-22 22:52:00,W1 - North,Van,Personal Care,4.38,9,13.63,-20.3,True,2026-07-22,2026-07,2026-07-20
ORD101006,2026-07-16 06:02:00,W2 - Central,Bike,Apparel,18.11,5,13.07,13.8,False,2026-07-16,2026-07,2026-07-13
ORD101007,2026-06-15 15:37:00,W1 - North,Van,Apparel,2.78,7,11.08,-21.6,True,2026-06-15,2026-06,2026-06-15
ORD101008,2026-07-06 04:33:00,W1 - North,Van,Grocery,2.77,4,5.67,-47.4,True,2026-07-06,2026-07,2026-07-06
ORD101009,2026-06-16 02:46:00,W2 - Central,Van,Apparel,3.75,3,6.66,-9.5,True,2026-06-16,2026-06,2026-06-15
ORD101010,2026-05-25 08:28:00,W1 - North,Van,Grocery,22.33,5,23.55,22.6,False,2026-05-25,2026-05,2026-05-25
ORD101011,2026-07-11 21:14:00,W1 - North,Truck,Home & Kitchen,10.94,1,21.21,10.1,False,2026-07-11,2026-07,2026-07-06
ORD101012,2026-05-23 16:32:00,W3 - South,Van,Apparel,6.4,4,11.87,-18.6,True,2026-05-23,2026-05,2026-05-18
ORD101013,2026-05-29 11:44:00,W1 - North,Bike,Apparel,4.27,6,12.77,-32.3,True,2026-05-29,2026-05,2026-05-25
ORD101014,2026-06-16 06:47:00,W2 - Central,Van,Personal Care,2.02,4,7.48,-7.7,True,2026-06-16,2026-06,2026-06-15
ORD101015,2026-07-15 03:23:00,W2 - Central,Truck,Home & Kitchen,3.66,4,12.66,-12.4,True,2026-07-15,2026-07,2026-07-13
ORD101016,2026-06-04 06:29:00,W1 - North,Van,Grocery,5.69,4,10.98,-13.1,True,2026-06-04,2026-06,2026-06-01
ORD101017,2026-06-14 03:39:00,W2 - Central,Van,Grocery,7.95,3,13.09,-8.3,True,2026-06-14,2026-06,2026-06-08
ORD101018,2026-05-04 04:29:00,W1 - North,Van,Home & Kitchen,9.11,4,13.86,-12.0,True,2026-05-04,2026-05,2026-05-04
ORD101019,2026-05-11 16:30:00,W2 - Central,Bike,Apparel,3.57,9,12.22,-22.5,True,2026-05-11,2026-05,2026-05-11
ORD101020,2026-05-06 03:11:00,W1 - North,Truck,Home & Kitchen,17.17,2,29.39,-0.8,True,2026-05-06,2026-05,2026-05-04
ORD101021,2026-05-07 01:08:00,W1 - North,Truck,Electronics,3.8,5,8.65,-26.9,True,2026-05-07,2026-05,2026-05-04
ORD101022,2026-07-18 13:00:00,W1 - North,Van,Home & Kitchen,1.77,8,10.43,2.8,False,2026-07-18,2026-07,2026-07-13
ORD101023,2026-07-15 06:52:00,W3 - South,Van,Electronics,11.77,3,12.6,-7.3,True,2026-07-15,2026-07,2026-07-13
ORD101024,2026-07-13 10:54:00,W3 - South,Van,Personal Care,20.08,6,26.14,-13.4,True,2026-07-13,2026-07,2026-07-13
ORD101025,2026-05-06 03:21:00,W3 - South,Van,Grocery,9.64,4,13.27,-15.5,True,2026-05-06,2026-05,2026-05-04
ORD101026,2026-05-07 05:02:00,W2 - Central,Bike,Apparel,1.62,7,6.9,-15.0,True,2026-05-07,2026-05,2026-05-04
ORD101027,2026-05-26 10:35:00,W2 - Central,Van,Grocery,5.55,4,14.66,-17.5,True,2026-05-26,2026-05,2026-05-25
ORD101028,2026-06-20 16:33:00,W2 - Central,Bike,Grocery,6.06,3,8.1,-16.0,True,2026-06-20,2026-06,2026-06-15
ORD101029,2026-05-31 09:56:00,W3 - South,Truck,Grocery,13.03,5,26.13,4.7,False,2026-05-31,2026-05,2026-05-25
ORD101030,2026-06-13 13:00:00,W2 - Central,Van,Apparel,5.63,9,14.8,-10.8,True,2026-06-13,2026-06,2026-06-08
ORD101031,2026-05-16 12:31:00,W1 - North,Van,Home & Kitchen,14.58,4,19.51,8.1,False,2026-05-16,2026-05,2026-05-11
ORD101032,2026-07-05 06:27:00,W2 - Central,Van,Home & Kitchen,1.97,2,8.09,-24.1,True,2026-07-05,2026-07,2026-06-29
ORD101033,2026-05-29 06:42:00,W2 - Central,Van,Apparel,0.5,2,3.13,-29.3,True,2026-05-29,2026-05,2026-05-25
ORD101034,2026-05-06 10:13:00,W1 - North,Van,Home & Kitchen,1.09,4,7.63,-21.1,True,2026-05-06,2026-05,2026-05-04
ORD101035,2026-07-06 00:46:00,W1 - North,Bike,Apparel,2.13,4,6.46,-23.3,True,2026-07-06,2026-07,2026-07-06
ORD101036,2026-07-21 16:26:00,W1 - North,Van,Personal Care,11.87,3,14.0,-9.8,True,2026-07-21,2026-07,2026-07-20
ORD101037,2026-05-02 14:44:00,W3 - South,Bike,Personal Care,7.73,5,10.19,-11.6,True,2026-05-02,2026-05,2026-04-27
ORD101038,2026-06-09 07:20:00,W1 - North,Truck,Apparel,18.06,7,32.62,5.7,False,2026-06-09,2026-06,2026-06-08
ORD101039,2026-07-14 08:58:00,W3 - South,Truck,Apparel,3.69,8,15.33,-30.7,True,2026-07-14,2026-07,2026-07-13
ORD101040,2026-07-03 07:53:00,W2 - Central,Bike,Apparel,13.37,5,12.31,-11.2,True,2026-07-03,2026-07,2026-06-29
ORD101041,2026-07-17 15:37:00,W2 - Central,Van,Personal Care,2.38,4,7.21,-14.2,True,2026-07-17,2026-07,2026-07-13
ORD101042,2026-06-07 18:13:00,W1 - North,Van,Electronics,5.69,4,10.53,-0.2,True,2026-06-07,2026-06,2026-06-01
ORD101043,2026-06-03 02:36:00,W3 - South,Van,Grocery,2.01,3,6.76,-25.3,True,2026-06-03,2026-06,2026-06-01
ORD101044,2026-07-03 09:55:00,W2 - Central,Truck,Grocery,12.22,7,28.11,4.1,False,2026-07-03,2026-07,2026-06-29
ORD101045,2026-05-14 00:19:00,W1 - North,Truck,Apparel,6.29,4,13.88,-30.7,True,2026-05-14,2026-05,2026-05-11
ORD101046,2026-05-22 10:51:00,W1 - North,Van,Grocery,24.85,9,29.45,27.3,False,2026-05-22,2026-05,2026-05-18
ORD101047,2026-06-24 05:57:00,W1 - North,Van,Home & Kitchen,13.8,6,18.51,0.4,False,2026-06-24,2026-06,2026-06-22
ORD101048,2026-06-30 08:03:00,W1 - North,Van,Apparel,5.58,9,12.04,-10.4,True,2026-06-30,2026-06,2026-06-29
ORD101049,2026-05-11 10:57:00,W2 - Central,Van,Personal Care,2.72,3,7.85,-10.1,True,2026-05-11,2026-05,2026-05-11
ORD101050,2026-06-15 07:46:00,W3 - South,Truck,Home & Kitchen,18.34,5,33.47,16.1,False,2026-06-15,2026-06,2026-06-15
ORD101051,2026-06-02 09:27:00,W2 - Central,Van,Electronics,5.09,6,9.32,-22.6,True,2026-06-02,2026-06,2026-06-01
ORD101052,2026-06-15 18:21:00,W2 - Central,Van,Grocery,2.6,8,11.3,-27.3,True,2026-06-15,2026-06,2026-06-15
ORD101053,2026-07-26 19:26:00,W2 - Central,Van,Grocery,5.37,4,12.78,-5.3,True,2026-07-26,2026-07,2026-07-20
ORD101054,2026-05-07 00:08:00,W3 - South,Van,Grocery,1.35,5,7.72,-38.7,True,2026-05-07,2026-05,2026-05-04
ORD101055,2026-07-29 09:04:00,W3 - South,Van,Apparel,13.21,11,21.17,-13.0,True,2026-07-29,2026-07,2026-07-27
ORD101056,2026-06-10 20:19:00,W1 - North,Truck,Grocery,10.02,3,20.44,-2.6,True,2026-06-10,2026-06,2026-06-08
ORD101057,2026-07-09 12:43:00,W3 - South,Van,Apparel,3.57,7,9.96,-33.7,True,2026-07-09,2026-07,2026-07-06
ORD101058,2026-06-08 04:55:00,W1 - North,Bike,Home & Kitchen,14.84,8,16.99,-0.5,True,2026-06-08,2026-06,2026-06-08
ORD101059,2026-05-28 14:14:00,W3 - South,Van,Apparel,19.2,4,22.36,-12.0,True,2026-05-28,2026-05,2026-05-25
ORD101060,2026-07-09 03:28:00,W3 - South,Van,Home & Kitchen,12.37,7,14.95,-7.3,True,2026-07-09,2026-07,2026-07-06
ORD101061,2026-07-01 00:31:00,W2 - Central,Van,Grocery,2.23,2,8.39,-10.5,True,2026-07-01,2026-07,2026-06-29
ORD101062,2026-05-13 15:10:00,W1 - North,Van,Electronics,10.44,5,16.8,-0.3,True,2026-05-13,2026-05,2026-05-11
ORD101063,2026-07-03 12:21:00,W2 - Central,Van,Electronics,3.7,7,11.75,-5.0,True,2026-07-03,2026-07,2026-06-29
ORD101064,2026-07-07 18:09:00,W1 - North,Van,Grocery,7.64,4,8.26,-18.0,True,2026-07-07,2026-07,2026-07-06
ORD101065,2026-06-04 08:16:00,W3 - South,Bike,Apparel,16.69,6,14.9,9.5,False,2026-06-04,2026-06,2026-06-01
ORD101066,2026-07-23 20:30:00,W1 - North,Bike,Apparel,1.8,6,9.28,-22.9,True,2026-07-23,2026-07,2026-07-20
ORD101067,2026-06-27 10:06:00,W2 - Central,Truck,Home & Kitchen,0.96,3,7.34,-19.7,True,2026-06-27,2026-06,2026-06-22
ORD101068,2026-05-31 17:42:00,W3 - South,Van,Home & Kitchen,6.84,5,12.62,-9.6,True,2026-05-31,2026-05,2026-05-25
ORD101069,2026-05-01 02:24:00,W1 - North,Bike,Electronics,22.17,5,18.21,19.1,False,2026-05-01,2026-05,2026-04-27
ORD101070,2026-06-30 02:19:00,W1 - North,Bike,Grocery,25.51,4,18.04,4.7,False,2026-06-30,2026-06,2026-06-29
ORD101071,2026-05-19 18:47:00,W2 - Central,Van,Electronics,6.5,9,16.23,-17.0,True,2026-05-19,2026-05,2026-05-18
ORD101072,2026-07-08 20:00:00,W1 - North,Van,Grocery,13.04,6,18.43,-6.7,True,2026-07-08,2026-07,2026-07-06
ORD101073,2026-06-17 22:37:00,W1 - North,Van,Grocery,6.49,4,11.54,-30.5,True,2026-06-17,2026-06,2026-06-15
ORD101074,2026-06-12 07:47:00,W1 - North,Bike,Electronics,7.16,3,9.99,-30.1,True,2026-06-12,2026-06,2026-06-08
ORD101075,2026-05-15 00:32:00,W1 - North,Van,Grocery,5.68,4,10.13,-24.8,True,2026-05-15,2026-05,2026-05-11
ORD101076,2026-07-04 23:31:00,W2 - Central,Van,Grocery,10.59,3,12.65,11.4,False,2026-07-04,2026-07,2026-06-29
ORD101077,2026-05-15 14:25:00,W2 - Central,Truck,Personal Care,13.65,3,26.19,10.1,False,2026-05-15,2026-05,2026-05-11
ORD101078,2026-06-07 05:55:00,W1 - North,Van,Grocery,7.04,2,11.57,-10.1,True,2026-06-07,2026-06,2026-06-01
ORD101079,2026-07-15 18:19:00,W2 - Central,Truck,Apparel,5.35,8,17.88,-8.8,True,2026-07-15,2026-07,2026-07-13
ORD101080,2026-07-22 21:41:00,W1 - North,Bike,Grocery,5.91,4,10.06,-1.8,True,2026-07-22,2026-07,2026-07-20
ORD101081,2026-07-29 06:50:00,W1 - North,Bike,Grocery,18.5,6,15.64,0.1,False,2026-07-29,2026-07,2026-07-27
ORD101082,2026-07-26 18:28:00,W2 - Central,Bike,Grocery,8.97,6,11.04,4.0,False,2026-07-26,2026-07,2026-07-20
ORD101083,2026-06-20 18:54:00,W1 - North,Van,Home & Kitchen,2.91,6,8.69,-23.0,True,2026-06-20,2026-06,2026-06-15
ORD101084,2026-05-19 12:02:00,W2 - Central,Bike,Grocery,16.3,5,14.5,-3.6,True,2026-05-19,2026-05,2026-05-18
ORD101085,2026-07-15 15:10:00,W3 - South,Bike,Apparel,0.78,5,4.4,-20.8,True,2026-07-15,2026-07,2026-07-13
ORD101086,2026-07-12 06:28:00,W2 - Central,Bike,Personal Care,12.98,6,13.2,6.7,False,2026-07-12,2026-07,2026-07-06
ORD101087,2026-07-29 22:17:00,W2 - Central,Van,Apparel,10.02,2,17.49,-0.1,True,2026-07-29,2026-07,2026-07-27
ORD101088,2026-06-28 23:35:00,W1 - North,Van,Electronics,7.05,7,11.44,-11.2,True,2026-06-28,2026-06,2026-06-22
ORD101089,2026-05-13 23:32:00,W1 - North,Van,Apparel,6.93,4,12.02,-7.4,True,2026-05-13,2026-05,2026-05-11
ORD101090,2026-06-15 17:41:00,W1 - North,Van,Personal Care,6.14,6,12.88,-27.5,True,2026-06-15,2026-06,2026-06-15
ORD101091,2026-06-10 01:00:00,W2 - Central,Bike,Grocery,2.28,4,7.72,-9.0,True,2026-06-10,2026-06,2026-06-08
ORD101092,2026-07-15 08:47:00,W3 - South,Bike,Home & Kitchen,30.94,4,18.92,33.0,False,2026-07-15,2026-07,2026-07-13
ORD101093,2026-06-05 10:40:00,W1 - North,Bike,Personal Care,6.77,8,12.24,-31.9,True,2026-06-05,2026-06,2026-06-01
ORD101094,2026-05-30 23:02:00,W1 - North,Bike,Apparel,2.99,2,5.3,-25.4,True,2026-05-30,2026-05,2026-05-25
ORD101095,2026-05-08 13:07:00,W1 - North,Van,Apparel,19.82,8,23.01,18.2,False,2026-05-08,2026-05,2026-05-04
ORD101096,2026-07-15 12:52:00,W2 - Central,Van,Electronics,7.02,4,13.3,4.3,False,2026-07-15,2026-07,2026-07-13
ORD101097,2026-07-07 03:31:00,W2 - Central,Van,Home & Kitchen,7.32,6,14.32,-1.9,True,2026-07-07,2026-07,2026-07-06
ORD101098,2026-05-04 19:02:00,W2 - Central,Van,Home & Kitchen,17.07,6,20.16,6.7,False,2026-05-04,2026-05,2026-05-04
ORD101099,2026-06-09 08:04:00,W3 - South,Van,Electronics,16.07,10,22.34,-7.2,True,2026-06-09,2026-06,2026-06-08
ORD101100,2026-06-13 02:12:00,W1 - North,Van,Electronics,4.11,8,10.92,-8.7,True,2026-06-13,2026-06,2026-06-08
ORD101101,2026-06-12 23:42:00,W2 - Central,Van,Apparel,8.03,4,10.26,-12.4,True,2026-06-12,2026-06,2026-06-08
ORD101102,2026-07-22 04:33:00,W2 - Central,Bike,Apparel,2.46,4,8.19,-22.6,True,2026-07-22,2026-07,2026-07-20
ORD101103,2026-05-14 00:23:00,W1 - North,Van,Home & Kitchen,4.77,8,13.55,-21.6,True,2026-05-14,2026-05,2026-05-11
ORD101104,2026-05-28 01:52:00,W3 - South,Van,Home & Kitchen,12.7,8,18.6,1.5,False,2026-05-28,2026-05,2026-05-25
ORD101105,2026-05-17 10:51:00,W1 - North,Van,Electronics,12.91,4,16.83,16.0,False,2026-05-17,2026-05,2026-05-11
ORD101106,2026-05-22 02:28:00,W2 - Central,Bike,Electronics,3.23,4,7.58,-8.4,True,2026-05-22,2026-05,2026-05-18
ORD101107,2026-07-21 20:13:00,W2 - Central,Bike,Grocery,4.5,5,8.97,-14.4,True,2026-07-21,2026-07,2026-07-20
ORD101108,2026-07-24 12:17:00,W3 - South,Van,Grocery,8.93,6,12.67,-23.3,True,2026-07-24,2026-07,2026-07-20
ORD101109,2026-05-05 07:46:00,W2 - Central,Van,Home & Kitchen,10.82,2,14.63,1.2,False,2026-05-05,2026-05,2026-05-04
ORD101110,2026-06-26 00:04:00,W1 - North,Truck,Home & Kitchen,6.92,7,16.53,-1.3,True,2026-06-26,2026-06,2026-06-22
ORD101111,2026-05-21 11:30:00,W3 - South,Bike,Personal Care,32.32,3,21.43,35.8,False,2026-05-21,2026-05,2026-05-18
ORD101112,2026-05-18 03:37:00,W3 - South,Bike,Grocery,7.14,9,10.64,-14.4,True,2026-05-18,2026-05,2026-05-18
ORD101113,2026-05-27 23:28:00,W2 - Central,Van,Apparel,3.34,7,8.59,-19.4,True,2026-05-27,2026-05,2026-05-25
ORD101114,2026-05-18 06:59:00,W2 - Central,Bike,Personal Care,12.82,8,14.25,6.9,False,2026-05-18,2026-05,2026-05-18
ORD101115,2026-06-14 11:23:00,W1 - North,Truck,Home & Kitchen,10.11,5,21.89,5.6,False,2026-06-14,2026-06,2026-06-08
ORD101116,2026-07-29 00:26:00,W2 - Central,Van,Home & Kitchen,22.37,5,25.67,21.6,False,2026-07-29,2026-07,2026-07-27
ORD101117,2026-06-22 03:08:00,W3 - South,Bike,Grocery,25.02,5,16.86,13.6,False,2026-06-22,2026-06,2026-06-22
ORD101118,2026-07-05 04:58:00,W1 - North,Van,Home & Kitchen,2.3,7,9.96,-24.2,True,2026-07-05,2026-07,2026-06-29
ORD101119,2026-06-14 01:14:00,W2 - Central,Bike,Personal Care,5.1,7,10.53,18.6,False,2026-06-14,2026-06,2026-06-08
ORD101120,2026-05-02 17:25:00,W3 - South,Van,Electronics,12.69,7,20.24,-8.3,True,2026-05-02,2026-05,2026-04-27
ORD101121,2026-05-08 22:41:00,W3 - South,Van,Home & Kitchen,12.06,2,15.23,-21.3,True,2026-05-08,2026-05,2026-05-04
ORD101122,2026-05-25 23:38:00,W3 - South,Truck,Electronics,9.11,5,19.55,-14.2,True,2026-05-25,2026-05,2026-05-25
ORD101123,2026-05-22 06:22:00,W1 - North,Truck,Grocery,7.93,5,16.61,-17.8,True,2026-05-22,2026-05,2026-05-18
ORD101124,2026-07-15 18:55:00,W3 - South,Van,Apparel,12.35,6,15.3,0.5,False,2026-07-15,2026-07,2026-07-13
ORD101125,2026-07-15 12:05:00,W1 - North,Truck,Home & Kitchen,4.36,7,14.86,-11.6,True,2026-07-15,2026-07,2026-07-13
ORD101126,2026-07-16 01:06:00,W2 - Central,Van,Personal Care,10.53,2,14.84,-16.3,True,2026-07-16,2026-07,2026-07-13
ORD101127,2026-06-27 02:10:00,W2 - Central,Van,Apparel,14.98,2,16.1,3.3,False,2026-06-27,2026-06,2026-06-22
ORD101128,2026-06-20 13:08:00,W3 - South,Truck,Electronics,17.0,4,32.29,-2.4,True,2026-06-20,2026-06,2026-06-15
ORD101129,2026-06-28 10:10:00,W3 - South,Van,Home & Kitchen,13.73,3,16.71,5.6,False,2026-06-28,2026-06,2026-06-22
ORD101130,2026-06-06 00:12:00,W2 - Central,Van,Home & Kitchen,4.86,1,9.31,-6.1,True,2026-06-06,2026-06,2026-06-01
ORD101131,2026-06-30 22:19:00,W2 - Central,Bike,Electronics,6.31,5,10.75,-14.4,True,2026-06-30,2026-06,2026-06-29
ORD101132,2026-07-11 17:31:00,W2 - Central,Van,Apparel,6.77,7,10.05,0.4,False,2026-07-11,2026-07,2026-07-06
ORD101133,2026-07-08 12:03:00,W2 - Central,Van,Apparel,2.28,4,9.39,-29.6,True,2026-07-08,2026-07,2026-07-06
ORD101134,2026-06-25 23:41:00,W2 - Central,Van,Apparel,10.19,5,15.54,-10.3,True,2026-06-25,2026-06,2026-06-22
ORD101135,2026-05-06 23:18:00,W1 - North,Bike,Grocery,5.02,4,7.45,-34.0,True,2026-05-06,2026-05,2026-05-04
ORD101136,2026-07-05 23:22:00,W2 - Central,Van,Apparel,13.27,7,18.23,12.1,False,2026-07-05,2026-07,2026-06-29
ORD101137,2026-06-02 06:12:00,W3 - South,Van,Home & Kitchen,11.61,5,16.41,-9.7,True,2026-06-02,2026-06,2026-06-01
ORD101138,2026-07-06 21:08:00,W2 - Central,Bike,Apparel,10.31,4,9.96,-13.1,True,2026-07-06,2026-07,2026-07-06
ORD101139,2026-06-18 12:06:00,W3 - South,Van,Personal Care,16.82,2,17.59,0.4,False,2026-06-18,2026-06,2026-06-15
ORD101140,2026-07-19 17:25:00,W1 - North,Van,Grocery,2.33,7,8.62,-8.5,True,2026-07-19,2026-07,2026-07-13
ORD101141,2026-05-31 20:37:00,W2 - Central,Bike,Home & Kitchen,12.51,4,10.19,-2.3,True,2026-05-31,2026-05,2026-05-25
ORD101142,2026-07-23 03:55:00,W1 - North,Bike,Grocery,3.78,7,11.48,-25.2,True,2026-07-23,2026-07,2026-07-20
ORD101143,2026-07-16 10:45:00,W1 - North,Van,Apparel,4.76,8,12.43,-14.9,True,2026-07-16,2026-07,2026-07-13
ORD101144,2026-05-30 03:05:00,W2 - Central,Truck,Electronics,3.82,10,18.73,-4.8,True,2026-05-30,2026-05,2026-05-25
ORD101145,2026-06-13 06:42:00,W1 - North,Bike,Home & Kitchen,1.59,3,6.6,-34.9,True,2026-06-13,2026-06,2026-06-08
ORD101146,2026-06-17 09:55:00,W1 - North,Van,Home & Kitchen,8.0,5,14.18,-19.8,True,2026-06-17,2026-06,2026-06-15
ORD101147,2026-07-09 20:31:00,W2 - Central,Bike,Apparel,10.74,4,9.33,-7.7,True,2026-07-09,2026-07,2026-07-06
ORD101148,2026-07-02 20:42:00,W2 - Central,Bike,Apparel,13.06,5,12.28,0.3,False,2026-07-02,2026-07,2026-06-29
ORD101149,2026-07-16 09:21:00,W1 - North,Bike,Grocery,6.08,6,10.05,-19.8,True,2026-07-16,2026-07,2026-07-13
ORD101150,2026-06-03 07:54:00,W1 - North,Bike,Personal Care,6.88,7,9.96,-2.2,True,2026-06-03,2026-06,2026-06-01
ORD101151,2026-06-15 12:44:00,W2 - Central,Bike,Personal Care,8.81,9,12.32,-4.9,True,2026-06-15,2026-06,2026-06-15
ORD101152,2026-06-08 21:53:00,W2 - Central,Truck,Home & Kitchen,4.65,4,13.65,-30.4,True,2026-06-08,2026-06,2026-06-08
ORD101153,2026-07-21 23:26:00,W2 - Central,Bike,Grocery,11.38,5,12.48,-0.6,True,2026-07-21,2026-07,2026-07-20
ORD101154,2026-05-28 05:26:00,W2 - Central,Bike,Home & Kitchen,4.97,9,9.22,5.4,False,2026-05-28,2026-05,2026-05-25
ORD101155,2026-06-22 04:28:00,W1 - North,Bike,Apparel,3.36,7,9.69,-24.5,True,2026-06-22,2026-06,2026-06-22
ORD101156,2026-05-11 16:57:00,W3 - South,Truck,Grocery,12.22,8,27.83,-11.3,True,2026-05-11,2026-05,2026-05-11
ORD101157,2026-07-16 07:14:00,W1 - North,Truck,Electronics,1.91,5,8.53,-30.1,True,2026-07-16,2026-07,2026-07-13
ORD101158,2026-06-04 04:47:00,W2 - Central,Van,Personal Care,6.05,9,13.01,-3.0,True,2026-06-04,2026-06,2026-06-01
ORD101159,2026-05-31 00:44:00,W1 - North,Van,Apparel,9.18,6,15.57,-8.5,True,2026-05-31,2026-05,2026-05-25
ORD101160,2026-06-22 09:40:00,W2 - Central,Bike,Apparel,2.84,5,3.97,-31.2,True,2026-06-22,2026-06,2026-06-22
ORD101161,2026-06-14 09:24:00,W1 - North,Van,Apparel,8.93,6,14.69,-12.3,True,2026-06-14,2026-06,2026-06-08
ORD101162,2026-07-16 13:30:00,W3 - South,Bike,Grocery,8.48,5,12.92,-17.5,True,2026-07-16,2026-07,2026-07-13
ORD101163,2026-06-17 04:48:00,W1 - North,Bike,Apparel,3.66,5,4.32,-19.2,True,2026-06-17,2026-06,2026-06-15
ORD101164,2026-06-16 17:08:00,W2 - Central,Truck,Home & Kitchen,1.24,7,10.84,-24.3,True,2026-06-16,2026-06,2026-06-15
ORD101165,2026-05-10 16:19:00,W1 - North,Van,Apparel,2.12,4,8.52,-23.4,True,2026-05-10,2026-05,2026-05-04
ORD101166,2026-05-02 11:05:00,W1 - North,Bike,Grocery,18.87,4,12.57,11.5,False,2026-05-02,2026-05,2026-04-27
ORD101167,2026-06-05 04:21:00,W1 - North,Van,Home & Kitchen,5.48,3,10.74,-29.2,True,2026-06-05,2026-06,2026-06-01
ORD101168,2026-07-29 12:10:00,W2 - Central,Van,Personal Care,6.77,8,15.56,-8.6,True,2026-07-29,2026-07,2026-07-27
ORD101169,2026-07-22 16:11:00,W2 - Central,Van,Apparel,4.53,9,10.98,-7.0,True,2026-07-22,2026-07,2026-07-20
ORD101170,2026-06-26 08:56:00,W3 - South,Van,Apparel,28.77,6,30.49,11.8,False,2026-06-26,2026-06,2026-06-22
ORD101171,2026-06-26 06:19:00,W2 - Central,Van,Apparel,2.76,3,7.68,-16.6,True,2026-06-26,2026-06,2026-06-22
ORD101172,2026-06-05 12:09:00,W3 - South,Bike,Home & Kitchen,10.97,4,12.49,-22.8,True,2026-06-05,2026-06,2026-06-01
ORD101173,2026-05-16 08:31:00,W1 - North,Bike,Grocery,4.73,3,6.7,-26.2,True,2026-05-16,2026-05,2026-05-11
ORD101174,2026-05-01 09:36:00,W3 - South,Van,Apparel,20.47,5,23.83,-0.1,True,2026-05-01,2026-05,2026-04-27
ORD101175,2026-05-31 08:22:00,W2 - Central,Van,Personal Care,6.72,5,11.21,9.1,False,2026-05-31,2026-05,2026-05-25
ORD101176,2026-05-29 07:16:00,W2 - Central,Van,Electronics,5.34,8,12.88,-25.9,True,2026-05-29,2026-05,2026-05-25
ORD101177,2026-05-18 17:12:00,W3 - South,Truck,Grocery,3.59,3,12.36,-32.0,True,2026-05-18,2026-05,2026-05-18
ORD101178,2026-05-24 11:02:00,W2 - Central,Truck,Grocery,18.57,5,35.08,19.1,False,2026-05-24,2026-05,2026-05-18
ORD101179,2026-05-03 11:11:00,W3 - South,Van,Personal Care,9.25,7,15.03,3.7,False,2026-05-03,2026-05,2026-04-27
ORD101180,2026-06-24 15:40:00,W2 - Central,Van,Home & Kitchen,2.39,3,7.28,-2.5,True,2026-06-24,2026-06,2026-06-22
ORD101181,2026-07-23 08:40:00,W1 - North,Van,Grocery,1.67,3,5.51,-33.2,True,2026-07-23,2026-07,2026-07-20
ORD101182,2026-07-02 02:25:00,W2 - Central,Bike,Electronics,1.54,6,6.33,-14.4,True,2026-07-02,2026-07,2026-06-29
ORD101183,2026-06-10 20:27:00,W2 - Central,Van,Apparel,5.3,5,12.81,-13.8,True,2026-06-10,2026-06,2026-06-08
ORD101184,2026-06-07 01:20:00,W3 - South,Van,Grocery,20.68,3,25.34,10.8,False,2026-06-07,2026-06,2026-06-01
ORD101185,2026-05-28 13:43:00,W3 - South,Van,Electronics,12.82,3,13.51,-7.8,True,2026-05-28,2026-05,2026-05-25
ORD101186,2026-05-13 06:22:00,W1 - North,Van,Grocery,1.76,7,10.07,-40.3,True,2026-05-13,2026-05,2026-05-11
ORD101187,2026-06-23 05:07:00,W1 - North,Van,Apparel,7.06,3,12.59,-19.6,True,2026-06-23,2026-06,2026-06-22
ORD101188,2026-06-20 01:00:00,W1 - North,Van,Apparel,16.58,2,16.98,9.2,False,2026-06-20,2026-06,2026-06-15
ORD101189,2026-05-01 21:36:00,W2 - Central,Bike,Grocery,4.0,3,6.46,-24.7,True,2026-05-01,2026-05,2026-04-27
ORD101190,2026-06-07 10:18:00,W1 - North,Van,Electronics,8.56,4,12.31,-4.4,True,2026-06-07,2026-06,2026-06-01
ORD101191,2026-05-26 08:13:00,W2 - Central,Van,Grocery,4.14,9,15.27,-27.5,True,2026-05-26,2026-05,2026-05-25
ORD101192,2026-05-16 17:47:00,W2 - Central,Bike,Personal Care,7.44,6,13.05,-0.2,True,2026-05-16,2026-05,2026-05-11
ORD101193,2026-07-03 00:56:00,W3 - South,Van,Electronics,5.44,1,7.35,-13.8,True,2026-07-03,2026-07,2026-06-29
ORD101194,2026-06-17 13:32:00,W1 - North,Bike,Apparel,0.5,8,6.34,-29.6,True,2026-06-17,2026-06,2026-06-15
ORD101195,2026-06-27 11:52:00,W2 - Central,Truck,Electronics,1.89,4,9.96,-22.0,True,2026-06-27,2026-06,2026-06-22
ORD101196,2026-07-04 13:16:00,W1 - North,Van,Home & Kitchen,4.82,7,12.62,-26.1,True,2026-07-04,2026-07,2026-06-29
ORD101197,2026-07-28 02:58:00,W3 - South,Truck,Grocery,9.82,5,23.4,-10.8,True,2026-07-28,2026-07,2026-07-27
ORD101198,2026-07-12 22:51:00,W1 - North,Bike,Personal Care,4.98,3,6.04,-7.8,True,2026-07-12,2026-07,2026-07-06
ORD101199,2026-06-25 05:43:00,W1 - North,Bike,Apparel,4.9,3,8.68,-23.8,True,2026-06-25,2026-06,2026-06-22
ORD101200,2026-07-19 16:16:00,W1 - North,Van,Electronics,13.87,5,17.19,-1.8,True,2026-07-19,2026-07,2026-07-13
ORD101201,2026-06-12 17:55:00,W3 - South,Van,Electronics,4.36,4,10.54,-42.9,True,2026-06-12,2026-06,2026-06-08
ORD101202,2026-07-28 08:15:00,W1 - North,Van,Apparel,7.09,5,12.47,-16.4,True,2026-07-28,2026-07,2026-07-27
ORD101203,2026-07-08 03:08:00,W2 - Central,Truck,Home & Kitchen,1.41,6,12.11,-25.7,True,2026-07-08,2026-07,2026-07-06
ORD101204,2026-06-28 07:07:00,W2 - Central,Bike,Personal Care,8.5,5,11.15,-5.5,True,2026-06-28,2026-06,2026-06-22
ORD101205,2026-07-21 19:21:00,W2 - Central,Van,Apparel,6.29,5,11.38,3.5,False,2026-07-21,2026-07,2026-07-20
ORD101206,2026-06-16 21:45:00,W1 - North,Van,Grocery,24.46,3,26.3,-2.3,True,2026-06-16,2026-06,2026-06-15
ORD101207,2026-07-04 22:29:00,W1 - North,Van,Home & Kitchen,2.81,6,9.33,-32.9,True,2026-07-04,2026-07,2026-06-29
ORD101208,2026-05-26 05:25:00,W2 - Central,Van,Personal Care,14.84,6,17.98,8.1,False,2026-05-26,2026-05,2026-05-25
ORD101209,2026-07-26 14:33:00,W1 - North,Bike,Personal Care,3.15,7,12.06,-19.9,True,2026-07-26,2026-07,2026-07-20
ORD101210,2026-06-26 03:37:00,W2 - Central,Van,Personal Care,3.98,5,12.28,-20.1,True,2026-06-26,2026-06,2026-06-22
ORD101211,2026-07-10 17:02:00,W1 - North,Bike,Apparel,2.19,4,6.66,-25.2,True,2026-07-10,2026-07,2026-07-06
ORD101212,2026-06-11 09:58:00,W2 - Central,Bike,Apparel,18.19,4,15.45,13.1,False,2026-06-11,2026-06,2026-06-08
ORD101213,2026-07-18 17:07:00,W1 - North,Bike,Apparel,9.31,4,13.33,-15.9,True,2026-07-18,2026-07,2026-07-13
ORD101214,2026-05-07 16:26:00,W2 - Central,Bike,Apparel,7.03,7,12.84,-13.4,True,2026-05-07,2026-05,2026-05-04
ORD101215,2026-05-11 23:49:00,W1 - North,Van,Home & Kitchen,3.41,6,9.54,-23.3,True,2026-05-11,2026-05,2026-05-11
ORD101216,2026-06-15 11:43:00,W2 - Central,Bike,Personal Care,0.5,9,9.0,-17.3,True,2026-06-15,2026-06,2026-06-15
ORD101217,2026-07-05 08:11:00,W1 - North,Bike,Home & Kitchen,5.13,6,6.92,-9.1,True,2026-07-05,2026-07,2026-06-29
ORD101218,2026-07-12 12:38:00,W3 - South,Van,Apparel,6.6,8,15.07,-16.3,True,2026-07-12,2026-07,2026-07-06
ORD101219,2026-06-09 03:54:00,W2 - Central,Van,Apparel,0.87,6,9.71,-17.4,True,2026-06-09,2026-06,2026-06-08
ORD101220,2026-06-28 02:40:00,W1 - North,Van,Grocery,5.4,7,14.17,-3.6,True,2026-06-28,2026-06,2026-06-22
ORD101221,2026-06-19 12:27:00,W1 - North,Van,Apparel,7.1,5,13.59,-17.1,True,2026-06-19,2026-06,2026-06-15
ORD101222,2026-07-26 19:48:00,W1 - North,Van,Electronics,9.75,3,14.12,-8.0,True,2026-07-26,2026-07,2026-07-20
ORD101223,2026-06-28 12:47:00,W1 - North,Van,Electronics,0.72,2,3.82,-27.1,True,2026-06-28,2026-06,2026-06-22
ORD101224,2026-06-07 18:45:00,W1 - North,Bike,Personal Care,2.32,7,9.26,-23.5,True,2026-06-07,2026-06,2026-06-01
ORD101225,2026-07-27 04:16:00,W3 - South,Van,Apparel,5.27,7,11.23,-29.8,True,2026-07-27,2026-07,2026-07-27
ORD101226,2026-05-10 10:47:00,W2 - Central,Van,Personal Care,10.7,5,16.39,1.7,False,2026-05-10,2026-05,2026-05-04
ORD101227,2026-07-28 14:42:00,W1 - North,Van,Home & Kitchen,14.09,6,17.93,0.6,False,2026-07-28,2026-07,2026-07-27
ORD101228,2026-05-14 08:20:00,W2 - Central,Van,Grocery,6.71,6,13.59,-17.4,True,2026-05-14,2026-05,2026-05-11
ORD101229,2026-05-26 00:20:00,W1 - North,Truck,Grocery,5.33,3,15.44,-23.2,True,2026-05-26,2026-05,2026-05-25
ORD101230,2026-07-13 01:45:00,W3 - South,Van,Personal Care,22.29,3,24.82,6.0,False,2026-07-13,2026-07,2026-07-13
ORD101231,2026-07-06 22:15:00,W1 - North,Van,Electronics,8.19,3,12.75,-1.0,True,2026-07-06,2026-07,2026-07-06
ORD101232,2026-07-27 14:31:00,W2 - Central,Van,Apparel,10.74,5,17.0,3.9,False,2026-07-27,2026-07,2026-07-27
ORD101233,2026-07-07 06:20:00,W3 - South,Van,Electronics,13.87,4,20.34,-1.1,True,2026-07-07,2026-07,2026-07-06
ORD101234,2026-06-27 06:12:00,W1 - North,Bike,Home & Kitchen,1.35,10,9.97,-9.2,True,2026-06-27,2026-06,2026-06-22
ORD101235,2026-06-01 00:56:00,W1 - North,Bike,Electronics,0.59,7,8.76,-33.2,True,2026-06-01,2026-06,2026-06-01
ORD101236,2026-05-01 22:40:00,W1 - North,Van,Grocery,4.92,4,12.35,-10.1,True,2026-05-01,2026-05,2026-04-27
ORD101237,2026-05-12 02:35:00,W3 - South,Bike,Apparel,18.43,4,15.52,2.7,False,2026-05-12,2026-05,2026-05-11
ORD101238,2026-05-27 18:13:00,W2 - Central,Van,Personal Care,3.27,5,6.27,-17.2,True,2026-05-27,2026-05,2026-05-25
ORD101239,2026-05-04 05:45:00,W2 - Central,Bike,Grocery,12.59,3,10.11,-11.6,True,2026-05-04,2026-05,2026-05-04
ORD101240,2026-06-15 08:03:00,W3 - South,Bike,Grocery,17.32,3,14.52,-5.3,True,2026-06-15,2026-06,2026-06-15
ORD101241,2026-07-09 06:34:00,W3 - South,Van,Grocery,23.73,6,26.67,-3.0,True,2026-07-09,2026-07,2026-07-06
ORD101242,2026-07-26 19:47:00,W2 - Central,Bike,Electronics,3.77,6,11.02,-10.3,True,2026-07-26,2026-07,2026-07-20
ORD101243,2026-06-14 00:47:00,W2 - Central,Bike,Electronics,2.25,4,9.74,-17.7,True,2026-06-14,2026-06,2026-06-08
ORD101244,2026-07-18 08:27:00,W2 - Central,Van,Home & Kitchen,1.96,5,7.28,-15.9,True,2026-07-18,2026-07,2026-07-13
ORD101245,2026-07-28 06:42:00,W1 - North,Truck,Personal Care,9.86,6,20.64,-23.9,True,2026-07-28,2026-07,2026-07-27
ORD101246,2026-07-17 06:33:00,W3 - South,Truck,Electronics,2.23,5,9.37,-22.4,True,2026-07-17,2026-07,2026-07-13
ORD101247,2026-06-11 04:37:00,W1 - North,Van,Home & Kitchen,1.59,3,6.02,-24.2,True,2026-06-11,2026-06,2026-06-08
ORD101248,2026-05-30 21:53:00,W1 - North,Bike,Grocery,4.15,6,11.34,-0.1,True,2026-05-30,2026-05,2026-05-25
ORD101249,2026-07-28 09:05:00,W3 - South,Bike,Apparel,11.96,5,10.54,4.7,False,2026-07-28,2026-07,2026-07-27
ORD101250,2026-05-22 10:02:00,W1 - North,Van,Personal Care,3.56,6,11.24,-22.0,True,2026-05-22,2026-05,2026-05-18
ORD101251,2026-06-07 09:14:00,W1 - North,Van,Personal Care,14.11,5,20.58,12.0,False,2026-06-07,2026-06,2026-06-01
ORD101252,2026-05-07 23:31:00,W1 - North,Truck,Electronics,15.97,5,32.16,1.7,False,2026-05-07,2026-05,2026-05-04
ORD101253,2026-07-11 08:08:00,W2 - Central,Bike,Home & Kitchen,0.5,9,9.79,-15.7,True,2026-07-11,2026-07,2026-07-06
ORD101254,2026-06-28 08:12:00,W3 - South,Van,Electronics,14.05,11,21.8,3.0,False,2026-06-28,2026-06,2026-06-22
ORD101255,2026-05-08 07:52:00,W1 - North,Van,Home & Kitchen,4.37,8,14.79,-14.5,True,2026-05-08,2026-05,2026-05-04
ORD101256,2026-05-20 07:50:00,W1 - North,Van,Personal Care,12.67,4,16.3,29.1,False,2026-05-20,2026-05,2026-05-18
ORD101257,2026-06-19 02:09:00,W2 - Central,Truck,Electronics,7.2,3,17.73,-0.4,True,2026-06-19,2026-06,2026-06-15
ORD101258,2026-06-18 14:30:00,W3 - South,Bike,Personal Care,11.55,2,9.86,-11.2,True,2026-06-18,2026-06,2026-06-15
ORD101259,2026-07-12 00:36:00,W1 - North,Van,Personal Care,6.16,2,7.18,-10.3,True,2026-07-12,2026-07,2026-07-06
ORD101260,2026-05-24 05:25:00,W3 - South,Truck,Grocery,2.4,5,9.76,-17.2,True,2026-05-24,2026-05,2026-05-18
ORD101261,2026-07-23 04:51:00,W3 - South,Bike,Apparel,40.12,4,24.42,41.6,False,2026-07-23,2026-07,2026-07-20
ORD101262,2026-06-10 06:59:00,W1 - North,Van,Apparel,2.29,3,7.04,-21.4,True,2026-06-10,2026-06,2026-06-08
ORD101263,2026-07-14 18:09:00,W3 - South,Van,Home & Kitchen,29.88,5,30.91,22.4,False,2026-07-14,2026-07,2026-07-13
ORD101264,2026-05-22 14:23:00,W2 - Central,Bike,Electronics,8.18,9,13.66,-13.4,True,2026-05-22,2026-05,2026-05-18
ORD101265,2026-05-04 23:46:00,W2 - Central,Van,Electronics,3.42,6,11.11,-11.4,True,2026-05-04,2026-05,2026-05-04
ORD101266,2026-05-05 08:25:00,W2 - Central,Van,Electronics,3.01,6,9.2,-10.9,True,2026-05-05,2026-05,2026-05-04
ORD101267,2026-06-03 22:17:00,W3 - South,Bike,Grocery,2.29,3,5.9,-31.6,True,2026-06-03,2026-06,2026-06-01
ORD101268,2026-07-25 01:04:00,W3 - South,Truck,Electronics,10.48,4,20.35,-4.1,True,2026-07-25,2026-07,2026-07-20
ORD101269,2026-05-05 12:06:00,W2 - Central,Van,Apparel,1.09,2,6.01,-14.7,True,2026-05-05,2026-05,2026-05-04
ORD101270,2026-06-03 19:10:00,W3 - South,Truck,Grocery,21.98,6,42.8,9.1,False,2026-06-03,2026-06,2026-06-01
ORD101271,2026-05-10 12:45:00,W2 - Central,Truck,Electronics,6.2,6,18.65,-7.4,True,2026-05-10,2026-05,2026-05-04
ORD101272,2026-07-23 22:23:00,W3 - South,Van,Apparel,9.97,6,14.67,-19.6,True,2026-07-23,2026-07,2026-07-20
ORD101273,2026-06-30 07:32:00,W3 - South,Van,Electronics,10.94,4,18.19,-15.3,True,2026-06-30,2026-06,2026-06-29
ORD101274,2026-07-08 00:47:00,W1 - North,Bike,Electronics,8.51,2,8.13,-3.4,True,2026-07-08,2026-07,2026-07-06
ORD101275,2026-07-04 18:34:00,W1 - North,Bike,Apparel,5.23,5,7.42,-15.9,True,2026-07-04,2026-07,2026-06-29
ORD101276,2026-06-29 01:37:00,W1 - North,Van,Electronics,5.79,5,9.38,-16.8,True,2026-06-29,2026-06,2026-06-29
ORD101277,2026-07-09 18:21:00,W3 - South,Bike,Home & Kitchen,31.97,4,19.23,24.0,False,2026-07-09,2026-07,2026-07-06
ORD101278,2026-05-01 17:36:00,W1 - North,Bike,Electronics,13.69,5,13.4,-8.7,True,2026-05-01,2026-05,2026-04-27
ORD101279,2026-07-17 20:15:00,W2 - Central,Bike,Apparel,7.94,6,10.43,-15.0,True,2026-07-17,2026-07,2026-07-13
ORD101280,2026-07-06 11:29:00,W1 - North,Bike,Grocery,4.55,4,7.08,-22.2,True,2026-07-06,2026-07,2026-07-06
ORD101281,2026-07-06 21:29:00,W1 - North,Van,Grocery,0.95,4,5.44,-34.6,True,2026-07-06,2026-07,2026-07-06
ORD101282,2026-06-05 04:04:00,W2 - Central,Van,Apparel,7.31,5,11.09,2.4,False,2026-06-05,2026-06,2026-06-01
ORD101283,2026-07-12 10:25:00,W1 - North,Van,Personal Care,7.28,3,10.15,-12.7,True,2026-07-12,2026-07,2026-07-06
ORD101284,2026-06-04 02:55:00,W3 - South,Truck,Grocery,8.54,7,22.28,-15.6,True,2026-06-04,2026-06,2026-06-01
ORD101285,2026-05-05 18:24:00,W1 - North,Truck,Home & Kitchen,6.41,4,18.41,-21.2,True,2026-05-05,2026-05,2026-05-04
ORD101286,2026-07-21 17:08:00,W3 - South,Bike,Home & Kitchen,3.64,4,10.4,-23.5,True,2026-07-21,2026-07,2026-07-20
ORD101287,2026-05-22 19:21:00,W1 - North,Van,Electronics,3.12,5,10.19,-11.6,True,2026-05-22,2026-05,2026-05-18
ORD101288,2026-05-10 18:20:00,W3 - South,Bike,Apparel,20.57,3,14.18,2.1,False,2026-05-10,2026-05,2026-05-04
ORD101289,2026-06-25 07:24:00,W2 - Central,Van,Home & Kitchen,0.5,9,8.33,-16.3,True,2026-06-25,2026-06,2026-06-22
ORD101290,2026-05-22 01:38:00,W1 - North,Van,Personal Care,12.42,7,19.39,-19.9,True,2026-05-22,2026-05,2026-05-18
ORD101291,2026-07-17 22:18:00,W1 - North,Van,Personal Care,17.28,4,20.22,12.0,False,2026-07-17,2026-07,2026-07-13
ORD101292,2026-06-09 11:49:00,W1 - North,Bike,Electronics,9.61,5,11.61,-13.7,True,2026-06-09,2026-06,2026-06-08
ORD101293,2026-05-01 02:15:00,W2 - Central,Van,Personal Care,6.96,8,17.11,-20.8,True,2026-05-01,2026-05,2026-04-27
ORD101294,2026-07-25 22:14:00,W3 - South,Bike,Grocery,4.65,5,9.0,-28.6,True,2026-07-25,2026-07,2026-07-20
ORD101295,2026-06-16 23:51:00,W1 - North,Truck,Grocery,3.52,6,15.91,-16.2,True,2026-06-16,2026-06,2026-06-15
ORD101296,2026-05-24 10:41:00,W2 - Central,Bike,Personal Care,3.65,1,4.12,-27.2,True,2026-05-24,2026-05,2026-05-18
ORD101297,2026-06-30 18:28:00,W2 - Central,Van,Apparel,1.48,8,10.23,-15.3,True,2026-06-30,2026-06,2026-06-29
ORD101298,2026-06-17 00:52:00,W2 - Central,Truck,Apparel,2.48,3,9.56,-23.8,True,2026-06-17,2026-06,2026-06-15
ORD101299,2026-05-03 02:14:00,W2 - Central,Bike,Personal Care,5.45,2,5.77,-9.8,True,2026-05-03,2026-05,2026-04-27
ORD101300,2026-07-08 06:38:00,W2 - Central,Van,Electronics,3.47,4,10.05,-23.3,True,2026-07-08,2026-07,2026-07-06
ORD101301,2026-06-06 15:44:00,W2 - Central,Bike,Grocery,5.8,11,15.11,-8.8,True,2026-06-06,2026-06,2026-06-01
ORD101302,2026-07-02 03:12:00,W3 - South,Truck,Grocery,20.52,9,43.6,4.8,False,2026-07-02,2026-07,2026-06-29
ORD101303,2026-07-20 00:49:00,W1 - North,Van,Personal Care,7.69,4,13.06,-12.0,True,2026-07-20,2026-07,2026-07-20
ORD101304,2026-06-24 16:03:00,W1 - North,Van,Apparel,9.35,7,12.8,-14.3,True,2026-06-24,2026-06,2026-06-22
ORD101305,2026-06-30 18:29:00,W1 - North,Van,Grocery,1.43,3,7.23,-26.1,True,2026-06-30,2026-06,2026-06-29
ORD101306,2026-05-23 17:44:00,W2 - Central,Van,Electronics,10.14,6,16.83,1.9,False,2026-05-23,2026-05,2026-05-18
ORD101307,2026-05-22 19:10:00,W1 - North,Bike,Personal Care,1.39,9,9.2,-19.7,True,2026-05-22,2026-05,2026-05-18
ORD101308,2026-06-07 19:16:00,W3 - South,Van,Home & Kitchen,6.56,7,13.6,-8.2,True,2026-06-07,2026-06,2026-06-01
ORD101309,2026-07-16 14:27:00,W2 - Central,Van,Grocery,1.91,5,7.39,-24.2,True,2026-07-16,2026-07,2026-07-13
ORD101310,2026-06-17 12:27:00,W2 - Central,Van,Personal Care,0.72,4,6.31,-31.0,True,2026-06-17,2026-06,2026-06-15
ORD101311,2026-06-01 20:33:00,W3 - South,Van,Home & Kitchen,11.1,4,16.86,-4.1,True,2026-06-01,2026-06,2026-06-01
ORD101312,2026-07-10 08:21:00,W1 - North,Van,Home & Kitchen,9.93,7,18.22,-17.9,True,2026-07-10,2026-07,2026-07-06
ORD101313,2026-07-16 02:20:00,W3 - South,Bike,Home & Kitchen,26.36,3,15.72,20.0,False,2026-07-16,2026-07,2026-07-13
ORD101314,2026-07-21 18:02:00,W1 - North,Van,Home & Kitchen,8.19,3,11.5,-16.8,True,2026-07-21,2026-07,2026-07-20
ORD101315,2026-05-27 06:37:00,W2 - Central,Van,Grocery,2.46,2,4.41,-24.9,True,2026-05-27,2026-05,2026-05-25
ORD101316,2026-07-03 23:29:00,W3 - South,Truck,Grocery,6.81,1,17.28,-19.4,True,2026-07-03,2026-07,2026-06-29
ORD101317,2026-06-23 09:56:00,W3 - South,Truck,Electronics,1.7,3,9.21,-19.0,True,2026-06-23,2026-06,2026-06-22
ORD101318,2026-06-10 20:26:00,W3 - South,Van,Apparel,7.41,7,11.0,-11.7,True,2026-06-10,2026-06,2026-06-08
ORD101319,2026-06-05 01:01:00,W1 - North,Van,Home & Kitchen,6.57,9,14.39,-14.2,True,2026-06-05,2026-06,2026-06-01
ORD101320,2026-05-11 15:49:00,W3 - South,Van,Electronics,14.45,3,17.16,7.5,False,2026-05-11,2026-05,2026-05-11
ORD101321,2026-05-25 10:45:00,W2 - Central,Van,Grocery,8.63,5,12.7,-21.7,True,2026-05-25,2026-05,2026-05-25
ORD101322,2026-06-19 11:06:00,W2 - Central,Van,Home & Kitchen,7.06,8,15.86,-17.2,True,2026-06-19,2026-06,2026-06-15
ORD101323,2026-07-19 06:21:00,W1 - North,Truck,Electronics,2.98,4,11.98,-23.3,True,2026-07-19,2026-07,2026-07-13
ORD101324,2026-07-17 23:18:00,W1 - North,Bike,Grocery,2.26,8,9.76,-11.5,True,2026-07-17,2026-07,2026-07-13
ORD101325,2026-05-17 09:25:00,W2 - Central,Van,Apparel,8.2,7,13.71,9.7,False,2026-05-17,2026-05,2026-05-11
ORD101326,2026-07-01 20:24:00,W1 - North,Truck,Grocery,0.92,7,8.15,-43.1,True,2026-07-01,2026-07,2026-06-29
ORD101327,2026-05-08 10:12:00,W2 - Central,Van,Electronics,17.42,5,21.38,6.2,False,2026-05-08,2026-05,2026-05-04
ORD101328,2026-06-30 01:09:00,W3 - South,Van,Electronics,5.34,7,11.55,-33.2,True,2026-06-30,2026-06,2026-06-29
ORD101329,2026-05-31 21:06:00,W3 - South,Van,Electronics,22.18,5,25.35,15.8,False,2026-05-31,2026-05,2026-05-25
ORD101330,2026-06-10 04:26:00,W1 - North,Van,Home & Kitchen,4.13,4,10.25,-15.8,True,2026-06-10,2026-06,2026-06-08
ORD101331,2026-07-04 06:29:00,W3 - South,Truck,Grocery,15.14,6,27.96,12.3,False,2026-07-04,2026-07,2026-06-29
ORD101332,2026-06-08 20:39:00,W1 - North,Van,Home & Kitchen,2.34,5,7.35,-24.1,True,2026-06-08,2026-06,2026-06-08
ORD101333,2026-07-12 21:26:00,W2 - Central,Bike,Electronics,5.15,5,8.86,-10.0,True,2026-07-12,2026-07,2026-07-06
ORD101334,2026-06-18 22:00:00,W3 - South,Van,Home & Kitchen,1.84,5,10.41,-30.4,True,2026-06-18,2026-06,2026-06-15
ORD101335,2026-07-29 10:13:00,W1 - North,Truck,Home & Kitchen,8.51,5,20.79,-8.7,True,2026-07-29,2026-07,2026-07-27
ORD101336,2026-06-27 18:10:00,W1 - North,Bike,Grocery,2.3,2,5.77,-0.9,True,2026-06-27,2026-06,2026-06-22
ORD101337,2026-05-27 07:52:00,W1 - North,Van,Apparel,2.66,1,6.96,-39.8,True,2026-05-27,2026-05,2026-05-25
ORD101338,2026-07-09 17:46:00,W2 - Central,Van,Grocery,3.55,6,9.97,-1.1,True,2026-07-09,2026-07,2026-07-06
ORD101339,2026-06-06 12:03:00,W3 - South,Truck,Grocery,8.32,7,22.05,-6.4,True,2026-06-06,2026-06,2026-06-01
ORD101340,2026-06-18 01:14:00,W1 - North,Van,Grocery,9.65,4,14.75,-6.1,True,2026-06-18,2026-06,2026-06-15
ORD101341,2026-05-13 10:01:00,W1 - North,Van,Apparel,8.98,5,16.05,-12.3,True,2026-05-13,2026-05,2026-05-11
ORD101342,2026-05-11 11:13:00,W2 - Central,Truck,Electronics,5.56,3,11.78,-1.4,True,2026-05-11,2026-05,2026-05-11
ORD101343,2026-06-21 06:10:00,W1 - North,Van,Apparel,12.4,4,15.23,1.7,False,2026-06-21,2026-06,2026-06-15
ORD101344,2026-05-17 08:59:00,W2 - Central,Van,Grocery,6.6,4,11.92,-10.1,True,2026-05-17,2026-05,2026-05-11
ORD101345,2026-07-29 12:03:00,W3 - South,Van,Home & Kitchen,13.88,5,19.04,-2.6,True,2026-07-29,2026-07,2026-07-27
ORD101346,2026-07-17 01:11:00,W2 - Central,Van,Home & Kitchen,1.98,2,9.98,-11.5,True,2026-07-17,2026-07,2026-07-13
ORD101347,2026-07-03 03:38:00,W3 - South,Van,Home & Kitchen,19.57,6,21.03,5.0,False,2026-07-03,2026-07,2026-06-29
ORD101348,2026-07-06 18:24:00,W2 - Central,Van,Electronics,8.98,2,12.29,-27.0,True,2026-07-06,2026-07,2026-07-06
ORD101349,2026-06-23 08:26:00,W3 - South,Van,Apparel,11.52,3,14.98,-13.7,True,2026-06-23,2026-06,2026-06-22
ORD101350,2026-05-06 14:36:00,W1 - North,Van,Home & Kitchen,11.68,2,14.99,-10.3,True,2026-05-06,2026-05,2026-05-04
ORD101351,2026-06-05 13:34:00,W1 - North,Van,Electronics,6.48,2,12.81,-21.5,True,2026-06-05,2026-06,2026-06-01
ORD101352,2026-06-14 13:13:00,W2 - Central,Truck,Personal Care,13.62,6,29.25,6.2,False,2026-06-14,2026-06,2026-06-08
ORD101353,2026-07-22 09:55:00,W1 - North,Bike,Electronics,7.17,4,6.85,-6.3,True,2026-07-22,2026-07,2026-07-20
ORD101354,2026-05-20 11:35:00,W3 - South,Van,Grocery,9.47,9,19.25,-33.2,True,2026-05-20,2026-05,2026-05-18
ORD101355,2026-06-14 19:46:00,W2 - Central,Van,Apparel,6.63,4,13.8,-3.4,True,2026-06-14,2026-06,2026-06-08
ORD101356,2026-05-31 23:09:00,W3 - South,Bike,Personal Care,31.01,4,20.79,33.1,False,2026-05-31,2026-05,2026-05-25
ORD101357,2026-05-13 06:09:00,W1 - North,Van,Grocery,4.24,5,7.68,-4.1,True,2026-05-13,2026-05,2026-05-11
ORD101358,2026-05-10 16:04:00,W2 - Central,Van,Apparel,6.33,6,12.25,-3.3,True,2026-05-10,2026-05,2026-05-04
ORD101359,2026-06-02 23:16:00,W2 - Central,Bike,Home & Kitchen,3.38,8,10.58,-10.2,True,2026-06-02,2026-06,2026-06-01
ORD101360,2026-05-08 00:10:00,W1 - North,Van,Personal Care,6.31,4,12.76,-18.7,True,2026-05-08,2026-05,2026-05-04
ORD101361,2026-05-07 18:49:00,W2 - Central,Bike,Home & Kitchen,2.45,4,4.39,-18.3,True,2026-05-07,2026-05,2026-05-04
ORD101362,2026-06-01 11:55:00,W2 - Central,Truck,Electronics,6.81,8,17.57,8.2,False,2026-06-01,2026-06,2026-06-01
ORD101363,2026-05-19 23:13:00,W3 - South,Bike,Grocery,10.11,7,14.07,-22.2,True,2026-05-19,2026-05,2026-05-18
ORD101364,2026-06-19 13:52:00,W2 - Central,Van,Apparel,8.63,6,16.69,-11.8,True,2026-06-19,2026-06,2026-06-15
ORD101365,2026-05-02 20:06:00,W1 - North,Van,Apparel,13.73,3,17.62,7.3,False,2026-05-02,2026-05,2026-04-27
ORD101366,2026-05-28 03:59:00,W2 - Central,Van,Grocery,11.36,10,20.88,4.9,False,2026-05-28,2026-05,2026-05-25
ORD101367,2026-06-10 03:24:00,W2 - Central,Bike,Personal Care,3.48,5,8.81,-18.9,True,2026-06-10,2026-06,2026-06-08
ORD101368,2026-07-26 22:14:00,W1 - North,Truck,Electronics,8.86,3,20.3,-9.4,True,2026-07-26,2026-07,2026-07-20
ORD101369,2026-06-27 12:38:00,W2 - Central,Truck,Apparel,11.85,10,27.85,18.7,False,2026-06-27,2026-06,2026-06-22
ORD101370,2026-07-19 13:24:00,W1 - North,Van,Apparel,3.25,5,9.98,-13.5,True,2026-07-19,2026-07,2026-07-13
ORD101371,2026-05-31 04:04:00,W1 - North,Bike,Personal Care,7.28,5,8.07,-16.6,True,2026-05-31,2026-05,2026-05-25
ORD101372,2026-06-10 05:26:00,W2 - Central,Van,Personal Care,2.58,3,8.58,-17.6,True,2026-06-10,2026-06,2026-06-08
ORD101373,2026-06-07 19:38:00,W1 - North,Bike,Personal Care,20.49,6,14.8,15.3,False,2026-06-07,2026-06,2026-06-01
ORD101374,2026-07-19 07:16:00,W2 - Central,Van,Electronics,11.76,6,18.18,11.4,False,2026-07-19,2026-07,2026-07-13
ORD101375,2026-07-26 14:01:00,W1 - North,Van,Electronics,9.95,2,12.5,-10.4,True,2026-07-26,2026-07,2026-07-20
ORD101376,2026-07-26 07:35:00,W2 - Central,Van,Home & Kitchen,7.38,7,14.53,-11.3,True,2026-07-26,2026-07,2026-07-20
ORD101377,2026-07-07 06:19:00,W1 - North,Truck,Electronics,3.73,4,10.18,-18.7,True,2026-07-07,2026-07,2026-07-06
ORD101378,2026-06-15 03:59:00,W3 - South,Van,Electronics,25.38,8,29.12,22.6,False,2026-06-15,2026-06,2026-06-15
ORD101379,2026-06-18 22:18:00,W1 - North,Van,Apparel,5.35,2,9.8,-10.5,True,2026-06-18,2026-06,2026-06-15
ORD101380,2026-07-28 22:33:00,W2 - Central,Van,Grocery,3.03,8,12.01,-26.7,True,2026-07-28,2026-07,2026-07-27
ORD101381,2026-05-26 02:45:00,W1 - North,Van,Grocery,14.24,1,17.84,-7.8,True,2026-05-26,2026-05,2026-05-25
ORD101382,2026-06-01 08:28:00,W1 - North,Truck,Grocery,4.96,4,11.76,-24.5,True,2026-06-01,2026-06,2026-06-01
ORD101383,2026-07-20 13:31:00,W2 - Central,Van,Electronics,3.14,4,6.32,-21.4,True,2026-07-20,2026-07,2026-07-20
ORD101384,2026-06-04 09:11:00,W3 - South,Van,Grocery,17.96,9,22.7,-9.6,True,2026-06-04,2026-06,2026-06-01
ORD101385,2026-05-22 17:18:00,W3 - South,Bike,Home & Kitchen,3.68,2,4.82,-38.0,True,2026-05-22,2026-05,2026-05-18
ORD101386,2026-06-20 06:14:00,W1 - North,Van,Apparel,10.03,4,16.78,-3.3,True,2026-06-20,2026-06,2026-06-15
ORD101387,2026-05-30 01:24:00,W1 - North,Van,Home & Kitchen,7.34,6,15.35,-13.7,True,2026-05-30,2026-05,2026-05-25
ORD101388,2026-07-20 08:05:00,W2 - Central,Van,Grocery,8.47,5,12.21,-14.3,True,2026-07-20,2026-07,2026-07-20
ORD101389,2026-07-21 14:20:00,W2 - Central,Van,Electronics,6.96,2,13.18,0.7,False,2026-07-21,2026-07,2026-07-20
ORD101390,2026-05-28 04:20:00,W1 - North,Van,Grocery,29.02,2,31.29,43.1,False,2026-05-28,2026-05,2026-05-25
ORD101391,2026-06-17 19:34:00,W2 - Central,Van,Home & Kitchen,5.89,4,8.46,-13.1,True,2026-06-17,2026-06,2026-06-15
ORD101392,2026-07-28 00:17:00,W2 - Central,Van,Grocery,3.71,6,8.71,-28.7,True,2026-07-28,2026-07,2026-07-27
ORD101393,2026-07-06 01:37:00,W2 - Central,Bike,Personal Care,5.07,4,5.78,-10.6,True,2026-07-06,2026-07,2026-07-06
ORD101394,2026-05-20 12:12:00,W1 - North,Truck,Grocery,9.21,6,21.06,-31.5,True,2026-05-20,2026-05,2026-05-18
ORD101395,2026-06-23 12:17:00,W2 - Central,Truck,Home & Kitchen,14.81,5,29.19,-7.0,True,2026-06-23,2026-06,2026-06-22
ORD101396,2026-06-25 07:04:00,W1 - North,Van,Apparel,10.48,3,14.23,-9.0,True,2026-06-25,2026-06,2026-06-22
ORD101397,2026-06-28 06:12:00,W2 - Central,Van,Home & Kitchen,2.67,2,3.93,-25.8,True,2026-06-28,2026-06,2026-06-22
ORD101398,2026-05-03 01:40:00,W1 - North,Truck,Grocery,55.35,4,88.45,77.7,False,2026-05-03,2026-05,2026-04-27
ORD101399,2026-05-27 15:54:00,W3 - South,Bike,Personal Care,20.03,8,18.05,-5.9,True,2026-05-27,2026-05,2026-05-25
ORD101400,2026-07-16 09:05:00,W3 - South,Van,Grocery,5.08,3,10.55,-24.4,True,2026-07-16,2026-07,2026-07-13
ORD101401,2026-05-22 02:50:00,W2 - Central,Van,Grocery,1.99,4,4.56,-9.9,True,2026-05-22,2026-05,2026-05-18
ORD101402,2026-05-27 09:35:00,W1 - North,Van,Grocery,2.22,4,5.87,-33.1,True,2026-05-27,2026-05,2026-05-25
ORD101403,2026-05-30 22:29:00,W1 - North,Van,Grocery,6.51,10,16.56,-7.8,True,2026-05-30,2026-05,2026-05-25
ORD101404,2026-05-16 06:16:00,W2 - Central,Van,Apparel,5.03,2,7.14,-16.2,True,2026-05-16,2026-05,2026-05-11
ORD101405,2026-05-14 21:28:00,W2 - Central,Van,Home & Kitchen,2.98,9,11.41,-20.9,True,2026-05-14,2026-05,2026-05-11
ORD101406,2026-06-01 06:12:00,W3 - South,Truck,Home & Kitchen,2.89,3,7.74,-36.6,True,2026-06-01,2026-06,2026-06-01
ORD101407,2026-07-18 04:27:00,W1 - North,Bike,Home & Kitchen,2.71,3,7.81,-13.4,True,2026-07-18,2026-07,2026-07-13
ORD101408,2026-05-01 06:15:00,W3 - South,Bike,Home & Kitchen,15.94,4,10.33,-16.2,True,2026-05-01,2026-05,2026-04-27
ORD101409,2026-05-26 07:45:00,W1 - North,Van,Personal Care,5.42,9,13.05,-20.5,True,2026-05-26,2026-05,2026-05-25
ORD101410,2026-05-06 02:53:00,W1 - North,Bike,Personal Care,2.99,3,8.11,-23.2,True,2026-05-06,2026-05,2026-05-04
ORD101411,2026-06-20 14:06:00,W1 - North,Bike,Grocery,7.33,4,10.24,-2.7,True,2026-06-20,2026-06,2026-06-15
ORD101412,2026-05-23 08:00:00,W2 - Central,Van,Grocery,6.27,7,12.34,1.5,False,2026-05-23,2026-05,2026-05-18
ORD101413,2026-07-11 17:14:00,W1 - North,Bike,Grocery,9.02,4,9.07,-8.3,True,2026-07-11,2026-07,2026-07-06
ORD101414,2026-06-22 11:47:00,W1 - North,Bike,Grocery,7.13,7,10.68,-21.0,True,2026-06-22,2026-06,2026-06-22
ORD101415,2026-07-10 10:37:00,W3 - South,Bike,Apparel,9.51,6,9.61,-5.8,True,2026-07-10,2026-07,2026-07-06
ORD101416,2026-06-27 11:18:00,W2 - Central,Van,Personal Care,11.27,5,15.93,-2.4,True,2026-06-27,2026-06,2026-06-22
ORD101417,2026-06-09 03:45:00,W1 - North,Truck,Apparel,2.81,9,13.07,-30.1,True,2026-06-09,2026-06,2026-06-08
ORD101418,2026-07-17 17:06:00,W1 - North,Van,Grocery,5.73,5,10.74,-7.9,True,2026-07-17,2026-07,2026-07-13
ORD101419,2026-06-12 02:29:00,W2 - Central,Van,Electronics,0.82,3,7.5,-19.8,True,2026-06-12,2026-06,2026-06-08
ORD101420,2026-07-25 17:19:00,W1 - North,Van,Home & Kitchen,5.17,4,8.69,-11.4,True,2026-07-25,2026-07,2026-07-20
ORD101421,2026-07-29 23:59:00,W1 - North,Van,Apparel,7.71,8,12.29,-8.6,True,2026-07-29,2026-07,2026-07-27
ORD101422,2026-06-23 18:20:00,W2 - Central,Van,Grocery,8.92,8,15.09,-4.5,True,2026-06-23,2026-06,2026-06-22
ORD101423,2026-06-30 10:55:00,W1 - North,Van,Personal Care,1.14,6,8.25,-41.0,True,2026-06-30,2026-06,2026-06-29
ORD101424,2026-05-24 07:32:00,W2 - Central,Bike,Electronics,5.66,4,8.38,-3.8,True,2026-05-24,2026-05,2026-05-18
ORD101425,2026-07-13 20:56:00,W1 - North,Van,Electronics,21.67,3,23.49,8.4,False,2026-07-13,2026-07,2026-07-13
ORD101426,2026-06-30 06:10:00,W1 - North,Truck,Personal Care,9.5,6,19.95,-19.9,True,2026-06-30,2026-06,2026-06-29
ORD101427,2026-07-21 11:34:00,W1 - North,Van,Apparel,2.36,6,7.63,-35.5,True,2026-07-21,2026-07,2026-07-20
ORD101428,2026-05-25 18:30:00,W1 - North,Bike,Grocery,5.17,5,8.19,-21.6,True,2026-05-25,2026-05,2026-05-25
ORD101429,2026-07-10 22:08:00,W1 - North,Truck,Grocery,9.72,5,20.52,-24.8,True,2026-07-10,2026-07,2026-07-06
ORD101430,2026-06-12 22:06:00,W1 - North,Bike,Grocery,4.12,7,11.28,-22.9,True,2026-06-12,2026-06,2026-06-08
ORD101431,2026-05-17 02:06:00,W3 - South,Bike,Electronics,12.27,7,13.83,-3.5,True,2026-05-17,2026-05,2026-05-11
ORD101432,2026-05-16 21:33:00,W3 - South,Bike,Grocery,11.76,8,13.0,-2.3,True,2026-05-16,2026-05,2026-05-11
ORD101433,2026-06-20 02:44:00,W1 - North,Van,Personal Care,6.44,2,11.81,-10.5,True,2026-06-20,2026-06,2026-06-15
ORD101434,2026-05-29 14:01:00,W2 - Central,Van,Apparel,1.6,6,9.13,-13.6,True,2026-05-29,2026-05,2026-05-25
ORD101435,2026-05-10 22:18:00,W2 - Central,Van,Grocery,2.83,10,9.87,-13.0,True,2026-05-10,2026-05,2026-05-04
ORD101436,2026-06-08 15:42:00,W3 - South,Van,Apparel,34.63,3,29.87,39.0,False,2026-06-08,2026-06,2026-06-08
ORD101437,2026-06-28 22:44:00,W1 - North,Van,Personal Care,4.91,2,6.89,-19.0,True,2026-06-28,2026-06,2026-06-22
ORD101438,2026-05-29 08:15:00,W1 - North,Van,Apparel,5.39,6,12.57,-4.2,True,2026-05-29,2026-05,2026-05-25
ORD101439,2026-07-25 07:33:00,W1 - North,Truck,Apparel,5.37,4,15.45,-19.9,True,2026-07-25,2026-07,2026-07-20
ORD101440,2026-07-10 07:49:00,W1 - North,Truck,Electronics,11.69,2,20.1,-25.7,True,2026-07-10,2026-07,2026-07-06
ORD101441,2026-06-16 08:31:00,W1 - North,Bike,Personal Care,5.6,4,9.5,-13.7,True,2026-06-16,2026-06,2026-06-15
ORD101442,2026-07-24 16:23:00,W3 - South,Bike,Home & Kitchen,9.82,2,10.22,-12.9,True,2026-07-24,2026-07,2026-07-20
ORD101443,2026-06-08 10:51:00,W3 - South,Van,Apparel,11.32,8,20.01,1.7,False,2026-06-08,2026-06,2026-06-08
ORD101444,2026-05-13 17:41:00,W1 - North,Van,Electronics,12.59,2,16.82,-6.7,True,2026-05-13,2026-05,2026-05-11
ORD101445,2026-05-04 09:59:00,W2 - Central,Bike,Personal Care,4.93,3,9.63,5.8,False,2026-05-04,2026-05,2026-05-04
ORD101446,2026-07-24 07:23:00,W1 - North,Bike,Electronics,7.1,5,10.55,-19.2,True,2026-07-24,2026-07,2026-07-20
ORD101447,2026-07-26 04:33:00,W2 - Central,Van,Grocery,3.22,8,11.72,1.9,False,2026-07-26,2026-07,2026-07-20
ORD101448,2026-07-06 13:13:00,W2 - Central,Van,Home & Kitchen,6.24,3,10.1,-17.5,True,2026-07-06,2026-07,2026-07-06
ORD101449,2026-05-10 21:33:00,W1 - North,Van,Grocery,10.04,4,15.67,-1.3,True,2026-05-10,2026-05,2026-05-04
ORD101450,2026-05-27 20:36:00,W3 - South,Van,Grocery,15.79,9,20.32,6.3,False,2026-05-27,2026-05,2026-05-25
ORD101451,2026-05-04 06:04:00,W3 - South,Van,Grocery,31.24,2,31.05,31.4,False,2026-05-04,2026-05,2026-05-04
ORD101452,2026-05-05 11:27:00,W2 - Central,Van,Electronics,2.66,10,12.57,-7.0,True,2026-05-05,2026-05,2026-05-04
ORD101453,2026-05-23 16:55:00,W2 - Central,Bike,Home & Kitchen,5.08,6,11.59,-34.7,True,2026-05-23,2026-05,2026-05-18
ORD101454,2026-06-21 14:41:00,W2 - Central,Truck,Electronics,4.22,5,12.24,-8.6,True,2026-06-21,2026-06,2026-06-15
ORD101455,2026-05-06 01:36:00,W1 - North,Van,Apparel,18.44,5,23.63,-1.1,True,2026-05-06,2026-05,2026-05-04
ORD101456,2026-07-28 14:11:00,W1 - North,Bike,Home & Kitchen,10.8,5,11.25,-13.9,True,2026-07-28,2026-07,2026-07-27
ORD101457,2026-06-10 00:55:00,W2 - Central,Bike,Home & Kitchen,1.18,7,9.73,-21.7,True,2026-06-10,2026-06,2026-06-08
ORD101458,2026-05-24 02:47:00,W1 - North,Van,Personal Care,4.0,6,9.3,-6.8,True,2026-05-24,2026-05,2026-05-18
ORD101459,2026-06-16 15:41:00,W3 - South,Bike,Personal Care,7.68,5,11.18,-16.6,True,2026-06-16,2026-06,2026-06-15
ORD101460,2026-07-11 02:27:00,W2 - Central,Van,Apparel,1.36,3,6.31,-19.6,True,2026-07-11,2026-07,2026-07-06
ORD101461,2026-05-29 08:08:00,W1 - North,Bike,Grocery,7.15,8,9.86,-28.2,True,2026-05-29,2026-05,2026-05-25
ORD101462,2026-05-05 14:07:00,W1 - North,Van,Grocery,4.44,3,8.84,-10.4,True,2026-05-05,2026-05,2026-05-04
ORD101463,2026-05-05 15:43:00,W3 - South,Truck,Personal Care,32.12,5,57.63,22.2,False,2026-05-05,2026-05,2026-05-04
ORD101464,2026-07-16 10:41:00,W1 - North,Truck,Electronics,8.27,3,16.42,-18.1,True,2026-07-16,2026-07,2026-07-13
ORD101465,2026-05-11 02:15:00,W1 - North,Van,Home & Kitchen,4.97,5,8.5,-2.3,True,2026-05-11,2026-05,2026-05-11
ORD101466,2026-06-27 19:10:00,W1 - North,Van,Apparel,2.97,6,10.23,-23.1,True,2026-06-27,2026-06,2026-06-22
ORD101467,2026-06-04 22:47:00,W2 - Central,Van,Apparel,4.76,6,8.63,-15.6,True,2026-06-04,2026-06,2026-06-01
ORD101468,2026-07-09 21:19:00,W3 - South,Bike,Home & Kitchen,26.13,2,19.26,16.3,False,2026-07-09,2026-07,2026-07-06
ORD101469,2026-05-06 17:57:00,W1 - North,Bike,Apparel,5.68,4,10.86,-35.5,True,2026-05-06,2026-05,2026-05-04
ORD101470,2026-07-20 09:39:00,W3 - South,Van,Electronics,9.59,8,18.01,-27.9,True,2026-07-20,2026-07,2026-07-20
ORD101471,2026-07-02 21:01:00,W1 - North,Bike,Grocery,13.76,5,12.91,-9.2,True,2026-07-02,2026-07,2026-06-29
ORD101472,2026-06-10 11:42:00,W2 - Central,Van,Electronics,6.08,5,14.16,-15.5,True,2026-06-10,2026-06,2026-06-08
ORD101473,2026-05-19 03:16:00,W1 - North,Van,Apparel,11.53,4,17.72,-8.7,True,2026-05-19,2026-05,2026-05-18
ORD101474,2026-07-27 20:24:00,W2 - Central,Van,Home & Kitchen,6.51,3,10.04,-21.0,True,2026-07-27,2026-07,2026-07-27
ORD101475,2026-05-28 07:41:00,W2 - Central,Van,Grocery,6.26,2,12.18,-9.6,True,2026-05-28,2026-05,2026-05-25
ORD101476,2026-06-14 22:31:00,W2 - Central,Van,Grocery,1.12,2,4.28,-35.7,True,2026-06-14,2026-06,2026-06-08
ORD101477,2026-06-05 08:50:00,W1 - North,Van,Personal Care,2.62,4,7.83,-27.5,True,2026-06-05,2026-06,2026-06-01
ORD101478,2026-05-21 20:51:00,W3 - South,Van,Apparel,11.25,6,13.97,-7.6,True,2026-05-21,2026-05,2026-05-18
ORD101479,2026-06-07 12:53:00,W3 - South,Truck,Electronics,4.82,6,14.69,-13.1,True,2026-06-07,2026-06,2026-06-01
ORD101480,2026-05-14 11:13:00,W2 - Central,Van,Electronics,4.77,7,11.31,-13.8,True,2026-05-14,2026-05,2026-05-11
ORD101481,2026-05-01 07:07:00,W2 - Central,Truck,Home & Kitchen,1.81,5,8.59,-25.5,True,2026-05-01,2026-05,2026-04-27
ORD101482,2026-05-27 20:03:00,W3 - South,Bike,Apparel,20.74,4,15.35,3.9,False,2026-05-27,2026-05,2026-05-25
ORD101483,2026-05-11 01:27:00,W1 - North,Bike,Personal Care,3.55,7,8.49,-11.6,True,2026-05-11,2026-05,2026-05-11
ORD101484,2026-06-07 11:15:00,W3 - South,Van,Home & Kitchen,4.45,7,11.54,-21.3,True,2026-06-07,2026-06,2026-06-01
ORD101485,2026-07-17 08:51:00,W1 - North,Bike,Home & Kitchen,1.94,4,8.73,-19.3,True,2026-07-17,2026-07,2026-07-13
ORD101486,2026-05-15 13:02:00,W3 - South,Van,Personal Care,15.67,6,18.82,7.8,False,2026-05-15,2026-05,2026-05-11
ORD101487,2026-05-01 06:06:00,W1 - North,Van,Grocery,6.35,5,13.19,-34.6,True,2026-05-01,2026-05,2026-04-27
ORD101488,2026-05-10 15:57:00,W1 - North,Van,Grocery,13.5,7,19.49,2.1,False,2026-05-10,2026-05,2026-05-04
ORD101489,2026-06-15 09:15:00,W2 - Central,Van,Home & Kitchen,3.23,4,9.21,-26.5,True,2026-06-15,2026-06,2026-06-15
ORD101490,2026-05-25 04:30:00,W2 - Central,Truck,Apparel,1.92,5,9.39,-32.9,True,2026-05-25,2026-05,2026-05-25
ORD101491,2026-06-14 04:43:00,W3 - South,Truck,Home & Kitchen,9.21,6,20.11,-0.6,True,2026-06-14,2026-06,2026-06-08
ORD101492,2026-05-03 16:42:00,W3 - South,Bike,Electronics,22.94,4,17.29,21.0,False,2026-05-03,2026-05,2026-04-27
ORD101493,2026-05-30 06:17:00,W1 - North,Van,Home & Kitchen,1.45,6,9.11,-18.1,True,2026-05-30,2026-05,2026-05-25
ORD101494,2026-06-06 07:22:00,W1 - North,Truck,Personal Care,7.97,5,17.5,-18.6,True,2026-06-06,2026-06,2026-06-01
ORD101495,2026-06-08 15:02:00,W1 - North,Bike,Home & Kitchen,8.55,7,9.69,-11.3,True,2026-06-08,2026-06,2026-06-08
ORD101496,2026-06-19 07:54:00,W2 - Central,Van,Electronics,12.72,6,18.04,-9.8,True,2026-06-19,2026-06,2026-06-15
ORD101497,2026-07-10 09:18:00,W2 - Central,Van,Electronics,2.5,1,7.36,-20.8,True,2026-07-10,2026-07,2026-07-06
ORD101498,2026-06-12 05:52:00,W3 - South,Bike,Personal Care,2.03,1,6.56,-38.3,True,2026-06-12,2026-06,2026-06-08
ORD101499,2026-07-15 08:17:00,W3 - South,Van,Apparel,6.99,8,16.05,-7.9,True,2026-07-15,2026-07,2026-07-13
ORD101500,2026-06-17 16:37:00,W1 - North,Van,Home & Kitchen,11.42,6,17.37,-11.8,True,2026-06-17,2026-06,2026-06-15
ORD101501,2026-05-24 12:48:00,W2 - Central,Bike,Grocery,4.99,5,8.44,-4.4,True,2026-05-24,2026-05,2026-05-18
ORD101502,2026-05-21 23:56:00,W2 - Central,Van,Apparel,6.89,8,14.15,-5.4,True,2026-05-21,2026-05,2026-05-18
ORD101503,2026-05-30 18:31:00,W2 - Central,Van,Grocery,2.03,6,6.96,-12.0,True,2026-05-30,2026-05,2026-05-25
ORD101504,2026-06-23 00:24:00,W1 - North,Van,Electronics,5.42,2,8.28,-22.2,True,2026-06-23,2026-06,2026-06-22
ORD101505,2026-05-22 09:05:00,W1 - North,Bike,Grocery,6.83,5,9.62,-15.3,True,2026-05-22,2026-05,2026-05-18
ORD101506,2026-07-22 06:57:00,W1 - North,Truck,Electronics,1.68,3,7.47,-37.5,True,2026-07-22,2026-07,2026-07-20
ORD101507,2026-06-13 14:06:00,W1 - North,Bike,Apparel,6.8,3,8.62,-9.0,True,2026-06-13,2026-06,2026-06-08
ORD101508,2026-07-17 06:22:00,W2 - Central,Bike,Apparel,3.78,7,7.4,-6.4,True,2026-07-17,2026-07,2026-07-13
ORD101509,2026-07-01 23:11:00,W1 - North,Bike,Personal Care,32.78,3,18.9,33.3,False,2026-07-01,2026-07,2026-06-29
ORD101510,2026-05-31 07:11:00,W2 - Central,Bike,Home & Kitchen,4.84,4,9.33,-10.8,True,2026-05-31,2026-05,2026-05-25
ORD101511,2026-05-21 12:31:00,W2 - Central,Van,Grocery,13.17,6,17.05,4.4,False,2026-05-21,2026-05,2026-05-18
ORD101512,2026-07-06 02:56:00,W3 - South,Van,Home & Kitchen,13.71,8,18.94,-7.8,True,2026-07-06,2026-07,2026-07-06
ORD101513,2026-05-30 21:50:00,W1 - North,Bike,Grocery,5.89,7,10.6,-12.3,True,2026-05-30,2026-05,2026-05-25
ORD101514,2026-05-23 21:53:00,W1 - North,Bike,Home & Kitchen,15.89,7,13.73,-2.9,True,2026-05-23,2026-05,2026-05-18
ORD101515,2026-07-23 19:02:00,W1 - North,Van,Home & Kitchen,2.36,3,8.97,-15.7,True,2026-07-23,2026-07,2026-07-20
ORD101516,2026-06-13 08:26:00,W2 - Central,Truck,Grocery,3.43,4,9.27,7.1,False,2026-06-13,2026-06,2026-06-08
ORD101517,2026-05-05 01:24:00,W1 - North,Bike,Apparel,11.89,5,12.06,-14.8,True,2026-05-05,2026-05,2026-05-04
ORD101518,2026-06-14 17:03:00,W2 - Central,Van,Personal Care,0.51,8,7.61,-5.6,True,2026-06-14,2026-06,2026-06-08
ORD101519,2026-06-11 10:17:00,W1 - North,Van,Personal Care,6.3,7,13.29,-4.3,True,2026-06-11,2026-06,2026-06-08
ORD101520,2026-07-17 23:46:00,W1 - North,Van,Electronics,6.26,3,9.88,-29.3,True,2026-07-17,2026-07,2026-07-13
ORD101521,2026-07-04 16:45:00,W1 - North,Van,Personal Care,7.79,7,14.28,-27.0,True,2026-07-04,2026-07,2026-06-29
ORD101522,2026-05-18 12:55:00,W3 - South,Van,Apparel,8.2,10,18.3,0.2,False,2026-05-18,2026-05,2026-05-18
ORD101523,2026-05-14 23:40:00,W3 - South,Van,Grocery,17.34,4,19.61,-0.9,True,2026-05-14,2026-05,2026-05-11
ORD101524,2026-06-24 19:12:00,W2 - Central,Van,Grocery,2.61,6,8.27,-21.9,True,2026-06-24,2026-06,2026-06-22
ORD101525,2026-05-05 11:00:00,W2 - Central,Van,Apparel,9.5,3,12.9,-6.1,True,2026-05-05,2026-05,2026-05-04
ORD101526,2026-05-29 00:27:00,W2 - Central,Bike,Electronics,1.98,3,8.43,-24.2,True,2026-05-29,2026-05,2026-05-25
ORD101527,2026-05-13 02:13:00,W2 - Central,Bike,Grocery,6.17,5,9.25,15.4,False,2026-05-13,2026-05,2026-05-11
ORD101528,2026-05-02 10:38:00,W1 - North,Van,Home & Kitchen,14.66,3,19.61,-2.5,True,2026-05-02,2026-05,2026-04-27
ORD101529,2026-07-22 13:29:00,W2 - Central,Van,Home & Kitchen,2.42,3,7.09,-17.1,True,2026-07-22,2026-07,2026-07-20
ORD101530,2026-05-09 00:43:00,W3 - South,Van,Grocery,5.88,4,12.68,-4.0,True,2026-05-09,2026-05,2026-05-04
ORD101531,2026-05-01 03:02:00,W1 - North,Van,Apparel,12.96,5,18.13,5.2,False,2026-05-01,2026-05,2026-04-27
ORD101532,2026-07-23 16:54:00,W2 - Central,Van,Electronics,5.56,5,12.05,-2.6,True,2026-07-23,2026-07,2026-07-20
ORD101533,2026-05-17 18:02:00,W2 - Central,Van,Personal Care,1.03,3,4.02,-19.5,True,2026-05-17,2026-05,2026-05-11
ORD101534,2026-07-13 00:42:00,W2 - Central,Van,Grocery,5.71,2,7.18,-15.9,True,2026-07-13,2026-07,2026-07-13
ORD101535,2026-05-03 12:11:00,W1 - North,Truck,Grocery,10.26,7,25.01,-22.5,True,2026-05-03,2026-05,2026-04-27
ORD101536,2026-05-14 01:56:00,W2 - Central,Van,Apparel,9.99,4,15.98,-5.5,True,2026-05-14,2026-05,2026-05-11
ORD101537,2026-05-10 17:21:00,W3 - South,Bike,Personal Care,12.14,6,16.41,-1.8,True,2026-05-10,2026-05,2026-05-04
ORD101538,2026-07-03 20:01:00,W1 - North,Van,Apparel,9.35,3,11.02,-8.2,True,2026-07-03,2026-07,2026-06-29
ORD101539,2026-06-25 20:51:00,W1 - North,Van,Electronics,18.7,1,20.73,17.5,False,2026-06-25,2026-06,2026-06-22
ORD101540,2026-06-12 14:21:00,W1 - North,Truck,Apparel,12.12,2,21.71,-4.0,True,2026-06-12,2026-06,2026-06-08
ORD101541,2026-05-22 15:05:00,W1 - North,Van,Grocery,5.31,8,11.7,-8.9,True,2026-05-22,2026-05,2026-05-18
ORD101542,2026-05-08 22:14:00,W3 - South,Bike,Apparel,8.77,8,11.65,-14.1,True,2026-05-08,2026-05,2026-05-04
ORD101543,2026-06-21 14:41:00,W2 - Central,Truck,Apparel,10.7,4,22.85,15.1,False,2026-06-21,2026-06,2026-06-15
ORD101544,2026-05-21 10:42:00,W1 - North,Bike,Home & Kitchen,7.97,4,8.63,-16.5,True,2026-05-21,2026-05,2026-05-18
ORD101545,2026-06-23 18:06:00,W1 - North,Van,Grocery,7.15,2,10.83,-9.5,True,2026-06-23,2026-06,2026-06-22
ORD101546,2026-07-01 14:10:00,W3 - South,Van,Electronics,7.78,2,12.56,-13.4,True,2026-07-01,2026-07,2026-06-29
ORD101547,2026-07-16 20:13:00,W1 - North,Van,Grocery,13.91,6,20.61,-0.2,True,2026-07-16,2026-07,2026-07-13
ORD101548,2026-06-14 12:35:00,W2 - Central,Van,Apparel,2.54,3,8.5,-26.6,True,2026-06-14,2026-06,2026-06-08
ORD101549,2026-05-01 20:51:00,W1 - North,Van,Apparel,4.59,7,12.28,-10.8,True,2026-05-01,2026-05,2026-04-27
ORD101550,2026-05-26 01:04:00,W1 - North,Truck,Electronics,13.88,4,26.92,-2.0,True,2026-05-26,2026-05,2026-05-25
ORD101551,2026-07-16 00:52:00,W2 - Central,Bike,Personal Care,10.33,3,9.27,1.3,False,2026-07-16,2026-07,2026-07-13
ORD101552,2026-06-17 02:22:00,W1 - North,Van,Grocery,26.14,3,28.33,19.9,False,2026-06-17,2026-06,2026-06-15
ORD101553,2026-06-25 13:20:00,W2 - Central,Van,Electronics,4.74,5,8.95,-9.6,True,2026-06-25,2026-06,2026-06-22
ORD101554,2026-06-11 17:00:00,W1 - North,Bike,Apparel,5.25,3,7.93,-10.9,True,2026-06-11,2026-06,2026-06-08
ORD101555,2026-05-15 05:11:00,W2 - Central,Truck,Electronics,4.25,7,12.58,-17.6,True,2026-05-15,2026-05,2026-05-11
ORD101556,2026-07-20 03:44:00,W2 - Central,Van,Home & Kitchen,1.16,5,7.43,-16.6,True,2026-07-20,2026-07,2026-07-20
ORD101557,2026-07-09 20:38:00,W2 - Central,Van,Grocery,0.62,7,6.65,-27.2,True,2026-07-09,2026-07,2026-07-06
ORD101558,2026-07-29 18:00:00,W1 - North,Truck,Electronics,8.07,5,18.25,-10.5,True,2026-07-29,2026-07,2026-07-27
ORD101559,2026-07-16 15:33:00,W2 - Central,Truck,Personal Care,3.71,5,11.16,-13.7,True,2026-07-16,2026-07,2026-07-13
ORD101560,2026-05-27 11:43:00,W3 - South,Truck,Apparel,5.39,5,13.54,-28.4,True,2026-05-27,2026-05,2026-05-25
ORD101561,2026-05-23 10:05:00,W1 - North,Van,Apparel,7.08,4,11.79,-10.5,True,2026-05-23,2026-05,2026-05-18
ORD101562,2026-05-23 00:29:00,W1 - North,Van,Electronics,8.21,7,11.04,-11.9,True,2026-05-23,2026-05,2026-05-18
ORD101563,2026-07-22 04:30:00,W3 - South,Van,Electronics,8.99,8,13.24,-16.9,True,2026-07-22,2026-07,2026-07-20
ORD101564,2026-06-20 21:31:00,W1 - North,Van,Grocery,6.11,6,13.5,-8.4,True,2026-06-20,2026-06,2026-06-15
ORD101565,2026-06-10 08:08:00,W2 - Central,Truck,Home & Kitchen,3.67,4,11.74,-14.4,True,2026-06-10,2026-06,2026-06-08
ORD101566,2026-07-27 16:54:00,W2 - Central,Van,Grocery,8.1,5,12.3,-24.9,True,2026-07-27,2026-07,2026-07-27
ORD101567,2026-06-24 16:53:00,W1 - North,Bike,Apparel,4.34,7,11.19,-17.8,True,2026-06-24,2026-06,2026-06-22
ORD101568,2026-07-21 07:25:00,W2 - Central,Truck,Apparel,2.23,4,8.36,-22.3,True,2026-07-21,2026-07,2026-07-20
ORD101569,2026-07-28 04:54:00,W2 - Central,Truck,Apparel,3.55,5,11.07,-20.0,True,2026-07-28,2026-07,2026-07-27
ORD101570,2026-05-08 16:36:00,W1 - North,Bike,Home & Kitchen,7.81,4,8.38,-27.1,True,2026-05-08,2026-05,2026-05-04
ORD101571,2026-06-02 02:14:00,W3 - South,Truck,Electronics,16.87,5,35.17,-1.4,True,2026-06-02,2026-06,2026-06-01
ORD101572,2026-07-06 11:52:00,W1 - North,Van,Electronics,21.1,5,24.78,4.4,False,2026-07-06,2026-07,2026-07-06
ORD101573,2026-07-13 21:18:00,W1 - North,Van,Personal Care,7.11,4,12.23,-6.8,True,2026-07-13,2026-07,2026-07-13
ORD101574,2026-05-14 17:04:00,W3 - South,Van,Grocery,26.56,2,27.98,-0.7,True,2026-05-14,2026-05,2026-05-11
ORD101575,2026-05-29 18:20:00,W1 - North,Truck,Electronics,4.05,3,8.72,-33.6,True,2026-05-29,2026-05,2026-05-25
ORD101576,2026-06-19 01:59:00,W3 - South,Truck,Grocery,5.23,6,14.21,-31.5,True,2026-06-19,2026-06,2026-06-15
ORD101577,2026-07-11 04:47:00,W1 - North,Van,Apparel,9.06,5,14.88,-4.5,True,2026-07-11,2026-07,2026-07-06
ORD101578,2026-05-11 06:36:00,W2 - Central,Van,Grocery,7.5,5,12.87,1.8,False,2026-05-11,2026-05,2026-05-11
ORD101579,2026-06-24 07:00:00,W1 - North,Van,Personal Care,7.63,7,17.49,-10.4,True,2026-06-24,2026-06,2026-06-22
ORD101580,2026-05-27 04:39:00,W2 - Central,Van,Electronics,24.94,4,26.29,13.7,False,2026-05-27,2026-05,2026-05-25
ORD101581,2026-05-20 23:19:00,W3 - South,Bike,Personal Care,6.35,5,10.88,-24.8,True,2026-05-20,2026-05,2026-05-18
ORD101582,2026-06-16 03:57:00,W3 - South,Van,Electronics,23.34,6,28.15,4.9,False,2026-06-16,2026-06,2026-06-15
ORD101583,2026-06-07 16:59:00,W3 - South,Bike,Apparel,5.35,7,10.42,-9.7,True,2026-06-07,2026-06,2026-06-01
ORD101584,2026-06-27 14:04:00,W2 - Central,Bike,Grocery,7.92,4,10.09,-5.8,True,2026-06-27,2026-06,2026-06-22
ORD101585,2026-05-29 14:39:00,W2 - Central,Van,Grocery,5.16,5,10.45,-25.9,True,2026-05-29,2026-05,2026-05-25
ORD101586,2026-07-14 05:09:00,W2 - Central,Van,Electronics,6.01,3,7.44,-7.9,True,2026-07-14,2026-07,2026-07-13
ORD101587,2026-05-08 07:22:00,W3 - South,Truck,Electronics,13.69,8,29.77,6.8,False,2026-05-08,2026-05,2026-05-04
ORD101588,2026-07-17 14:33:00,W2 - Central,Bike,Apparel,5.3,6,10.22,-13.7,True,2026-07-17,2026-07,2026-07-13
ORD101589,2026-05-03 07:10:00,W3 - South,Van,Apparel,9.14,5,15.15,-7.5,True,2026-05-03,2026-05,2026-04-27
ORD101590,2026-07-06 16:39:00,W1 - North,Van,Apparel,1.22,6,8.23,-41.4,True,2026-07-06,2026-07,2026-07-06
ORD101591,2026-06-01 00:56:00,W2 - Central,Truck,Electronics,9.34,3,21.04,-25.4,True,2026-06-01,2026-06,2026-06-01
ORD101592,2026-06-04 01:44:00,W2 - Central,Bike,Personal Care,1.68,5,5.99,-36.4,True,2026-06-04,2026-06,2026-06-01
ORD101593,2026-05-02 17:29:00,W1 - North,Bike,Grocery,4.99,6,11.64,-14.1,True,2026-05-02,2026-05,2026-04-27
ORD101594,2026-07-03 14:48:00,W1 - North,Bike,Personal Care,8.42,7,10.16,-16.2,True,2026-07-03,2026-07,2026-06-29
ORD101595,2026-05-15 01:02:00,W3 - South,Truck,Electronics,3.96,6,13.0,-19.8,True,2026-05-15,2026-05,2026-05-11
ORD101596,2026-06-29 21:34:00,W2 - Central,Van,Electronics,4.57,4,10.8,-16.9,True,2026-06-29,2026-06,2026-06-29
ORD101597,2026-07-05 00:06:00,W1 - North,Bike,Home & Kitchen,11.52,3,9.91,5.2,False,2026-07-05,2026-07,2026-06-29
ORD101598,2026-07-16 22:55:00,W1 - North,Van,Home & Kitchen,4.9,6,12.39,-13.0,True,2026-07-16,2026-07,2026-07-13
ORD101599,2026-07-03 17:30:00,W1 - North,Bike,Grocery,6.17,4,8.27,-23.0,True,2026-07-03,2026-07,2026-06-29
ORD101600,2026-05-28 23:42:00,W2 - Central,Truck,Electronics,2.34,11,13.86,-22.8,True,2026-05-28,2026-05,2026-05-25
ORD101601,2026-07-06 22:46:00,W3 - South,Truck,Grocery,8.04,4,17.93,-35.8,True,2026-07-06,2026-07,2026-07-06
ORD101602,2026-07-14 07:30:00,W3 - South,Van,Home & Kitchen,3.45,4,7.97,-14.3,True,2026-07-14,2026-07,2026-07-13
ORD101603,2026-05-29 18:09:00,W2 - Central,Bike,Apparel,5.8,8,14.39,-18.1,True,2026-05-29,2026-05,2026-05-25
ORD101604,2026-05-12 05:03:00,W2 - Central,Truck,Home & Kitchen,1.37,3,6.14,-35.5,True,2026-05-12,2026-05,2026-05-11
ORD101605,2026-07-20 11:19:00,W1 - North,Truck,Electronics,4.11,3,8.16,-23.6,True,2026-07-20,2026-07,2026-07-20
ORD101606,2026-05-14 05:45:00,W3 - South,Bike,Apparel,10.4,9,12.55,-23.4,True,2026-05-14,2026-05,2026-05-11
ORD101607,2026-06-23 11:39:00,W1 - North,Van,Personal Care,5.79,6,12.22,-18.0,True,2026-06-23,2026-06,2026-06-22
ORD101608,2026-05-22 20:56:00,W1 - North,Van,Home & Kitchen,8.75,2,11.57,-19.8,True,2026-05-22,2026-05,2026-05-18
ORD101609,2026-05-12 10:28:00,W3 - South,Truck,Electronics,9.27,2,20.42,-9.5,True,2026-05-12,2026-05,2026-05-11
ORD101610,2026-07-09 02:13:00,W3 - South,Bike,Apparel,1.82,5,8.82,-22.0,True,2026-07-09,2026-07,2026-07-06
ORD101611,2026-05-13 07:47:00,W1 - North,Bike,Apparel,2.6,6,7.84,-15.3,True,2026-05-13,2026-05,2026-05-11
ORD101612,2026-06-30 18:52:00,W2 - Central,Bike,Personal Care,5.02,4,5.72,-12.4,True,2026-06-30,2026-06,2026-06-29
ORD101613,2026-07-02 12:31:00,W2 - Central,Van,Grocery,10.19,6,13.84,-10.6,True,2026-07-02,2026-07,2026-06-29
ORD101614,2026-05-06 13:26:00,W1 - North,Van,Home & Kitchen,12.02,6,17.27,-16.7,True,2026-05-06,2026-05,2026-05-04
ORD101615,2026-05-16 10:20:00,W1 - North,Bike,Personal Care,32.69,4,18.84,32.5,False,2026-05-16,2026-05,2026-05-11
ORD101616,2026-07-11 07:01:00,W1 - North,Van,Apparel,4.49,2,7.96,0.1,False,2026-07-11,2026-07,2026-07-06
ORD101617,2026-06-15 14:21:00,W2 - Central,Bike,Personal Care,8.44,5,12.58,-9.2,True,2026-06-15,2026-06,2026-06-15
ORD101618,2026-05-11 15:11:00,W2 - Central,Bike,Home & Kitchen,8.04,3,9.58,-7.9,True,2026-05-11,2026-05,2026-05-11
ORD101619,2026-07-29 21:33:00,W2 - Central,Bike,Grocery,13.61,7,14.13,18.1,False,2026-07-29,2026-07,2026-07-27
ORD101620,2026-05-24 14:49:00,W1 - North,Van,Personal Care,15.05,5,17.73,6.9,False,2026-05-24,2026-05,2026-05-18
ORD101621,2026-05-01 23:52:00,W3 - South,Bike,Home & Kitchen,12.22,2,10.68,-18.9,True,2026-05-01,2026-05,2026-04-27
ORD101622,2026-07-23 19:50:00,W2 - Central,Van,Electronics,7.53,4,11.92,-2.9,True,2026-07-23,2026-07,2026-07-20
ORD101623,2026-05-02 01:53:00,W3 - South,Van,Apparel,13.16,4,17.44,-5.7,True,2026-05-02,2026-05,2026-04-27
ORD101624,2026-06-19 09:24:00,W1 - North,Van,Apparel,6.51,1,10.72,-19.2,True,2026-06-19,2026-06,2026-06-15
ORD101625,2026-07-29 09:13:00,W2 - Central,Van,Apparel,7.17,4,13.34,-5.6,True,2026-07-29,2026-07,2026-07-27
ORD101626,2026-06-22 00:04:00,W3 - South,Truck,Apparel,11.34,10,27.05,-11.9,True,2026-06-22,2026-06,2026-06-22
ORD101627,2026-06-22 04:20:00,W1 - North,Truck,Home & Kitchen,7.34,3,17.29,-17.0,True,2026-06-22,2026-06,2026-06-22
ORD101628,2026-06-04 18:17:00,W1 - North,Van,Electronics,18.69,7,22.82,20.5,False,2026-06-04,2026-06,2026-06-01
ORD101629,2026-05-12 08:27:00,W1 - North,Bike,Personal Care,8.26,6,12.66,-20.2,True,2026-05-12,2026-05,2026-05-11
ORD101630,2026-06-21 03:32:00,W1 - North,Van,Electronics,7.11,4,10.61,0.6,False,2026-06-21,2026-06,2026-06-15
ORD101631,2026-07-20 06:53:00,W2 - Central,Bike,Electronics,4.44,5,8.27,-19.9,True,2026-07-20,2026-07,2026-07-20
ORD101632,2026-05-09 06:35:00,W1 - North,Truck,Electronics,5.55,2,15.04,0.4,False,2026-05-09,2026-05,2026-05-04
ORD101633,2026-07-19 04:11:00,W1 - North,Bike,Personal Care,2.53,6,7.56,-26.1,True,2026-07-19,2026-07,2026-07-13
ORD101634,2026-06-07 02:25:00,W2 - Central,Van,Apparel,4.89,2,6.84,-12.7,True,2026-06-07,2026-06,2026-06-01
ORD101635,2026-06-18 18:20:00,W1 - North,Van,Apparel,14.05,8,19.62,11.7,False,2026-06-18,2026-06,2026-06-15
ORD101636,2026-05-15 19:47:00,W1 - North,Van,Electronics,4.39,6,12.92,-7.9,True,2026-05-15,2026-05,2026-05-11
ORD101637,2026-06-25 11:54:00,W2 - Central,Truck,Apparel,17.99,4,30.01,17.7,False,2026-06-25,2026-06,2026-06-22
ORD101638,2026-05-17 14:46:00,W1 - North,Bike,Personal Care,0.72,1,4.59,-35.6,True,2026-05-17,2026-05,2026-05-11
ORD101639,2026-05-25 22:03:00,W1 - North,Van,Home & Kitchen,9.31,5,13.46,-12.6,True,2026-05-25,2026-05,2026-05-25
ORD101640,2026-07-04 20:13:00,W1 - North,Van,Apparel,7.76,2,11.05,-11.6,True,2026-07-04,2026-07,2026-06-29
ORD101641,2026-05-05 00:46:00,W1 - North,Truck,Apparel,18.48,3,33.04,-5.2,True,2026-05-05,2026-05,2026-05-04
ORD101642,2026-06-10 22:52:00,W2 - Central,Van,Electronics,3.01,5,10.5,-11.0,True,2026-06-10,2026-06,2026-06-08
ORD101643,2026-06-23 01:36:00,W1 - North,Bike,Home & Kitchen,2.27,5,7.64,-33.7,True,2026-06-23,2026-06,2026-06-22
ORD101644,2026-05-12 00:38:00,W1 - North,Bike,Home & Kitchen,5.69,4,10.08,-32.6,True,2026-05-12,2026-05,2026-05-11
ORD101645,2026-05-27 09:40:00,W3 - South,Van,Grocery,7.55,6,15.45,-32.4,True,2026-05-27,2026-05,2026-05-25
ORD101646,2026-05-31 17:54:00,W3 - South,Van,Apparel,2.3,3,7.3,-7.8,True,2026-05-31,2026-05,2026-05-25
ORD101647,2026-06-29 01:55:00,W1 - North,Van,Electronics,7.16,4,11.44,-22.8,True,2026-06-29,2026-06,2026-06-29
ORD101648,2026-07-27 07:01:00,W1 - North,Van,Home & Kitchen,4.72,8,12.88,-24.0,True,2026-07-27,2026-07,2026-07-27
ORD101649,2026-07-15 06:18:00,W2 - Central,Bike,Grocery,12.23,8,14.87,-6.6,True,2026-07-15,2026-07,2026-07-13
ORD101650,2026-05-18 09:32:00,W3 - South,Bike,Home & Kitchen,10.86,3,8.65,-1.7,True,2026-05-18,2026-05,2026-05-18
ORD101651,2026-05-02 23:39:00,W3 - South,Van,Grocery,5.42,6,12.06,-27.3,True,2026-05-02,2026-05,2026-04-27
ORD101652,2026-05-05 07:57:00,W1 - North,Van,Grocery,6.6,6,12.33,-28.5,True,2026-05-05,2026-05,2026-05-04
ORD101653,2026-06-23 05:00:00,W1 - North,Van,Personal Care,7.66,5,12.38,-19.3,True,2026-06-23,2026-06,2026-06-22
ORD101654,2026-05-15 02:56:00,W1 - North,Van,Apparel,9.94,2,12.11,-14.7,True,2026-05-15,2026-05,2026-05-11
ORD101655,2026-05-21 04:45:00,W3 - South,Bike,Personal Care,10.26,6,10.96,-6.8,True,2026-05-21,2026-05,2026-05-18
ORD101656,2026-07-16 03:11:00,W3 - South,Bike,Grocery,34.84,9,27.07,30.3,False,2026-07-16,2026-07,2026-07-13
ORD101657,2026-07-18 13:46:00,W1 - North,Bike,Grocery,2.46,3,5.9,-7.0,True,2026-07-18,2026-07,2026-07-13
ORD101658,2026-07-15 10:05:00,W2 - Central,Van,Home & Kitchen,3.49,1,8.79,-25.6,True,2026-07-15,2026-07,2026-07-13
ORD101659,2026-05-23 11:57:00,W1 - North,Bike,Electronics,3.63,2,6.59,-28.6,True,2026-05-23,2026-05,2026-05-18
ORD101660,2026-06-25 19:58:00,W2 - Central,Van,Home & Kitchen,3.91,6,8.73,-24.7,True,2026-06-25,2026-06,2026-06-22
ORD101661,2026-06-24 13:55:00,W3 - South,Truck,Grocery,12.48,9,28.28,-13.0,True,2026-06-24,2026-06,2026-06-22
ORD101662,2026-05-17 03:43:00,W2 - Central,Bike,Personal Care,5.94,4,6.9,-16.0,True,2026-05-17,2026-05,2026-05-11
ORD101663,2026-06-19 09:02:00,W1 - North,Truck,Home & Kitchen,9.77,1,19.96,-8.9,True,2026-06-19,2026-06,2026-06-15
ORD101664,2026-06-17 07:30:00,W2 - Central,Van,Personal Care,5.41,9,13.18,-18.5,True,2026-06-17,2026-06,2026-06-15
ORD101665,2026-06-05 19:50:00,W1 - North,Van,Electronics,7.52,6,14.77,-17.1,True,2026-06-05,2026-06,2026-06-01
ORD101666,2026-07-07 07:22:00,W3 - South,Bike,Personal Care,10.97,6,14.38,-20.6,True,2026-07-07,2026-07,2026-07-06
ORD101667,2026-06-30 03:19:00,W1 - North,Van,Home & Kitchen,4.85,5,8.02,-32.4,True,2026-06-30,2026-06,2026-06-29
ORD101668,2026-06-17 17:39:00,W3 - South,Bike,Grocery,6.86,2,7.21,-12.4,True,2026-06-17,2026-06,2026-06-15
ORD101669,2026-07-05 10:16:00,W1 - North,Van,Home & Kitchen,3.57,1,5.32,-6.0,True,2026-07-05,2026-07,2026-06-29
ORD101670,2026-07-08 02:18:00,W1 - North,Truck,Personal Care,10.12,3,24.03,-1.9,True,2026-07-08,2026-07,2026-07-06
ORD101671,2026-06-21 16:33:00,W1 - North,Van,Electronics,0.9,6,7.2,-34.7,True,2026-06-21,2026-06,2026-06-15
ORD101672,2026-05-25 05:03:00,W1 - North,Truck,Apparel,7.4,3,14.65,-30.5,True,2026-05-25,2026-05,2026-05-25
ORD101673,2026-07-08 20:50:00,W1 - North,Van,Personal Care,11.4,2,17.75,6.1,False,2026-07-08,2026-07,2026-07-06
ORD101674,2026-07-04 19:58:00,W2 - Central,Van,Electronics,10.06,4,13.37,0.0,True,2026-07-04,2026-07,2026-06-29
ORD101675,2026-07-28 08:52:00,W1 - North,Van,Home & Kitchen,0.6,4,3.98,-43.0,True,2026-07-28,2026-07,2026-07-27
ORD101676,2026-05-14 13:20:00,W1 - North,Van,Home & Kitchen,4.96,4,8.38,-12.6,True,2026-05-14,2026-05,2026-05-11
ORD101677,2026-06-07 13:37:00,W1 - North,Truck,Grocery,3.74,6,13.04,-15.5,True,2026-06-07,2026-06,2026-06-01
ORD101678,2026-07-23 15:40:00,W1 - North,Truck,Personal Care,4.65,7,14.89,-15.4,True,2026-07-23,2026-07,2026-07-20
ORD101679,2026-06-16 01:39:00,W3 - South,Truck,Apparel,22.91,6,40.9,-8.8,True,2026-06-16,2026-06,2026-06-15
ORD101680,2026-07-24 07:47:00,W3 - South,Truck,Grocery,5.64,9,16.81,-22.0,True,2026-07-24,2026-07,2026-07-20
ORD101681,2026-05-02 04:05:00,W1 - North,Bike,Home & Kitchen,11.38,4,11.3,5.4,False,2026-05-02,2026-05,2026-04-27
ORD101682,2026-05-04 16:44:00,W2 - Central,Van,Grocery,5.61,2,11.45,-20.5,True,2026-05-04,2026-05,2026-05-04
ORD101683,2026-07-11 01:39:00,W2 - Central,Truck,Apparel,3.37,3,10.96,-0.1,True,2026-07-11,2026-07,2026-07-06
ORD101684,2026-06-02 12:24:00,W3 - South,Van,Apparel,6.22,5,10.95,-33.0,True,2026-06-02,2026-06,2026-06-01
ORD101685,2026-06-16 17:28:00,W1 - North,Bike,Home & Kitchen,8.03,6,10.51,-16.0,True,2026-06-16,2026-06,2026-06-15
ORD101686,2026-06-08 22:45:00,W1 - North,Van,Electronics,6.35,4,12.45,-4.9,True,2026-06-08,2026-06,2026-06-08
ORD101687,2026-06-06 06:54:00,W2 - Central,Bike,Grocery,1.07,4,8.92,-25.1,True,2026-06-06,2026-06,2026-06-01
ORD101688,2026-07-24 00:11:00,W3 - South,Van,Electronics,4.61,2,6.96,-24.2,True,2026-07-24,2026-07,2026-07-20
ORD101689,2026-05-09 17:22:00,W2 - Central,Van,Personal Care,6.13,5,13.38,0.9,False,2026-05-09,2026-05,2026-05-04
ORD101690,2026-07-09 00:02:00,W2 - Central,Van,Personal Care,1.77,8,9.34,-16.4,True,2026-07-09,2026-07,2026-07-06
ORD101691,2026-07-20 01:35:00,W1 - North,Van,Grocery,12.46,3,13.46,-11.2,True,2026-07-20,2026-07,2026-07-20
ORD101692,2026-06-29 23:46:00,W2 - Central,Van,Personal Care,1.34,5,4.9,-28.3,True,2026-06-29,2026-06,2026-06-29
ORD101693,2026-06-05 20:42:00,W3 - South,Van,Personal Care,8.2,7,16.67,-14.0,True,2026-06-05,2026-06,2026-06-01
ORD101694,2026-05-15 16:58:00,W1 - North,Van,Grocery,10.33,3,16.26,-13.9,True,2026-05-15,2026-05,2026-05-11
ORD101695,2026-07-01 20:03:00,W2 - Central,Bike,Grocery,2.15,6,7.25,-31.0,True,2026-07-01,2026-07,2026-06-29
ORD101696,2026-06-12 01:48:00,W1 - North,Van,Home & Kitchen,2.22,6,8.67,-16.1,True,2026-06-12,2026-06,2026-06-08
ORD101697,2026-05-14 02:08:00,W2 - Central,Bike,Grocery,6.83,7,8.22,-16.6,True,2026-05-14,2026-05,2026-05-11
ORD101698,2026-06-02 07:13:00,W2 - Central,Van,Grocery,8.72,4,14.45,-19.9,True,2026-06-02,2026-06,2026-06-01
ORD101699,2026-07-26 00:34:00,W3 - South,Bike,Home & Kitchen,8.64,5,10.5,-14.9,True,2026-07-26,2026-07,2026-07-20
ORD101700,2026-05-24 21:19:00,W3 - South,Van,Home & Kitchen,7.29,6,10.97,-19.4,True,2026-05-24,2026-05,2026-05-18
ORD101701,2026-05-17 01:21:00,W2 - Central,Van,Apparel,1.29,5,7.9,-15.9,True,2026-05-17,2026-05,2026-05-11
ORD101702,2026-07-01 13:03:00,W1 - North,Bike,Grocery,7.01,6,8.29,-28.1,True,2026-07-01,2026-07,2026-06-29
ORD101703,2026-05-18 20:29:00,W1 - North,Bike,Personal Care,1.21,2,6.1,-27.1,True,2026-05-18,2026-05,2026-05-18
ORD101704,2026-07-22 17:38:00,W1 - North,Van,Electronics,15.41,3,16.77,9.1,False,2026-07-22,2026-07,2026-07-20
ORD101705,2026-07-17 05:37:00,W1 - North,Van,Electronics,5.97,7,13.28,-17.1,True,2026-07-17,2026-07,2026-07-13
ORD101706,2026-07-28 11:17:00,W1 - North,Van,Personal Care,3.13,5,8.18,-38.1,True,2026-07-28,2026-07,2026-07-27
ORD101707,2026-07-22 13:09:00,W2 - Central,Van,Electronics,3.09,4,4.98,-26.2,True,2026-07-22,2026-07,2026-07-20
ORD101708,2026-05-22 18:25:00,W1 - North,Van,Grocery,7.39,6,14.88,-14.2,True,2026-05-22,2026-05,2026-05-18
ORD101709,2026-05-20 10:13:00,W1 - North,Bike,Home & Kitchen,4.67,5,10.26,-39.8,True,2026-05-20,2026-05,2026-05-18
ORD101710,2026-05-31 06:50:00,W3 - South,Van,Home & Kitchen,9.83,6,14.67,-17.6,True,2026-05-31,2026-05,2026-05-25
ORD101711,2026-06-12 19:05:00,W1 - North,Bike,Electronics,2.76,6,8.8,-39.8,True,2026-06-12,2026-06,2026-06-08
ORD101712,2026-07-19 21:16:00,W2 - Central,Van,Electronics,10.19,3,14.62,2.8,False,2026-07-19,2026-07,2026-07-13
ORD101713,2026-07-06 11:44:00,W3 - South,Van,Home & Kitchen,6.28,2,10.74,-4.0,True,2026-07-06,2026-07,2026-07-06
ORD101714,2026-06-27 00:40:00,W2 - Central,Van,Apparel,0.64,4,9.03,-26.9,True,2026-06-27,2026-06,2026-06-22
ORD101715,2026-07-19 12:00:00,W1 - North,Van,Grocery,4.99,3,10.16,-8.8,True,2026-07-19,2026-07,2026-07-13
ORD101716,2026-06-28 21:20:00,W1 - North,Van,Personal Care,3.69,7,10.3,-20.5,True,2026-06-28,2026-06,2026-06-22
ORD101717,2026-06-04 23:44:00,W2 - Central,Bike,Grocery,9.76,2,9.9,-18.7,True,2026-06-04,2026-06,2026-06-01
ORD101718,2026-06-07 09:37:00,W2 - Central,Bike,Apparel,2.36,2,5.16,0.2,False,2026-06-07,2026-06,2026-06-01
ORD101719,2026-06-16 03:36:00,W1 - North,Van,Home & Kitchen,4.62,5,8.83,-2.8,True,2026-06-16,2026-06,2026-06-15
ORD101720,2026-05-08 13:43:00,W2 - Central,Van,Electronics,5.65,3,11.93,-10.2,True,2026-05-08,2026-05,2026-05-04
ORD101721,2026-07-06 19:56:00,W2 - Central,Truck,Grocery,7.36,6,19.17,-4.9,True,2026-07-06,2026-07,2026-07-06
ORD101722,2026-06-28 22:40:00,W1 - North,Van,Home & Kitchen,16.07,3,16.17,5.5,False,2026-06-28,2026-06,2026-06-22
ORD101723,2026-07-05 01:14:00,W2 - Central,Van,Personal Care,2.52,2,5.82,-14.9,True,2026-07-05,2026-07,2026-06-29
ORD101724,2026-06-18 06:58:00,W1 - North,Truck,Grocery,14.93,3,29.28,-1.2,True,2026-06-18,2026-06,2026-06-15
ORD101725,2026-07-10 11:27:00,W1 - North,Van,Electronics,12.68,7,16.13,0.8,False,2026-07-10,2026-07,2026-07-06
ORD101726,2026-07-25 02:21:00,W3 - South,Van,Apparel,5.48,4,9.42,-1.4,True,2026-07-25,2026-07,2026-07-20
ORD101727,2026-06-21 21:16:00,W1 - North,Van,Grocery,3.31,3,12.1,-24.0,True,2026-06-21,2026-06,2026-06-15
ORD101728,2026-06-09 02:41:00,W2 - Central,Bike,Personal Care,6.52,3,7.85,-11.1,True,2026-06-09,2026-06,2026-06-08
ORD101729,2026-05-10 15:57:00,W1 - North,Van,Apparel,6.44,3,12.4,-14.2,True,2026-05-10,2026-05,2026-05-04
ORD101730,2026-07-10 22:02:00,W1 - North,Bike,Grocery,8.67,4,12.21,-6.1,True,2026-07-10,2026-07,2026-07-06
ORD101731,2026-07-21 16:26:00,W3 - South,Van,Electronics,7.66,6,12.25,4.0,False,2026-07-21,2026-07,2026-07-20
ORD101732,2026-07-02 18:19:00,W1 - North,Van,Personal Care,6.91,2,10.97,-10.7,True,2026-07-02,2026-07,2026-06-29
ORD101733,2026-07-17 06:19:00,W1 - North,Van,Home & Kitchen,6.0,3,13.49,-14.0,True,2026-07-17,2026-07,2026-07-13
ORD101734,2026-07-17 19:51:00,W3 - South,Bike,Grocery,12.89,4,12.61,-1.1,True,2026-07-17,2026-07,2026-07-13
ORD101735,2026-07-11 10:02:00,W2 - Central,Van,Apparel,2.41,6,12.7,0.8,False,2026-07-11,2026-07,2026-07-06
ORD101736,2026-06-15 01:28:00,W2 - Central,Bike,Personal Care,5.47,7,9.3,10.7,False,2026-06-15,2026-06,2026-06-15
ORD101737,2026-05-09 08:47:00,W1 - North,Van,Grocery,15.86,6,23.28,-8.2,True,2026-05-09,2026-05,2026-05-04
ORD101738,2026-05-01 08:23:00,W1 - North,Van,Electronics,15.28,8,21.31,5.8,False,2026-05-01,2026-05,2026-04-27
ORD101739,2026-05-19 12:30:00,W2 - Central,Van,Home & Kitchen,5.92,5,11.04,-35.0,True,2026-05-19,2026-05,2026-05-18
ORD101740,2026-06-08 06:21:00,W1 - North,Van,Apparel,3.16,5,10.14,-16.4,True,2026-06-08,2026-06,2026-06-08
ORD101741,2026-07-06 11:05:00,W1 - North,Van,Grocery,20.82,7,25.23,15.1,False,2026-07-06,2026-07,2026-07-06
ORD101742,2026-06-11 10:16:00,W3 - South,Bike,Grocery,12.89,2,10.6,-15.8,True,2026-06-11,2026-06,2026-06-08
ORD101743,2026-05-03 07:50:00,W1 - North,Truck,Home & Kitchen,19.53,5,37.1,-10.9,True,2026-05-03,2026-05,2026-04-27
ORD101744,2026-05-19 16:42:00,W1 - North,Bike,Apparel,8.84,9,10.32,-11.1,True,2026-05-19,2026-05,2026-05-18
ORD101745,2026-07-28 07:19:00,W1 - North,Bike,Personal Care,0.52,5,5.55,-28.0,True,2026-07-28,2026-07,2026-07-27
ORD101746,2026-07-28 18:22:00,W2 - Central,Van,Personal Care,15.55,5,20.8,6.0,False,2026-07-28,2026-07,2026-07-27
ORD101747,2026-06-03 06:01:00,W2 - Central,Bike,Home & Kitchen,8.64,10,15.03,-8.2,True,2026-06-03,2026-06,2026-06-01
ORD101748,2026-07-12 20:45:00,W3 - South,Van,Grocery,10.09,6,16.21,-14.1,True,2026-07-12,2026-07,2026-07-06
ORD101749,2026-07-04 08:45:00,W1 - North,Bike,Apparel,1.33,3,6.34,-23.5,True,2026-07-04,2026-07,2026-06-29
ORD101750,2026-07-23 00:58:00,W1 - North,Truck,Apparel,12.36,3,24.82,-16.3,True,2026-07-23,2026-07,2026-07-20
ORD101751,2026-07-19 03:35:00,W2 - Central,Van,Personal Care,6.59,3,12.33,2.2,False,2026-07-19,2026-07,2026-07-13
ORD101752,2026-06-26 19:21:00,W1 - North,Truck,Grocery,24.54,2,40.11,12.5,False,2026-06-26,2026-06,2026-06-22
ORD101753,2026-06-05 20:55:00,W2 - Central,Bike,Electronics,13.72,6,12.75,-11.7,True,2026-06-05,2026-06,2026-06-01
ORD101754,2026-06-26 05:05:00,W3 - South,Van,Home & Kitchen,28.75,4,30.22,22.4,False,2026-06-26,2026-06,2026-06-22
ORD101755,2026-05-29 14:27:00,W2 - Central,Truck,Apparel,5.81,8,17.48,-5.8,True,2026-05-29,2026-05,2026-05-25
ORD101756,2026-06-01 13:47:00,W1 - North,Van,Apparel,7.5,6,10.31,-1.4,True,2026-06-01,2026-06,2026-06-01
ORD101757,2026-06-24 03:12:00,W3 - South,Van,Personal Care,13.27,3,14.7,-1.0,True,2026-06-24,2026-06,2026-06-22
ORD101758,2026-06-21 10:50:00,W1 - North,Van,Electronics,3.97,7,11.05,-22.9,True,2026-06-21,2026-06,2026-06-15
ORD101759,2026-06-22 16:39:00,W3 - South,Bike,Apparel,10.3,8,14.64,1.8,False,2026-06-22,2026-06,2026-06-22
ORD101760,2026-06-04 23:12:00,W2 - Central,Van,Grocery,4.43,5,9.64,-27.1,True,2026-06-04,2026-06,2026-06-01
ORD101761,2026-06-06 20:20:00,W2 - Central,Truck,Electronics,10.99,5,22.32,5.1,False,2026-06-06,2026-06,2026-06-01
ORD101762,2026-05-01 02:20:00,W3 - South,Van,Apparel,24.94,3,27.29,19.6,False,2026-05-01,2026-05,2026-04-27
ORD101763,2026-06-24 05:42:00,W2 - Central,Van,Grocery,7.91,7,13.93,6.8,False,2026-06-24,2026-06,2026-06-22
ORD101764,2026-06-21 10:28:00,W2 - Central,Bike,Apparel,2.6,6,9.63,6.7,False,2026-06-21,2026-06,2026-06-15
ORD101765,2026-07-24 03:36:00,W1 - North,Van,Apparel,21.58,5,24.51,21.5,False,2026-07-24,2026-07,2026-07-20
ORD101766,2026-06-15 13:41:00,W2 - Central,Bike,Home & Kitchen,9.24,5,9.15,-6.7,True,2026-06-15,2026-06,2026-06-15
ORD101767,2026-06-12 00:12:00,W2 - Central,Van,Personal Care,6.32,6,14.61,-5.0,True,2026-06-12,2026-06,2026-06-08
ORD101768,2026-05-07 02:43:00,W1 - North,Truck,Personal Care,9.89,4,22.88,-11.0,True,2026-05-07,2026-05,2026-05-04
ORD101769,2026-05-18 01:08:00,W2 - Central,Bike,Electronics,1.53,4,5.18,-27.3,True,2026-05-18,2026-05,2026-05-18
ORD101770,2026-05-31 07:05:00,W2 - Central,Van,Home & Kitchen,4.44,4,10.26,-9.4,True,2026-05-31,2026-05,2026-05-25
ORD101771,2026-06-03 18:17:00,W1 - North,Van,Grocery,15.48,5,19.17,14.6,False,2026-06-03,2026-06,2026-06-01
ORD101772,2026-06-02 04:15:00,W1 - North,Van,Apparel,1.95,4,8.49,-22.3,True,2026-06-02,2026-06,2026-06-01
ORD101773,2026-06-05 23:41:00,W2 - Central,Truck,Apparel,1.42,2,5.56,-4.2,True,2026-06-05,2026-06,2026-06-01
ORD101774,2026-07-09 06:28:00,W1 - North,Bike,Home & Kitchen,12.37,2,11.79,-19.6,True,2026-07-09,2026-07,2026-07-06
ORD101775,2026-05-12 01:04:00,W1 - North,Van,Apparel,9.42,6,16.9,-15.7,True,2026-05-12,2026-05,2026-05-11
ORD101776,2026-05-30 08:03:00,W2 - Central,Van,Personal Care,1.48,2,4.54,-11.9,True,2026-05-30,2026-05,2026-05-25
ORD101777,2026-05-15 17:57:00,W1 - North,Truck,Electronics,5.52,6,15.65,-13.0,True,2026-05-15,2026-05,2026-05-11
ORD101778,2026-05-28 02:33:00,W1 - North,Van,Electronics,8.43,6,16.09,-15.2,True,2026-05-28,2026-05,2026-05-25
ORD101779,2026-07-01 01:43:00,W2 - Central,Bike,Personal Care,5.81,4,7.12,-5.6,True,2026-07-01,2026-07,2026-06-29
ORD101780,2026-05-05 20:23:00,W1 - North,Bike,Personal Care,8.9,5,9.66,-7.0,True,2026-05-05,2026-05,2026-05-04
ORD101781,2026-05-31 14:12:00,W3 - South,Van,Apparel,7.83,7,15.35,-22.0,True,2026-05-31,2026-05,2026-05-25
ORD101782,2026-05-03 08:14:00,W3 - South,Van,Grocery,12.04,6,17.1,4.5,False,2026-05-03,2026-05,2026-04-27
ORD101783,2026-07-25 18:08:00,W2 - Central,Van,Grocery,7.9,5,10.85,8.7,False,2026-07-25,2026-07,2026-07-20
ORD101784,2026-07-05 20:15:00,W3 - South,Van,Apparel,14.99,3,17.56,3.5,False,2026-07-05,2026-07,2026-06-29
ORD101785,2026-05-22 08:37:00,W3 - South,Truck,Grocery,8.01,1,18.97,-37.5,True,2026-05-22,2026-05,2026-05-18
ORD101786,2026-05-18 13:28:00,W1 - North,Bike,Grocery,11.2,3,13.63,-13.8,True,2026-05-18,2026-05,2026-05-18
ORD101787,2026-05-09 00:15:00,W2 - Central,Bike,Apparel,2.36,4,6.05,-8.4,True,2026-05-09,2026-05,2026-05-04
ORD101788,2026-06-12 07:20:00,W1 - North,Van,Personal Care,4.12,3,7.43,-32.6,True,2026-06-12,2026-06,2026-06-08
ORD101789,2026-07-07 14:17:00,W2 - Central,Van,Personal Care,9.27,5,13.69,2.9,False,2026-07-07,2026-07,2026-07-06
ORD101790,2026-06-22 04:43:00,W2 - Central,Bike,Home & Kitchen,8.28,3,11.88,-2.3,True,2026-06-22,2026-06,2026-06-22
ORD101791,2026-07-19 23:47:00,W1 - North,Van,Electronics,5.7,2,10.81,-14.4,True,2026-07-19,2026-07,2026-07-13
ORD101792,2026-05-31 23:18:00,W1 - North,Van,Personal Care,4.05,4,11.54,-16.9,True,2026-05-31,2026-05,2026-05-25
ORD101793,2026-05-26 06:10:00,W3 - South,Van,Home & Kitchen,6.73,3,12.52,-20.1,True,2026-05-26,2026-05,2026-05-25
ORD101794,2026-06-13 09:30:00,W1 - North,Bike,Electronics,10.23,8,11.1,-2.2,True,2026-06-13,2026-06,2026-06-08
ORD101795,2026-05-19 04:32:00,W1 - North,Bike,Grocery,8.97,5,9.27,-25.5,True,2026-05-19,2026-05,2026-05-18
ORD101796,2026-07-27 12:05:00,W1 - North,Van,Grocery,3.85,6,9.33,-26.8,True,2026-07-27,2026-07,2026-07-27
ORD101797,2026-05-17 02:58:00,W2 - Central,Truck,Electronics,8.24,5,18.33,0.3,False,2026-05-17,2026-05,2026-05-11
ORD101798,2026-06-13 09:22:00,W3 - South,Van,Apparel,8.28,6,13.12,3.3,False,2026-06-13,2026-06,2026-06-08
ORD101799,2026-06-16 13:19:00,W2 - Central,Van,Personal Care,2.42,5,7.72,-12.2,True,2026-06-16,2026-06,2026-06-15
ORD101800,2026-05-06 14:41:00,W2 - Central,Van,Personal Care,3.64,3,9.35,-4.4,True,2026-05-06,2026-05,2026-05-04
ORD101801,2026-06-12 14:18:00,W1 - North,Bike,Apparel,7.24,8,11.89,-27.5,True,2026-06-12,2026-06,2026-06-08
ORD101802,2026-06-10 05:18:00,W1 - North,Van,Electronics,10.74,5,17.46,-13.8,True,2026-06-10,2026-06,2026-06-08
ORD101803,2026-05-24 19:00:00,W2 - Central,Van,Apparel,7.71,6,14.03,18.1,False,2026-05-24,2026-05,2026-05-18
ORD101804,2026-05-12 16:36:00,W3 - South,Van,Home & Kitchen,9.47,3,12.34,-23.3,True,2026-05-12,2026-05,2026-05-11
ORD101805,2026-05-05 18:04:00,W2 - Central,Bike,Apparel,5.89,5,9.54,-18.7,True,2026-05-05,2026-05,2026-05-04
ORD101806,2026-05-01 11:13:00,W1 - North,Bike,Home & Kitchen,5.92,3,5.8,-23.8,True,2026-05-01,2026-05,2026-04-27
ORD101807,2026-06-13 21:25:00,W2 - Central,Van,Electronics,2.89,6,6.09,8.5,False,2026-06-13,2026-06,2026-06-08
ORD101808,2026-05-09 09:21:00,W2 - Central,Truck,Grocery,4.86,3,13.71,-14.4,True,2026-05-09,2026-05,2026-05-04
ORD101809,2026-07-26 19:20:00,W2 - Central,Van,Grocery,0.99,3,7.67,-10.7,True,2026-07-26,2026-07,2026-07-20
ORD101810,2026-05-23 04:53:00,W2 - Central,Van,Grocery,12.62,5,17.34,11.5,False,2026-05-23,2026-05,2026-05-18
ORD101811,2026-06-28 05:56:00,W2 - Central,Bike,Apparel,5.79,5,8.62,-22.4,True,2026-06-28,2026-06,2026-06-22
ORD101812,2026-06-30 12:38:00,W2 - Central,Bike,Grocery,6.9,2,5.91,-12.4,True,2026-06-30,2026-06,2026-06-29
ORD101813,2026-06-14 13:20:00,W3 - South,Van,Apparel,5.99,6,13.94,-18.8,True,2026-06-14,2026-06,2026-06-08
ORD101814,2026-07-19 17:54:00,W2 - Central,Bike,Apparel,5.75,5,9.93,1.0,False,2026-07-19,2026-07,2026-07-13
ORD101815,2026-05-10 07:08:00,W1 - North,Van,Grocery,8.57,3,13.02,6.3,False,2026-05-10,2026-05,2026-05-04
ORD101816,2026-05-22 20:56:00,W1 - North,Bike,Grocery,5.72,7,10.37,-21.6,True,2026-05-22,2026-05,2026-05-18
ORD101817,2026-05-23 07:54:00,W2 - Central,Bike,Grocery,4.46,6,8.48,-9.8,True,2026-05-23,2026-05,2026-05-18
ORD101818,2026-05-13 12:49:00,W2 - Central,Truck,Apparel,1.75,2,5.71,0.6,False,2026-05-13,2026-05,2026-05-11
ORD101819,2026-05-27 22:21:00,W2 - Central,Van,Grocery,15.25,8,21.64,2.0,False,2026-05-27,2026-05,2026-05-25
ORD101820,2026-05-29 12:56:00,W2 - Central,Bike,Apparel,2.96,5,7.08,-29.5,True,2026-05-29,2026-05,2026-05-25
ORD101821,2026-07-08 16:21:00,W1 - North,Bike,Grocery,4.35,8,9.7,-7.9,True,2026-07-08,2026-07,2026-07-06
ORD101822,2026-05-28 21:48:00,W2 - Central,Van,Apparel,13.14,4,19.64,0.7,False,2026-05-28,2026-05,2026-05-25
ORD101823,2026-07-18 23:23:00,W2 - Central,Van,Grocery,7.12,5,12.48,0.1,False,2026-07-18,2026-07,2026-07-13
ORD101824,2026-07-09 11:59:00,W1 - North,Truck,Personal Care,10.8,3,18.14,8.0,False,2026-07-09,2026-07,2026-07-06
ORD101825,2026-07-21 10:00:00,W1 - North,Van,Apparel,2.2,6,8.17,-38.6,True,2026-07-21,2026-07,2026-07-20
ORD101826,2026-05-10 04:43:00,W1 - North,Bike,Personal Care,7.6,4,7.95,-12.1,True,2026-05-10,2026-05,2026-05-04
ORD101827,2026-07-28 12:53:00,W1 - North,Van,Grocery,2.23,2,6.38,-40.3,True,2026-07-28,2026-07,2026-07-27
ORD101828,2026-06-25 22:02:00,W3 - South,Bike,Home & Kitchen,5.25,8,8.62,-17.6,True,2026-06-25,2026-06,2026-06-22
ORD101829,2026-07-28 11:41:00,W3 - South,Van,Home & Kitchen,33.29,5,35.45,25.3,False,2026-07-28,2026-07,2026-07-27
ORD101830,2026-06-01 08:21:00,W2 - Central,Truck,Apparel,2.25,5,9.5,-29.3,True,2026-06-01,2026-06,2026-06-01
ORD101831,2026-07-25 02:34:00,W1 - North,Bike,Apparel,10.46,4,10.08,1.7,False,2026-07-25,2026-07,2026-07-20
ORD101832,2026-06-22 09:21:00,W2 - Central,Van,Electronics,2.43,4,8.19,-19.1,True,2026-06-22,2026-06,2026-06-22
ORD101833,2026-05-07 05:40:00,W2 - Central,Bike,Grocery,2.67,6,8.24,-28.4,True,2026-05-07,2026-05,2026-05-04
ORD101834,2026-06-06 23:26:00,W1 - North,Bike,Apparel,30.77,5,20.68,23.7,False,2026-06-06,2026-06,2026-06-01
ORD101835,2026-05-13 12:39:00,W3 - South,Van,Home & Kitchen,9.5,7,15.44,-11.5,True,2026-05-13,2026-05,2026-05-11
ORD101836,2026-07-24 03:17:00,W1 - North,Van,Personal Care,2.06,7,9.42,-40.5,True,2026-07-24,2026-07,2026-07-20
ORD101837,2026-05-28 01:37:00,W1 - North,Bike,Grocery,10.75,8,13.84,-6.1,True,2026-05-28,2026-05,2026-05-25
ORD101838,2026-05-21 20:25:00,W1 - North,Bike,Electronics,14.78,3,12.53,7.5,False,2026-05-21,2026-05,2026-05-18
ORD101839,2026-06-19 22:21:00,W1 - North,Van,Grocery,11.41,5,17.89,-3.3,True,2026-06-19,2026-06,2026-06-15
ORD101840,2026-06-08 18:18:00,W3 - South,Truck,Apparel,8.92,4,18.72,-22.5,True,2026-06-08,2026-06,2026-06-08
ORD101841,2026-05-09 02:58:00,W2 - Central,Van,Grocery,4.57,3,9.54,-6.5,True,2026-05-09,2026-05,2026-05-04
ORD101842,2026-07-13 02:21:00,W1 - North,Van,Electronics,4.56,3,12.85,-35.2,True,2026-07-13,2026-07,2026-07-13
ORD101843,2026-07-16 04:45:00,W2 - Central,Bike,Electronics,2.03,5,7.39,-17.9,True,2026-07-16,2026-07,2026-07-13
ORD101844,2026-07-06 18:01:00,W1 - North,Van,Personal Care,8.46,3,12.49,-19.5,True,2026-07-06,2026-07,2026-07-06
ORD101845,2026-06-25 18:22:00,W1 - North,Van,Apparel,5.73,3,8.28,-31.1,True,2026-06-25,2026-06,2026-06-22
ORD101846,2026-06-06 20:06:00,W1 - North,Van,Electronics,2.26,5,7.35,-14.1,True,2026-06-06,2026-06,2026-06-01
ORD101847,2026-06-18 02:19:00,W2 - Central,Van,Apparel,4.84,4,9.85,-32.4,True,2026-06-18,2026-06,2026-06-15
ORD101848,2026-06-16 03:40:00,W1 - North,Van,Apparel,3.96,4,10.07,-34.9,True,2026-06-16,2026-06,2026-06-15
ORD101849,2026-05-15 21:36:00,W3 - South,Bike,Grocery,12.25,5,13.2,-19.3,True,2026-05-15,2026-05,2026-05-11
ORD101850,2026-05-08 22:17:00,W1 - North,Van,Electronics,7.62,8,15.27,-18.7,True,2026-05-08,2026-05,2026-05-04
ORD101851,2026-05-23 17:25:00,W2 - Central,Bike,Electronics,3.87,8,11.32,5.4,False,2026-05-23,2026-05,2026-05-18
ORD101852,2026-06-10 02:32:00,W3 - South,Bike,Personal Care,10.0,6,10.28,-6.4,True,2026-06-10,2026-06,2026-06-08
ORD101853,2026-05-15 01:38:00,W1 - North,Van,Apparel,7.08,2,11.45,-19.0,True,2026-05-15,2026-05,2026-05-11
ORD101854,2026-05-10 01:20:00,W1 - North,Van,Electronics,12.36,5,17.03,0.0,True,2026-05-10,2026-05,2026-05-04
ORD101855,2026-07-16 16:36:00,W3 - South,Bike,Electronics,9.74,3,10.04,-16.2,True,2026-07-16,2026-07,2026-07-13
ORD101856,2026-06-03 20:18:00,W2 - Central,Van,Personal Care,3.49,11,12.52,0.8,False,2026-06-03,2026-06,2026-06-01
ORD101857,2026-06-22 15:09:00,W2 - Central,Van,Home & Kitchen,4.16,8,10.41,-29.0,True,2026-06-22,2026-06,2026-06-22
ORD101858,2026-06-17 06:17:00,W1 - North,Bike,Home & Kitchen,19.37,2,11.94,10.4,False,2026-06-17,2026-06,2026-06-15
ORD101859,2026-07-06 18:10:00,W1 - North,Bike,Home & Kitchen,3.33,3,7.34,-30.8,True,2026-07-06,2026-07,2026-07-06
ORD101860,2026-07-06 01:25:00,W2 - Central,Bike,Home & Kitchen,4.36,6,9.88,-9.4,True,2026-07-06,2026-07,2026-07-06
ORD101861,2026-05-27 19:52:00,W3 - South,Van,Grocery,8.62,9,16.04,-8.8,True,2026-05-27,2026-05,2026-05-25
ORD101862,2026-07-16 21:24:00,W1 - North,Van,Personal Care,5.93,4,10.92,-13.9,True,2026-07-16,2026-07,2026-07-13
ORD101863,2026-06-03 17:14:00,W3 - South,Van,Grocery,2.31,6,7.99,-13.5,True,2026-06-03,2026-06,2026-06-01
ORD101864,2026-07-15 21:06:00,W2 - Central,Bike,Grocery,1.97,6,8.78,-30.8,True,2026-07-15,2026-07,2026-07-13
ORD101865,2026-06-06 14:04:00,W1 - North,Van,Electronics,5.52,7,12.49,-2.9,True,2026-06-06,2026-06,2026-06-01
ORD101866,2026-05-10 11:14:00,W1 - North,Van,Home & Kitchen,4.47,9,12.15,-12.9,True,2026-05-10,2026-05,2026-05-04
ORD101867,2026-07-08 07:44:00,W1 - North,Van,Home & Kitchen,8.14,7,15.92,-18.1,True,2026-07-08,2026-07,2026-07-06
ORD101868,2026-05-03 22:07:00,W2 - Central,Bike,Apparel,10.14,7,13.41,23.2,False,2026-05-03,2026-05,2026-04-27
ORD101869,2026-07-09 16:44:00,W2 - Central,Bike,Electronics,6.43,8,9.0,-2.1,True,2026-07-09,2026-07,2026-07-06
ORD101870,2026-05-04 04:34:00,W2 - Central,Van,Electronics,5.45,5,11.2,-16.4,True,2026-05-04,2026-05,2026-05-04
ORD101871,2026-05-19 22:58:00,W1 - North,Van,Apparel,9.15,6,13.44,-4.2,True,2026-05-19,2026-05,2026-05-18
ORD101872,2026-06-24 01:25:00,W2 - Central,Van,Grocery,5.8,4,11.04,-13.2,True,2026-06-24,2026-06,2026-06-22
ORD101873,2026-07-24 14:06:00,W2 - Central,Van,Electronics,4.97,3,4.8,-19.0,True,2026-07-24,2026-07,2026-07-20
ORD101874,2026-06-06 04:34:00,W2 - Central,Van,Home & Kitchen,9.04,4,13.88,-5.1,True,2026-06-06,2026-06,2026-06-01
ORD101875,2026-05-11 15:56:00,W2 - Central,Van,Electronics,4.06,6,11.62,-11.7,True,2026-05-11,2026-05,2026-05-11
ORD101876,2026-05-21 09:54:00,W1 - North,Bike,Home & Kitchen,2.59,3,6.35,-33.2,True,2026-05-21,2026-05,2026-05-18
ORD101877,2026-07-20 10:29:00,W2 - Central,Bike,Apparel,3.27,5,6.28,-15.4,True,2026-07-20,2026-07,2026-07-20
ORD101878,2026-07-05 16:07:00,W1 - North,Truck,Electronics,3.93,4,14.85,-9.3,True,2026-07-05,2026-07,2026-06-29
ORD101879,2026-05-10 18:08:00,W1 - North,Truck,Home & Kitchen,22.7,5,42.96,20.1,False,2026-05-10,2026-05,2026-05-04
ORD101880,2026-06-04 09:07:00,W1 - North,Van,Apparel,14.03,6,18.23,14.2,False,2026-06-04,2026-06,2026-06-01
ORD101881,2026-05-24 23:56:00,W2 - Central,Van,Apparel,5.49,2,8.98,-7.8,True,2026-05-24,2026-05,2026-05-18
ORD101882,2026-05-17 11:57:00,W2 - Central,Van,Grocery,3.01,3,4.88,0.3,False,2026-05-17,2026-05,2026-05-11
ORD101883,2026-07-16 03:50:00,W1 - North,Bike,Personal Care,11.98,9,15.21,3.7,False,2026-07-16,2026-07,2026-07-13
ORD101884,2026-06-25 00:09:00,W3 - South,Van,Home & Kitchen,10.69,4,12.93,0.2,False,2026-06-25,2026-06,2026-06-22
ORD101885,2026-05-17 04:51:00,W3 - South,Van,Home & Kitchen,8.13,5,14.41,7.2,False,2026-05-17,2026-05,2026-05-11
ORD101886,2026-06-28 16:35:00,W1 - North,Van,Home & Kitchen,7.17,3,12.93,-27.8,True,2026-06-28,2026-06,2026-06-22
ORD101887,2026-06-07 12:56:00,W2 - Central,Van,Home & Kitchen,4.15,6,10.52,-4.9,True,2026-06-07,2026-06,2026-06-01
ORD101888,2026-05-06 08:06:00,W1 - North,Bike,Home & Kitchen,9.08,4,8.55,-15.6,True,2026-05-06,2026-05,2026-05-04
ORD101889,2026-06-10 11:33:00,W3 - South,Bike,Home & Kitchen,3.6,3,8.85,-26.8,True,2026-06-10,2026-06,2026-06-08
ORD101890,2026-05-17 20:06:00,W1 - North,Van,Home & Kitchen,9.03,4,13.58,-11.2,True,2026-05-17,2026-05,2026-05-11
ORD101891,2026-05-23 13:43:00,W1 - North,Truck,Grocery,5.52,6,15.69,-17.6,True,2026-05-23,2026-05,2026-05-18
ORD101892,2026-07-19 01:23:00,W2 - Central,Van,Apparel,9.11,5,12.85,-8.6,True,2026-07-19,2026-07,2026-07-13
ORD101893,2026-07-03 01:10:00,W1 - North,Van,Electronics,14.24,6,19.49,-2.3,True,2026-07-03,2026-07,2026-06-29
ORD101894,2026-05-13 11:34:00,W2 - Central,Van,Grocery,12.16,7,17.73,10.1,False,2026-05-13,2026-05,2026-05-11
ORD101895,2026-07-16 09:42:00,W2 - Central,Bike,Grocery,17.82,7,14.04,8.0,False,2026-07-16,2026-07,2026-07-13
ORD101896,2026-06-21 20:24:00,W1 - North,Bike,Grocery,15.86,3,14.73,1.6,False,2026-06-21,2026-06,2026-06-15
ORD101897,2026-07-18 13:59:00,W2 - Central,Van,Apparel,8.93,3,15.53,-6.9,True,2026-07-18,2026-07,2026-07-13
ORD101898,2026-07-07 18:09:00,W3 - South,Truck,Grocery,4.04,6,14.81,-33.5,True,2026-07-07,2026-07,2026-07-06
ORD101899,2026-05-31 14:02:00,W3 - South,Van,Personal Care,1.11,4,8.15,-26.8,True,2026-05-31,2026-05,2026-05-25
ORD101900,2026-06-18 08:17:00,W2 - Central,Van,Electronics,9.72,7,18.61,0.2,False,2026-06-18,2026-06,2026-06-15
ORD101901,2026-06-17 15:46:00,W1 - North,Bike,Home & Kitchen,3.49,8,8.36,-10.7,True,2026-06-17,2026-06,2026-06-15
ORD101902,2026-07-04 14:54:00,W1 - North,Truck,Apparel,34.14,2,55.34,27.7,False,2026-07-04,2026-07,2026-06-29
ORD101903,2026-05-23 17:17:00,W3 - South,Bike,Grocery,2.78,5,7.18,-21.0,True,2026-05-23,2026-05,2026-05-18
ORD101904,2026-05-30 04:32:00,W2 - Central,Truck,Apparel,8.69,4,19.64,10.3,False,2026-05-30,2026-05,2026-05-25
ORD101905,2026-05-23 15:23:00,W2 - Central,Van,Grocery,5.78,4,10.38,-16.4,True,2026-05-23,2026-05,2026-05-18
ORD101906,2026-05-27 06:51:00,W3 - South,Bike,Electronics,3.08,4,5.81,-16.5,True,2026-05-27,2026-05,2026-05-25
ORD101907,2026-05-15 18:57:00,W1 - North,Bike,Electronics,7.68,9,12.5,-17.2,True,2026-05-15,2026-05,2026-05-11
ORD101908,2026-05-04 19:09:00,W2 - Central,Van,Electronics,2.88,4,8.21,-11.9,True,2026-05-04,2026-05,2026-05-04
ORD101909,2026-07-24 14:59:00,W1 - North,Van,Apparel,6.35,3,11.96,-22.5,True,2026-07-24,2026-07,2026-07-20
ORD101910,2026-05-07 22:43:00,W1 - North,Truck,Grocery,6.41,6,16.98,-13.9,True,2026-05-07,2026-05,2026-05-04
ORD101911,2026-07-19 12:54:00,W2 - Central,Van,Electronics,2.91,5,6.12,4.0,False,2026-07-19,2026-07,2026-07-13
ORD101912,2026-05-01 00:36:00,W1 - North,Van,Electronics,5.18,4,10.88,-23.1,True,2026-05-01,2026-05,2026-04-27
ORD101913,2026-07-09 14:32:00,W3 - South,Truck,Personal Care,5.4,5,17.13,-13.8,True,2026-07-09,2026-07,2026-07-06
ORD101914,2026-05-30 18:39:00,W1 - North,Truck,Apparel,1.38,3,7.45,-20.5,True,2026-05-30,2026-05,2026-05-25
ORD101915,2026-06-16 02:25:00,W3 - South,Truck,Home & Kitchen,10.87,3,23.41,-21.0,True,2026-06-16,2026-06,2026-06-15
ORD101916,2026-05-26 02:30:00,W2 - Central,Truck,Electronics,11.86,3,22.69,-3.4,True,2026-05-26,2026-05,2026-05-25
ORD101917,2026-06-14 06:33:00,W2 - Central,Van,Personal Care,2.83,5,9.75,-12.5,True,2026-06-14,2026-06,2026-06-08
ORD101918,2026-06-10 20:15:00,W3 - South,Truck,Home & Kitchen,31.4,4,52.83,13.2,False,2026-06-10,2026-06,2026-06-08
ORD101919,2026-06-17 12:39:00,W1 - North,Van,Electronics,23.69,5,26.27,18.1,False,2026-06-17,2026-06,2026-06-15
ORD101920,2026-06-05 23:26:00,W1 - North,Bike,Grocery,4.85,3,7.21,-17.5,True,2026-06-05,2026-06,2026-06-01
ORD101921,2026-06-18 20:57:00,W1 - North,Van,Apparel,5.74,3,10.89,-14.4,True,2026-06-18,2026-06,2026-06-15
ORD101922,2026-07-14 13:18:00,W1 - North,Bike,Apparel,4.93,5,7.57,-8.8,True,2026-07-14,2026-07,2026-07-13
ORD101923,2026-06-09 16:17:00,W3 - South,Bike,Apparel,4.09,6,6.81,-15.8,True,2026-06-09,2026-06,2026-06-08
ORD101924,2026-06-02 07:56:00,W2 - Central,Bike,Home & Kitchen,4.32,9,11.62,-17.0,True,2026-06-02,2026-06,2026-06-01
ORD101925,2026-05-12 02:10:00,W1 - North,Van,Home & Kitchen,5.3,4,11.05,-25.2,True,2026-05-12,2026-05,2026-05-11
ORD101926,2026-06-02 09:34:00,W1 - North,Van,Electronics,7.16,5,12.75,-9.9,True,2026-06-02,2026-06,2026-06-01
ORD101927,2026-05-12 14:12:00,W2 - Central,Van,Grocery,5.57,5,12.64,-8.9,True,2026-05-12,2026-05,2026-05-11
ORD101928,2026-05-17 04:22:00,W2 - Central,Van,Electronics,1.92,6,8.42,-11.7,True,2026-05-17,2026-05,2026-05-11
ORD101929,2026-07-25 05:19:00,W1 - North,Bike,Grocery,10.09,6,12.24,-11.9,True,2026-07-25,2026-07,2026-07-20
ORD101930,2026-05-09 00:21:00,W2 - Central,Van,Apparel,4.28,5,9.61,-12.6,True,2026-05-09,2026-05,2026-05-04
ORD101931,2026-06-13 17:36:00,W2 - Central,Bike,Home & Kitchen,2.24,4,6.56,-7.3,True,2026-06-13,2026-06,2026-06-08
ORD101932,2026-07-15 21:35:00,W3 - South,Van,Home & Kitchen,8.42,4,13.57,-35.4,True,2026-07-15,2026-07,2026-07-13
ORD101933,2026-07-25 19:51:00,W1 - North,Van,Grocery,7.63,2,14.59,-33.0,True,2026-07-25,2026-07,2026-07-20
ORD101934,2026-05-14 09:07:00,W2 - Central,Bike,Grocery,13.28,5,13.82,8.5,False,2026-05-14,2026-05,2026-05-11
ORD101935,2026-05-15 14:14:00,W1 - North,Van,Home & Kitchen,15.93,6,21.47,-4.7,True,2026-05-15,2026-05,2026-05-11
ORD101936,2026-06-03 23:03:00,W1 - North,Van,Personal Care,4.55,5,11.53,-18.1,True,2026-06-03,2026-06,2026-06-01
ORD101937,2026-06-19 14:11:00,W2 - Central,Van,Personal Care,4.5,7,8.0,1.3,False,2026-06-19,2026-06,2026-06-15
ORD101938,2026-07-26 07:06:00,W2 - Central,Van,Personal Care,2.64,7,10.42,-18.5,True,2026-07-26,2026-07,2026-07-20
ORD101939,2026-05-19 08:07:00,W1 - North,Bike,Apparel,8.5,3,10.64,-31.5,True,2026-05-19,2026-05,2026-05-18
ORD101940,2026-05-15 17:27:00,W3 - South,Van,Electronics,7.11,7,13.87,-20.4,True,2026-05-15,2026-05,2026-05-11
ORD101941,2026-05-23 10:42:00,W1 - North,Van,Grocery,5.85,9,13.81,-15.9,True,2026-05-23,2026-05,2026-05-18
ORD101942,2026-07-18 20:05:00,W2 - Central,Bike,Apparel,9.95,4,9.14,1.9,False,2026-07-18,2026-07,2026-07-13
ORD101943,2026-05-03 20:44:00,W3 - South,Van,Grocery,3.82,6,9.7,-13.1,True,2026-05-03,2026-05,2026-04-27
ORD101944,2026-06-04 00:51:00,W2 - Central,Bike,Electronics,11.97,3,9.64,1.1,False,2026-06-04,2026-06,2026-06-01
ORD101945,2026-05-11 17:21:00,W3 - South,Van,Grocery,13.61,3,18.37,-8.3,True,2026-05-11,2026-05,2026-05-11
ORD101946,2026-05-15 08:52:00,W2 - Central,Truck,Electronics,11.61,3,25.32,7.0,False,2026-05-15,2026-05,2026-05-11
ORD101947,2026-07-22 12:28:00,W3 - South,Van,Personal Care,16.71,5,23.61,4.8,False,2026-07-22,2026-07,2026-07-20
ORD101948,2026-05-01 06:21:00,W2 - Central,Van,Grocery,9.37,5,13.19,-6.8,True,2026-05-01,2026-05,2026-04-27
ORD101949,2026-05-29 08:50:00,W2 - Central,Truck,Electronics,5.18,4,12.83,-8.2,True,2026-05-29,2026-05,2026-05-25
ORD101950,2026-07-22 07:55:00,W1 - North,Bike,Home & Kitchen,2.93,2,4.94,-41.8,True,2026-07-22,2026-07,2026-07-20
ORD101951,2026-06-24 01:12:00,W2 - Central,Bike,Home & Kitchen,3.22,3,5.28,-8.9,True,2026-06-24,2026-06,2026-06-22
ORD101952,2026-05-07 18:47:00,W1 - North,Truck,Personal Care,3.68,3,9.43,-25.4,True,2026-05-07,2026-05,2026-05-04
ORD101953,2026-06-11 03:25:00,W3 - South,Van,Home & Kitchen,1.6,2,5.29,-43.2,True,2026-06-11,2026-06,2026-06-08
ORD101954,2026-07-27 09:01:00,W1 - North,Bike,Home & Kitchen,13.25,4,13.41,-10.4,True,2026-07-27,2026-07,2026-07-27
ORD101955,2026-06-06 04:37:00,W1 - North,Bike,Apparel,6.37,10,11.4,1.4,False,2026-06-06,2026-06,2026-06-01
ORD101956,2026-06-17 03:51:00,W3 - South,Van,Grocery,5.17,1,10.08,-33.3,True,2026-06-17,2026-06,2026-06-15
ORD101957,2026-06-17 08:57:00,W1 - North,Van,Electronics,23.12,3,27.0,15.0,False,2026-06-17,2026-06,2026-06-15
ORD101958,2026-06-29 22:03:00,W1 - North,Van,Personal Care,29.51,4,31.41,32.2,False,2026-06-29,2026-06,2026-06-29
ORD101959,2026-05-17 22:39:00,W2 - Central,Truck,Home & Kitchen,1.71,6,11.56,-11.7,True,2026-05-17,2026-05,2026-05-11
ORD101960,2026-07-15 09:09:00,W1 - North,Van,Grocery,5.75,3,8.15,-29.4,True,2026-07-15,2026-07,2026-07-13
ORD101961,2026-07-28 12:07:00,W1 - North,Van,Grocery,5.48,5,10.32,-21.2,True,2026-07-28,2026-07,2026-07-27
ORD101962,2026-05-13 23:39:00,W2 - Central,Bike,Apparel,2.42,4,7.32,-31.9,True,2026-05-13,2026-05,2026-05-11
ORD101963,2026-07-13 05:38:00,W1 - North,Bike,Apparel,13.05,5,12.93,-10.6,True,2026-07-13,2026-07,2026-07-13
ORD101964,2026-07-13 22:40:00,W1 - North,Van,Apparel,1.08,6,10.16,-38.1,True,2026-07-13,2026-07,2026-07-13
ORD101965,2026-07-06 02:32:00,W1 - North,Bike,Apparel,19.43,8,15.89,7.9,False,2026-07-06,2026-07,2026-07-06
ORD101966,2026-06-03 05:25:00,W1 - North,Van,Electronics,7.12,2,9.95,-31.3,True,2026-06-03,2026-06,2026-06-01
ORD101967,2026-06-12 08:07:00,W1 - North,Bike,Grocery,21.91,4,16.01,10.6,False,2026-06-12,2026-06,2026-06-08
ORD101968,2026-07-15 00:53:00,W1 - North,Van,Home & Kitchen,6.7,2,9.62,-10.5,True,2026-07-15,2026-07,2026-07-13
ORD101969,2026-05-14 19:34:00,W2 - Central,Van,Home & Kitchen,4.1,7,9.62,-2.8,True,2026-05-14,2026-05,2026-05-11
ORD101970,2026-07-14 20:31:00,W2 - Central,Bike,Home & Kitchen,10.29,5,10.6,-14.6,True,2026-07-14,2026-07,2026-07-13
ORD101971,2026-07-22 09:12:00,W1 - North,Van,Electronics,21.82,4,24.07,3.7,False,2026-07-22,2026-07,2026-07-20
ORD101972,2026-07-01 20:04:00,W1 - North,Van,Home & Kitchen,19.59,3,24.13,12.3,False,2026-07-01,2026-07,2026-06-29
ORD101973,2026-05-31 18:32:00,W3 - South,Van,Apparel,2.4,4,6.41,-15.9,True,2026-05-31,2026-05,2026-05-25
ORD101974,2026-06-20 19:14:00,W2 - Central,Bike,Personal Care,12.3,10,16.48,5.8,False,2026-06-20,2026-06,2026-06-15
ORD101975,2026-05-05 19:15:00,W1 - North,Truck,Grocery,5.27,3,15.27,-27.0,True,2026-05-05,2026-05,2026-05-04
ORD101976,2026-07-23 13:45:00,W2 - Central,Bike,Electronics,4.65,4,7.31,-14.2,True,2026-07-23,2026-07,2026-07-20
ORD101977,2026-05-31 02:39:00,W1 - North,Truck,Grocery,5.19,4,14.23,-31.4,True,2026-05-31,2026-05,2026-05-25
ORD101978,2026-05-06 22:09:00,W3 - South,Truck,Home & Kitchen,6.44,4,16.61,-16.8,True,2026-05-06,2026-05,2026-05-04
ORD101979,2026-07-11 14:36:00,W3 - South,Van,Electronics,8.7,3,13.31,-1.3,True,2026-07-11,2026-07,2026-07-06
ORD101980,2026-06-29 21:37:00,W3 - South,Van,Electronics,4.7,7,11.82,-26.0,True,2026-06-29,2026-06,2026-06-29
ORD101981,2026-06-26 23:01:00,W1 - North,Truck,Electronics,16.47,1,28.28,-15.7,True,2026-06-26,2026-06,2026-06-22
ORD101982,2026-05-05 04:29:00,W1 - North,Truck,Grocery,11.04,4,23.78,1.9,False,2026-05-05,2026-05,2026-05-04
ORD101983,2026-07-07 09:39:00,W1 - North,Truck,Grocery,8.08,4,17.7,-14.5,True,2026-07-07,2026-07,2026-07-06
ORD101984,2026-06-27 04:37:00,W1 - North,Bike,Home & Kitchen,5.19,5,8.97,-7.8,True,2026-06-27,2026-06,2026-06-22
ORD101985,2026-07-11 01:13:00,W1 - North,Van,Electronics,4.52,4,10.0,-28.1,True,2026-07-11,2026-07,2026-07-06
ORD101986,2026-07-14 23:11:00,W2 - Central,Truck,Apparel,6.99,4,17.88,-22.4,True,2026-07-14,2026-07,2026-07-13
ORD101987,2026-05-20 22:09:00,W1 - North,Truck,Apparel,8.27,5,22.04,-11.6,True,2026-05-20,2026-05,2026-05-18
ORD101988,2026-05-19 22:21:00,W3 - South,Bike,Apparel,21.54,1,13.06,14.0,False,2026-05-19,2026-05,2026-05-18
ORD101989,2026-07-23 21:12:00,W1 - North,Truck,Home & Kitchen,4.57,7,14.78,-30.9,True,2026-07-23,2026-07,2026-07-20
ORD101990,2026-06-17 15:34:00,W1 - North,Bike,Electronics,4.24,3,5.06,-25.5,True,2026-06-17,2026-06,2026-06-15
ORD101991,2026-06-09 12:31:00,W3 - South,Truck,Electronics,16.1,6,33.95,-15.9,True,2026-06-09,2026-06,2026-06-08
ORD101992,2026-05-26 23:47:00,W2 - Central,Van,Home & Kitchen,9.21,5,14.39,-11.8,True,2026-05-26,2026-05,2026-05-25
ORD101993,2026-06-27 13:15:00,W1 - North,Truck,Apparel,28.11,7,50.26,28.7,False,2026-06-27,2026-06,2026-06-22
ORD101994,2026-07-07 15:25:00,W2 - Central,Van,Grocery,1.14,6,8.15,-15.6,True,2026-07-07,2026-07,2026-07-06
ORD101995,2026-05-01 05:04:00,W1 - North,Van,Grocery,17.06,4,20.56,-18.3,True,2026-05-01,2026-05,2026-04-27
ORD101996,2026-06-19 17:55:00,W1 - North,Van,Home & Kitchen,7.61,6,12.47,-3.9,True,2026-06-19,2026-06,2026-06-15
ORD101997,2026-07-29 19:40:00,W2 - Central,Van,Personal Care,3.58,5,11.33,-17.7,True,2026-07-29,2026-07,2026-07-27
ORD101998,2026-05-26 16:17:00,W1 - North,Van,Grocery,9.41,10,18.46,2.5,False,2026-05-26,2026-05,2026-05-25
ORD101999,2026-05-26 11:57:00,W2 - Central,Truck,Grocery,6.89,6,18.82,-2.8,True,2026-05-26,2026-05,2026-05-25
ORD102000,2026-07-19 04:44:00,W1 - North,Bike,Grocery,4.88,5,7.76,-7.0,True,2026-07-19,2026-07,2026-07-13
ORD102001,2026-05-06 00:48:00,W2 - Central,Truck,Grocery,1.23,4,6.68,-3.3,True,2026-05-06,2026-05,2026-05-04
ORD102002,2026-06-05 15:03:00,W2 - Central,Van,Apparel,12.82,2,15.43,-8.1,True,2026-06-05,2026-06,2026-06-01
ORD102003,2026-06-11 16:23:00,W1 - North,Van,Home & Kitchen,3.96,6,11.66,-21.5,True,2026-06-11,2026-06,2026-06-08
ORD102004,2026-07-11 18:32:00,W1 - North,Bike,Apparel,3.49,7,10.08,-24.7,True,2026-07-11,2026-07,2026-07-06
ORD102005,2026-05-12 22:48:00,W2 - Central,Bike,Home & Kitchen,3.2,4,6.23,-18.6,True,2026-05-12,2026-05,2026-05-11
ORD102006,2026-06-09 11:56:00,W3 - South,Van,Apparel,17.82,3,21.45,5.7,False,2026-06-09,2026-06,2026-06-08
ORD102007,2026-05-14 19:53:00,W2 - Central,Bike,Personal Care,4.01,4,6.31,-6.0,True,2026-05-14,2026-05,2026-05-11
ORD102008,2026-07-10 17:11:00,W2 - Central,Bike,Home & Kitchen,3.25,2,5.23,-22.7,True,2026-07-10,2026-07,2026-07-06
ORD102009,2026-06-26 06:39:00,W1 - North,Bike,Apparel,8.99,6,11.54,-24.0,True,2026-06-26,2026-06,2026-06-22
ORD102010,2026-06-14 20:16:00,W1 - North,Truck,Home & Kitchen,8.13,2,15.38,-10.3,True,2026-06-14,2026-06,2026-06-08
ORD102011,2026-06-05 01:16:00,W2 - Central,Bike,Grocery,3.3,6,7.2,-23.6,True,2026-06-05,2026-06,2026-06-01
ORD102012,2026-05-14 14:22:00,W1 - North,Bike,Grocery,1.61,3,8.38,-34.7,True,2026-05-14,2026-05,2026-05-11
ORD102013,2026-07-22 22:34:00,W2 - Central,Van,Grocery,8.78,6,16.61,0.5,False,2026-07-22,2026-07,2026-07-20
ORD102014,2026-06-28 15:48:00,W1 - North,Van,Electronics,8.24,6,17.54,-3.2,True,2026-06-28,2026-06,2026-06-22
ORD102015,2026-05-29 22:29:00,W1 - North,Van,Personal Care,1.14,3,6.95,-22.9,True,2026-05-29,2026-05,2026-05-25
ORD102016,2026-06-07 01:20:00,W2 - Central,Bike,Personal Care,14.02,4,13.42,6.8,False,2026-06-07,2026-06,2026-06-01
ORD102017,2026-07-05 12:46:00,W2 - Central,Bike,Personal Care,0.82,4,6.05,-6.2,True,2026-07-05,2026-07,2026-06-29
ORD102018,2026-07-04 18:44:00,W2 - Central,Van,Grocery,2.78,6,8.94,-9.8,True,2026-07-04,2026-07,2026-06-29
ORD102019,2026-06-11 15:24:00,W2 - Central,Bike,Electronics,2.93,8,10.98,-17.6,True,2026-06-11,2026-06,2026-06-08
ORD102020,2026-05-28 21:07:00,W3 - South,Van,Personal Care,6.68,7,15.42,-28.6,True,2026-05-28,2026-05,2026-05-25
ORD102021,2026-06-29 11:06:00,W3 - South,Van,Electronics,6.51,9,15.62,-36.2,True,2026-06-29,2026-06,2026-06-29
ORD102022,2026-06-29 16:22:00,W3 - South,Truck,Electronics,3.69,3,9.69,-41.7,True,2026-06-29,2026-06,2026-06-29
ORD102023,2026-06-23 10:04:00,W2 - Central,Van,Grocery,5.77,3,10.79,-11.7,True,2026-06-23,2026-06,2026-06-22
ORD102024,2026-05-07 20:55:00,W2 - Central,Van,Home & Kitchen,9.76,2,11.84,-15.0,True,2026-05-07,2026-05,2026-05-04
ORD102025,2026-06-12 02:52:00,W2 - Central,Van,Grocery,5.72,10,13.87,-22.9,True,2026-06-12,2026-06,2026-06-08
ORD102026,2026-06-25 06:05:00,W2 - Central,Van,Grocery,6.41,9,16.81,-11.4,True,2026-06-25,2026-06,2026-06-22
ORD102027,2026-07-25 02:19:00,W1 - North,Bike,Electronics,5.43,3,6.04,-12.8,True,2026-07-25,2026-07,2026-07-20
ORD102028,2026-06-17 16:51:00,W2 - Central,Truck,Grocery,5.56,5,18.26,-8.7,True,2026-06-17,2026-06,2026-06-15
ORD102029,2026-05-31 05:35:00,W1 - North,Bike,Personal Care,9.0,8,13.33,-4.8,True,2026-05-31,2026-05,2026-05-25
ORD102030,2026-06-20 07:36:00,W1 - North,Bike,Personal Care,11.04,2,9.16,-6.0,True,2026-06-20,2026-06,2026-06-15
ORD102031,2026-05-16 20:04:00,W3 - South,Van,Electronics,6.11,5,11.8,-19.2,True,2026-05-16,2026-05,2026-05-11
ORD102032,2026-05-09 08:38:00,W1 - North,Bike,Apparel,3.67,9,9.59,-8.1,True,2026-05-09,2026-05,2026-05-04
ORD102033,2026-07-01 03:29:00,W2 - Central,Van,Electronics,0.57,1,3.76,-26.7,True,2026-07-01,2026-07,2026-06-29
ORD102034,2026-07-28 00:30:00,W2 - Central,Van,Grocery,16.65,4,20.16,7.1,False,2026-07-28,2026-07,2026-07-27
ORD102035,2026-07-16 05:26:00,W1 - North,Truck,Grocery,21.32,6,39.22,19.6,False,2026-07-16,2026-07,2026-07-13
ORD102036,2026-06-22 21:57:00,W3 - South,Van,Home & Kitchen,9.82,5,13.44,-7.2,True,2026-06-22,2026-06,2026-06-22
ORD102037,2026-05-04 13:10:00,W1 - North,Van,Apparel,6.81,8,13.76,-17.3,True,2026-05-04,2026-05,2026-05-04
ORD102038,2026-07-28 23:52:00,W3 - South,Van,Grocery,26.76,6,27.87,15.7,False,2026-07-28,2026-07,2026-07-27
ORD102039,2026-06-10 05:09:00,W2 - Central,Bike,Grocery,1.9,3,4.28,-24.0,True,2026-06-10,2026-06,2026-06-08
ORD102040,2026-05-27 08:26:00,W1 - North,Van,Home & Kitchen,3.37,5,7.44,-42.8,True,2026-05-27,2026-05,2026-05-25
ORD102041,2026-07-20 03:55:00,W1 - North,Van,Electronics,18.55,4,24.17,13.3,False,2026-07-20,2026-07,2026-07-20
ORD102042,2026-07-07 09:33:00,W1 - North,Bike,Home & Kitchen,5.39,5,9.63,-26.9,True,2026-07-07,2026-07,2026-07-06
ORD102043,2026-07-07 13:31:00,W1 - North,Van,Personal Care,2.99,5,9.94,-17.6,True,2026-07-07,2026-07,2026-07-06
ORD102044,2026-05-25 19:23:00,W1 - North,Truck,Home & Kitchen,9.36,7,22.03,-11.2,True,2026-05-25,2026-05,2026-05-25
ORD102045,2026-07-29 08:50:00,W3 - South,Van,Grocery,6.14,3,11.28,-10.4,True,2026-07-29,2026-07,2026-07-27
ORD102046,2026-06-10 18:31:00,W1 - North,Bike,Apparel,16.54,5,16.0,5.2,False,2026-06-10,2026-06,2026-06-08
ORD102047,2026-06-17 15:01:00,W3 - South,Truck,Apparel,11.06,4,23.44,-4.6,True,2026-06-17,2026-06,2026-06-15
ORD102048,2026-07-07 07:00:00,W1 - North,Van,Electronics,4.22,9,14.95,-25.1,True,2026-07-07,2026-07,2026-07-06
ORD102049,2026-06-29 21:53:00,W3 - South,Bike,Apparel,6.61,6,10.13,-31.2,True,2026-06-29,2026-06,2026-06-29
ORD102050,2026-05-16 10:25:00,W1 - North,Van,Electronics,9.05,7,16.29,-3.9,True,2026-05-16,2026-05,2026-05-11
ORD102051,2026-05-28 03:37:00,W2 - Central,Bike,Home & Kitchen,4.42,13,14.42,-25.5,True,2026-05-28,2026-05,2026-05-25
ORD102052,2026-06-02 23:06:00,W2 - Central,Truck,Apparel,4.0,6,11.82,-18.8,True,2026-06-02,2026-06,2026-06-01
ORD102053,2026-07-25 21:55:00,W1 - North,Bike,Grocery,11.32,4,11.26,-14.0,True,2026-07-25,2026-07,2026-07-20
ORD102054,2026-07-04 01:11:00,W3 - South,Truck,Apparel,27.0,4,44.44,16.9,False,2026-07-04,2026-07,2026-06-29
ORD102055,2026-06-02 21:39:00,W1 - North,Bike,Apparel,10.29,6,11.72,-5.3,True,2026-06-02,2026-06,2026-06-01
ORD102056,2026-07-06 22:44:00,W2 - Central,Bike,Electronics,2.88,2,5.63,-15.2,True,2026-07-06,2026-07,2026-07-06
ORD102057,2026-07-06 19:53:00,W2 - Central,Van,Apparel,2.13,5,7.8,-20.4,True,2026-07-06,2026-07,2026-07-06
ORD102058,2026-06-05 06:07:00,W2 - Central,Bike,Grocery,8.17,5,9.71,-4.6,True,2026-06-05,2026-06,2026-06-01
ORD102059,2026-06-06 15:09:00,W1 - North,Truck,Grocery,10.28,3,21.79,-10.9,True,2026-06-06,2026-06,2026-06-01
ORD102060,2026-07-20 12:55:00,W1 - North,Bike,Home & Kitchen,5.05,1,5.13,-2.8,True,2026-07-20,2026-07,2026-07-20
ORD102061,2026-06-20 14:53:00,W1 - North,Van,Personal Care,5.97,6,14.97,-9.1,True,2026-06-20,2026-06,2026-06-15
ORD102062,2026-05-14 14:47:00,W1 - North,Van,Apparel,4.02,4,10.17,-29.5,True,2026-05-14,2026-05,2026-05-11
ORD102063,2026-07-04 15:20:00,W1 - North,Bike,Home & Kitchen,2.9,7,7.85,-9.0,True,2026-07-04,2026-07,2026-06-29
ORD102064,2026-06-23 12:20:00,W3 - South,Truck,Electronics,6.43,4,16.71,-10.4,True,2026-06-23,2026-06,2026-06-22
ORD102065,2026-06-15 16:34:00,W2 - Central,Van,Apparel,0.5,3,7.22,-30.6,True,2026-06-15,2026-06,2026-06-15
ORD102066,2026-07-05 12:38:00,W2 - Central,Van,Apparel,10.94,3,15.15,-9.6,True,2026-07-05,2026-07,2026-06-29
ORD102067,2026-07-21 00:23:00,W1 - North,Van,Grocery,2.17,2,5.03,-40.3,True,2026-07-21,2026-07,2026-07-20
ORD102068,2026-05-30 00:50:00,W1 - North,Van,Grocery,6.64,2,13.7,-19.8,True,2026-05-30,2026-05,2026-05-25
ORD102069,2026-06-07 22:59:00,W2 - Central,Truck,Apparel,0.68,2,6.7,-17.6,True,2026-06-07,2026-06,2026-06-01
ORD102070,2026-05-18 21:49:00,W1 - North,Van,Apparel,10.05,7,14.37,-25.0,True,2026-05-18,2026-05,2026-05-18
ORD102071,2026-06-28 14:03:00,W1 - North,Van,Personal Care,12.13,2,15.32,-7.1,True,2026-06-28,2026-06,2026-06-22
ORD102072,2026-06-06 04:11:00,W2 - Central,Van,Grocery,5.31,9,13.08,-4.6,True,2026-06-06,2026-06,2026-06-01
ORD102073,2026-05-31 18:45:00,W2 - Central,Van,Grocery,4.77,8,12.37,-1.6,True,2026-05-31,2026-05,2026-05-25
ORD102074,2026-07-02 03:26:00,W3 - South,Truck,Apparel,6.01,5,13.91,-16.1,True,2026-07-02,2026-07,2026-06-29
ORD102075,2026-06-06 09:03:00,W1 - North,Van,Apparel,14.35,2,16.98,4.5,False,2026-06-06,2026-06,2026-06-01
ORD102076,2026-06-11 07:54:00,W2 - Central,Van,Grocery,1.32,4,5.78,-5.2,True,2026-06-11,2026-06,2026-06-08
ORD102077,2026-06-09 00:17:00,W1 - North,Van,Electronics,4.8,4,9.46,-12.8,True,2026-06-09,2026-06,2026-06-08
ORD102078,2026-05-24 19:22:00,W1 - North,Truck,Home & Kitchen,3.64,3,11.45,-16.7,True,2026-05-24,2026-05,2026-05-18
ORD102079,2026-05-12 12:14:00,W2 - Central,Truck,Electronics,2.65,3,8.65,-28.3,True,2026-05-12,2026-05,2026-05-11
ORD102080,2026-07-14 07:35:00,W1 - North,Van,Grocery,14.11,6,18.65,-9.5,True,2026-07-14,2026-07,2026-07-13
ORD102081,2026-05-09 12:10:00,W2 - Central,Bike,Home & Kitchen,4.56,4,9.26,-21.0,True,2026-05-09,2026-05,2026-05-04
ORD102082,2026-05-30 00:00:00,W1 - North,Van,Electronics,3.98,5,8.55,-15.1,True,2026-05-30,2026-05,2026-05-25
ORD102083,2026-06-30 10:29:00,W1 - North,Bike,Apparel,8.42,1,7.07,-15.2,True,2026-06-30,2026-06,2026-06-29
ORD102084,2026-05-12 12:28:00,W3 - South,Van,Apparel,11.92,3,13.55,-3.9,True,2026-05-12,2026-05,2026-05-11
ORD102085,2026-06-28 08:09:00,W1 - North,Bike,Grocery,11.99,5,10.87,1.2,False,2026-06-28,2026-06,2026-06-22
ORD102086,2026-07-05 19:55:00,W3 - South,Truck,Personal Care,13.59,3,26.29,7.7,False,2026-07-05,2026-07,2026-06-29
ORD102087,2026-06-29 05:59:00,W1 - North,Van,Apparel,6.29,5,12.8,-9.4,True,2026-06-29,2026-06,2026-06-29
ORD102088,2026-05-28 03:18:00,W3 - South,Van,Electronics,9.91,4,13.11,-24.2,True,2026-05-28,2026-05,2026-05-25
ORD102089,2026-05-02 12:39:00,W1 - North,Van,Personal Care,8.79,4,14.29,-12.8,True,2026-05-02,2026-05,2026-04-27
ORD102090,2026-07-19 21:17:00,W1 - North,Van,Grocery,3.2,7,10.58,-16.4,True,2026-07-19,2026-07,2026-07-13
ORD102091,2026-05-30 09:00:00,W2 - Central,Van,Grocery,5.87,5,9.42,-11.2,True,2026-05-30,2026-05,2026-05-25
ORD102092,2026-07-12 01:07:00,W1 - North,Van,Apparel,17.74,6,22.44,8.3,False,2026-07-12,2026-07,2026-07-06
ORD102093,2026-05-18 23:16:00,W1 - North,Truck,Electronics,7.08,3,17.93,-16.4,True,2026-05-18,2026-05,2026-05-18
ORD102094,2026-05-15 10:39:00,W3 - South,Van,Personal Care,7.72,6,10.83,-18.6,True,2026-05-15,2026-05,2026-05-11
ORD102095,2026-07-10 04:09:00,W2 - Central,Truck,Home & Kitchen,3.82,10,18.36,-11.7,True,2026-07-10,2026-07,2026-07-06
ORD102096,2026-07-24 14:46:00,W2 - Central,Van,Apparel,6.41,9,13.43,-16.1,True,2026-07-24,2026-07,2026-07-20
ORD102097,2026-07-17 07:40:00,W2 - Central,Van,Grocery,5.65,5,8.83,-7.7,True,2026-07-17,2026-07,2026-07-13
ORD102098,2026-07-07 22:30:00,W3 - South,Van,Grocery,15.55,3,18.73,-1.2,True,2026-07-07,2026-07,2026-07-06
ORD102099,2026-05-23 07:03:00,W3 - South,Truck,Electronics,6.28,7,18.56,-19.3,True,2026-05-23,2026-05,2026-05-18
ORD102100,2026-07-22 13:12:00,W2 - Central,Van,Personal Care,4.37,3,8.6,-27.9,True,2026-07-22,2026-07,2026-07-20
ORD102101,2026-06-30 13:02:00,W1 - North,Van,Home & Kitchen,11.53,5,16.77,2.0,False,2026-06-30,2026-06,2026-06-29
ORD102102,2026-05-16 05:49:00,W1 - North,Bike,Apparel,12.14,6,15.96,15.6,False,2026-05-16,2026-05,2026-05-11
ORD102103,2026-05-12 11:58:00,W2 - Central,Bike,Electronics,9.15,7,12.29,-1.9,True,2026-05-12,2026-05,2026-05-11
ORD102104,2026-07-18 02:37:00,W3 - South,Bike,Home & Kitchen,16.11,4,17.91,0.6,False,2026-07-18,2026-07,2026-07-13
ORD102105,2026-05-25 15:26:00,W2 - Central,Van,Home & Kitchen,8.24,10,18.4,6.1,False,2026-05-25,2026-05,2026-05-25
ORD102106,2026-07-08 18:11:00,W1 - North,Van,Electronics,7.82,4,12.63,-12.7,True,2026-07-08,2026-07,2026-07-06
ORD102107,2026-05-13 22:48:00,W1 - North,Bike,Home & Kitchen,2.09,6,8.52,-28.1,True,2026-05-13,2026-05,2026-05-11
ORD102108,2026-05-26 07:49:00,W2 - Central,Bike,Home & Kitchen,1.71,3,5.62,-12.6,True,2026-05-26,2026-05,2026-05-25
ORD102109,2026-05-26 06:50:00,W3 - South,Bike,Home & Kitchen,10.48,7,12.97,-18.8,True,2026-05-26,2026-05,2026-05-25
ORD102110,2026-05-26 13:10:00,W1 - North,Van,Personal Care,7.21,5,13.47,-23.5,True,2026-05-26,2026-05,2026-05-25
ORD102111,2026-06-30 16:37:00,W2 - Central,Van,Apparel,2.61,8,9.91,-12.4,True,2026-06-30,2026-06,2026-06-29
ORD102112,2026-07-22 23:49:00,W2 - Central,Truck,Personal Care,2.74,3,7.42,-18.4,True,2026-07-22,2026-07,2026-07-20
ORD102113,2026-07-21 00:36:00,W3 - South,Bike,Apparel,9.39,2,11.07,-11.8,True,2026-07-21,2026-07,2026-07-20
ORD102114,2026-07-06 05:43:00,W1 - North,Van,Electronics,24.29,7,29.81,27.5,False,2026-07-06,2026-07,2026-07-06
ORD102115,2026-05-19 06:17:00,W3 - South,Truck,Electronics,4.47,3,10.01,-40.1,True,2026-05-19,2026-05,2026-05-18
ORD102116,2026-07-26 06:07:00,W2 - Central,Bike,Personal Care,3.71,7,9.69,-7.0,True,2026-07-26,2026-07,2026-07-20
ORD102117,2026-06-18 11:07:00,W2 - Central,Van,Electronics,8.98,7,16.87,12.8,False,2026-06-18,2026-06,2026-06-15
ORD102118,2026-06-19 20:56:00,W1 - North,Van,Apparel,10.58,4,16.28,-17.1,True,2026-06-19,2026-06,2026-06-15
ORD102119,2026-07-03 00:44:00,W2 - Central,Bike,Apparel,6.18,3,7.15,-19.3,True,2026-07-03,2026-07,2026-06-29
ORD102120,2026-07-09 19:34:00,W2 - Central,Van,Grocery,0.99,2,7.01,-43.7,True,2026-07-09,2026-07,2026-07-06
ORD102121,2026-07-25 14:49:00,W1 - North,Bike,Apparel,5.59,3,7.94,-14.1,True,2026-07-25,2026-07,2026-07-20
ORD102122,2026-06-22 14:45:00,W2 - Central,Bike,Electronics,15.16,6,14.77,11.8,False,2026-06-22,2026-06,2026-06-22
ORD102123,2026-06-24 16:16:00,W2 - Central,Van,Home & Kitchen,2.67,6,7.99,-11.9,True,2026-06-24,2026-06,2026-06-22
ORD102124,2026-07-07 02:46:00,W2 - Central,Truck,Personal Care,2.59,5,4.07,-27.4,True,2026-07-07,2026-07,2026-07-06
ORD102125,2026-05-23 17:55:00,W1 - North,Van,Personal Care,17.23,4,19.38,7.9,False,2026-05-23,2026-05,2026-05-18
ORD102126,2026-05-28 05:57:00,W2 - Central,Van,Personal Care,4.69,7,12.49,-10.5,True,2026-05-28,2026-05,2026-05-25
ORD102127,2026-06-26 12:23:00,W1 - North,Bike,Apparel,1.42,5,6.86,-27.8,True,2026-06-26,2026-06,2026-06-22
ORD102128,2026-05-06 16:14:00,W3 - South,Bike,Electronics,4.0,4,8.75,-36.1,True,2026-05-06,2026-05,2026-05-04
ORD102129,2026-05-29 14:29:00,W3 - South,Van,Electronics,6.41,6,14.21,-19.3,True,2026-05-29,2026-05,2026-05-25
ORD102130,2026-07-04 07:45:00,W1 - North,Bike,Personal Care,7.97,6,10.33,-15.4,True,2026-07-04,2026-07,2026-06-29
ORD102131,2026-07-27 09:30:00,W1 - North,Truck,Grocery,5.75,8,16.46,-34.5,True,2026-07-27,2026-07,2026-07-27
ORD102132,2026-06-16 11:26:00,W1 - North,Bike,Grocery,3.32,8,6.57,-16.2,True,2026-06-16,2026-06,2026-06-15
ORD102133,2026-06-05 00:59:00,W2 - Central,Bike,Home & Kitchen,4.36,1,3.82,-16.7,True,2026-06-05,2026-06,2026-06-01
ORD102134,2026-06-09 17:25:00,W3 - South,Van,Home & Kitchen,5.33,4,8.42,-18.3,True,2026-06-09,2026-06,2026-06-08
ORD102135,2026-07-01 02:23:00,W2 - Central,Van,Home & Kitchen,15.73,4,20.1,1.3,False,2026-07-01,2026-07,2026-06-29
ORD102136,2026-06-19 11:00:00,W1 - North,Bike,Apparel,2.54,7,8.41,-18.9,True,2026-06-19,2026-06,2026-06-15
ORD102137,2026-05-03 15:43:00,W1 - North,Van,Home & Kitchen,4.7,7,10.9,-4.3,True,2026-05-03,2026-05,2026-04-27
ORD102138,2026-06-18 01:55:00,W1 - North,Bike,Apparel,4.2,6,8.09,-6.4,True,2026-06-18,2026-06,2026-06-15
ORD102139,2026-06-06 23:53:00,W3 - South,Van,Electronics,6.38,7,11.96,-4.9,True,2026-06-06,2026-06,2026-06-01
ORD102140,2026-07-03 09:03:00,W2 - Central,Van,Apparel,2.1,6,10.27,-14.8,True,2026-07-03,2026-07,2026-06-29
ORD102141,2026-07-18 00:22:00,W2 - Central,Van,Personal Care,12.29,4,16.49,-5.9,True,2026-07-18,2026-07,2026-07-13
ORD102142,2026-07-26 15:48:00,W1 - North,Van,Personal Care,25.48,2,27.85,21.1,False,2026-07-26,2026-07,2026-07-20
ORD102143,2026-06-24 13:22:00,W3 - South,Van,Grocery,12.99,4,13.65,-21.9,True,2026-06-24,2026-06,2026-06-22
ORD102144,2026-06-02 15:22:00,W1 - North,Bike,Grocery,8.15,8,12.91,-20.5,True,2026-06-02,2026-06,2026-06-01
ORD102145,2026-06-09 18:01:00,W3 - South,Bike,Electronics,2.55,5,6.97,-10.6,True,2026-06-09,2026-06,2026-06-08
ORD102146,2026-05-16 11:24:00,W3 - South,Van,Electronics,24.2,4,26.05,10.0,False,2026-05-16,2026-05,2026-05-11
ORD102147,2026-07-24 19:50:00,W2 - Central,Van,Electronics,2.66,4,10.19,-39.8,True,2026-07-24,2026-07,2026-07-20
ORD102148,2026-07-16 08:53:00,W3 - South,Bike,Electronics,2.28,6,7.58,-20.5,True,2026-07-16,2026-07,2026-07-13
ORD102149,2026-07-16 13:05:00,W1 - North,Van,Grocery,9.76,10,18.53,-14.5,True,2026-07-16,2026-07,2026-07-13
ORD102150,2026-05-30 03:48:00,W2 - Central,Van,Electronics,10.06,5,13.53,10.0,False,2026-05-30,2026-05,2026-05-25
ORD102151,2026-05-29 14:52:00,W1 - North,Van,Personal Care,16.03,4,19.58,-11.9,True,2026-05-29,2026-05,2026-05-25
ORD102152,2026-07-17 06:16:00,W2 - Central,Bike,Grocery,3.56,7,6.98,-18.5,True,2026-07-17,2026-07,2026-07-13
ORD102153,2026-06-19 16:43:00,W1 - North,Truck,Electronics,4.33,3,11.84,-13.6,True,2026-06-19,2026-06,2026-06-15
ORD102154,2026-07-03 19:13:00,W1 - North,Bike,Grocery,7.7,7,11.88,-26.7,True,2026-07-03,2026-07,2026-06-29
ORD102155,2026-06-14 20:36:00,W1 - North,Truck,Grocery,5.75,3,15.76,-16.2,True,2026-06-14,2026-06,2026-06-08
ORD102156,2026-06-09 22:17:00,W1 - North,Truck,Home & Kitchen,9.89,3,19.2,-11.2,True,2026-06-09,2026-06,2026-06-08
ORD102157,2026-06-26 02:56:00,W2 - Central,Van,Electronics,5.81,5,10.65,-18.4,True,2026-06-26,2026-06,2026-06-22
ORD102158,2026-07-13 03:18:00,W2 - Central,Van,Apparel,2.49,7,8.85,-14.5,True,2026-07-13,2026-07,2026-07-13
ORD102159,2026-05-31 22:13:00,W1 - North,Van,Home & Kitchen,16.37,4,19.43,6.4,False,2026-05-31,2026-05,2026-05-25
ORD102160,2026-07-12 09:08:00,W3 - South,Van,Grocery,14.89,4,17.11,6.3,False,2026-07-12,2026-07,2026-07-06
ORD102161,2026-05-22 00:37:00,W3 - South,Bike,Apparel,19.82,8,14.33,23.6,False,2026-05-22,2026-05,2026-05-18
ORD102162,2026-06-06 06:53:00,W1 - North,Van,Personal Care,3.37,5,7.8,6.5,False,2026-06-06,2026-06,2026-06-01
ORD102163,2026-07-22 20:04:00,W1 - North,Van,Apparel,9.73,7,15.9,-6.7,True,2026-07-22,2026-07,2026-07-20
ORD102164,2026-07-25 08:31:00,W2 - Central,Van,Personal Care,8.7,4,13.07,-1.3,True,2026-07-25,2026-07,2026-07-20
ORD102165,2026-07-23 01:50:00,W2 - Central,Bike,Electronics,5.66,10,12.97,-4.3,True,2026-07-23,2026-07,2026-07-20
ORD102166,2026-05-29 17:19:00,W1 - North,Bike,Grocery,2.77,8,10.86,-25.4,True,2026-05-29,2026-05,2026-05-25
ORD102167,2026-07-15 04:40:00,W2 - Central,Truck,Electronics,5.29,3,12.72,-28.8,True,2026-07-15,2026-07,2026-07-13
ORD102168,2026-07-24 08:28:00,W1 - North,Van,Grocery,10.87,4,12.76,-11.6,True,2026-07-24,2026-07,2026-07-20
ORD102169,2026-07-28 00:05:00,W1 - North,Van,Personal Care,13.81,5,18.84,5.0,False,2026-07-28,2026-07,2026-07-27
ORD102170,2026-05-02 14:26:00,W2 - Central,Truck,Apparel,1.38,5,8.6,-26.6,True,2026-05-02,2026-05,2026-04-27
ORD102171,2026-07-07 10:41:00,W2 - Central,Bike,Electronics,5.58,8,10.52,-18.9,True,2026-07-07,2026-07,2026-07-06
ORD102172,2026-07-29 20:48:00,W3 - South,Bike,Personal Care,3.37,4,9.3,-32.6,True,2026-07-29,2026-07,2026-07-27
ORD102173,2026-07-08 08:01:00,W1 - North,Van,Personal Care,10.97,1,14.1,-10.0,True,2026-07-08,2026-07,2026-07-06
ORD102174,2026-05-21 04:54:00,W1 - North,Van,Grocery,12.92,4,17.06,14.1,False,2026-05-21,2026-05,2026-05-18
ORD102175,2026-07-08 03:59:00,W1 - North,Truck,Apparel,3.12,3,10.32,-34.0,True,2026-07-08,2026-07,2026-07-06
ORD102176,2026-05-10 04:48:00,W1 - North,Bike,Electronics,2.65,6,9.62,-17.3,True,2026-05-10,2026-05,2026-05-04
ORD102177,2026-06-13 10:49:00,W1 - North,Bike,Apparel,4.17,5,7.42,-16.0,True,2026-06-13,2026-06,2026-06-08
ORD102178,2026-06-26 02:05:00,W2 - Central,Van,Grocery,4.43,6,9.55,-16.5,True,2026-06-26,2026-06,2026-06-22
ORD102179,2026-06-11 09:39:00,W2 - Central,Van,Electronics,2.81,7,9.74,-16.5,True,2026-06-11,2026-06,2026-06-08
ORD102180,2026-07-02 20:30:00,W2 - Central,Van,Electronics,8.72,2,10.34,-13.0,True,2026-07-02,2026-07,2026-06-29
ORD102181,2026-05-22 18:25:00,W1 - North,Bike,Personal Care,13.86,6,13.51,20.8,False,2026-05-22,2026-05,2026-05-18
ORD102182,2026-06-24 15:17:00,W1 - North,Van,Grocery,7.22,4,12.18,-11.3,True,2026-06-24,2026-06,2026-06-22
ORD102183,2026-06-28 21:26:00,W2 - Central,Van,Grocery,2.89,7,10.05,-13.0,True,2026-06-28,2026-06,2026-06-22
ORD102184,2026-06-27 18:43:00,W1 - North,Van,Personal Care,5.76,5,10.85,-2.4,True,2026-06-27,2026-06,2026-06-22
ORD102185,2026-05-27 15:39:00,W3 - South,Truck,Home & Kitchen,10.83,3,24.34,-11.7,True,2026-05-27,2026-05,2026-05-25
ORD102186,2026-05-28 20:42:00,W1 - North,Van,Apparel,5.57,6,13.25,-19.1,True,2026-05-28,2026-05,2026-05-25
ORD102187,2026-05-24 02:59:00,W2 - Central,Van,Personal Care,4.72,4,9.76,-9.5,True,2026-05-24,2026-05,2026-05-18
ORD102188,2026-06-11 19:38:00,W3 - South,Bike,Personal Care,19.72,8,17.66,4.6,False,2026-06-11,2026-06,2026-06-08
ORD102189,2026-06-22 07:05:00,W2 - Central,Bike,Electronics,2.74,2,8.05,-31.2,True,2026-06-22,2026-06,2026-06-22
ORD102190,2026-06-02 17:35:00,W2 - Central,Bike,Apparel,16.56,6,13.96,-5.8,True,2026-06-02,2026-06,2026-06-01
ORD102191,2026-06-06 21:55:00,W2 - Central,Truck,Apparel,5.53,4,12.91,-3.0,True,2026-06-06,2026-06,2026-06-01
ORD102192,2026-05-26 11:54:00,W1 - North,Van,Electronics,5.36,6,11.99,-21.8,True,2026-05-26,2026-05,2026-05-25
ORD102193,2026-05-20 02:07:00,W2 - Central,Truck,Apparel,2.69,7,12.44,-8.4,True,2026-05-20,2026-05,2026-05-18
ORD102194,2026-06-29 08:53:00,W3 - South,Truck,Electronics,5.76,5,16.04,-30.1,True,2026-06-29,2026-06,2026-06-29
ORD102195,2026-07-13 09:45:00,W3 - South,Van,Grocery,10.11,7,17.54,-22.1,True,2026-07-13,2026-07,2026-07-13
ORD102196,2026-05-27 22:28:00,W2 - Central,Bike,Electronics,5.5,5,7.97,-5.6,True,2026-05-27,2026-05,2026-05-25
ORD102197,2026-07-17 22:37:00,W1 - North,Van,Personal Care,5.22,1,6.42,-26.9,True,2026-07-17,2026-07,2026-07-13
ORD102198,2026-06-21 13:38:00,W2 - Central,Van,Home & Kitchen,1.67,3,5.84,-6.7,True,2026-06-21,2026-06,2026-06-15
ORD102199,2026-05-16 22:48:00,W2 - Central,Van,Apparel,5.06,3,10.47,-7.7,True,2026-05-16,2026-05,2026-05-11
ORD102200,2026-06-02 10:28:00,W1 - North,Van,Grocery,3.89,5,8.43,-6.7,True,2026-06-02,2026-06,2026-06-01
ORD102201,2026-05-01 09:52:00,W1 - North,Truck,Grocery,1.42,6,6.37,-20.7,True,2026-05-01,2026-05,2026-04-27
ORD102202,2026-05-04 20:04:00,W1 - North,Van,Grocery,10.15,4,14.74,-8.8,True,2026-05-04,2026-05,2026-05-04
ORD102203,2026-05-31 16:01:00,W2 - Central,Bike,Personal Care,1.23,13,11.02,-0.1,True,2026-05-31,2026-05,2026-05-25
ORD102204,2026-06-10 12:32:00,W1 - North,Van,Grocery,5.05,6,8.8,-23.1,True,2026-06-10,2026-06,2026-06-08
ORD102205,2026-07-11 10:57:00,W1 - North,Van,Grocery,6.17,4,11.25,-27.9,True,2026-07-11,2026-07,2026-07-06
ORD102206,2026-05-13 16:56:00,W1 - North,Van,Grocery,15.08,5,18.74,0.9,False,2026-05-13,2026-05,2026-05-11
ORD102207,2026-07-15 18:04:00,W3 - South,Van,Apparel,2.24,7,12.12,-9.7,True,2026-07-15,2026-07,2026-07-13
ORD102208,2026-05-22 11:46:00,W1 - North,Bike,Grocery,10.88,6,12.32,-30.1,True,2026-05-22,2026-05,2026-05-18
ORD102209,2026-05-13 00:45:00,W1 - North,Truck,Home & Kitchen,12.03,7,26.98,-2.3,True,2026-05-13,2026-05,2026-05-11
ORD102210,2026-07-02 02:26:00,W2 - Central,Van,Personal Care,13.53,5,17.98,-11.1,True,2026-07-02,2026-07,2026-06-29
ORD102211,2026-07-09 03:27:00,W1 - North,Truck,Home & Kitchen,13.54,6,26.92,-4.7,True,2026-07-09,2026-07,2026-07-06
ORD102212,2026-06-24 11:05:00,W3 - South,Bike,Apparel,9.47,4,9.6,-15.1,True,2026-06-24,2026-06,2026-06-22
ORD102213,2026-05-11 14:44:00,W3 - South,Bike,Home & Kitchen,16.81,3,14.78,4.1,False,2026-05-11,2026-05,2026-05-11
ORD102214,2026-05-11 19:17:00,W1 - North,Van,Apparel,15.55,3,19.64,-1.2,True,2026-05-11,2026-05,2026-05-11
ORD102215,2026-06-05 05:34:00,W2 - Central,Van,Home & Kitchen,0.85,5,4.99,-9.0,True,2026-06-05,2026-06,2026-06-01
ORD102216,2026-06-10 18:52:00,W1 - North,Truck,Home & Kitchen,2.21,8,9.81,-13.9,True,2026-06-10,2026-06,2026-06-08
ORD102217,2026-07-29 15:59:00,W1 - North,Bike,Personal Care,7.86,4,7.79,-18.6,True,2026-07-29,2026-07,2026-07-27
ORD102218,2026-05-26 01:14:00,W1 - North,Van,Apparel,11.94,3,17.04,-0.1,True,2026-05-26,2026-05,2026-05-25
ORD102219,2026-05-18 08:25:00,W1 - North,Bike,Personal Care,9.9,5,8.53,-15.0,True,2026-05-18,2026-05,2026-05-18
ORD102220,2026-07-25 07:15:00,W1 - North,Van,Grocery,8.36,1,12.38,-15.7,True,2026-07-25,2026-07,2026-07-20
ORD102221,2026-05-14 21:16:00,W2 - Central,Bike,Apparel,13.41,7,14.57,-6.8,True,2026-05-14,2026-05,2026-05-11
ORD102222,2026-05-03 22:06:00,W1 - North,Van,Apparel,5.21,7,12.35,-0.7,True,2026-05-03,2026-05,2026-04-27
ORD102223,2026-06-08 19:39:00,W1 - North,Truck,Personal Care,3.77,8,13.36,-24.1,True,2026-06-08,2026-06,2026-06-08
ORD102224,2026-06-06 12:40:00,W2 - Central,Van,Grocery,3.36,4,10.54,-32.2,True,2026-06-06,2026-06,2026-06-01
ORD102225,2026-06-25 11:49:00,W2 - Central,Van,Electronics,5.98,2,9.96,-9.2,True,2026-06-25,2026-06,2026-06-22
ORD102226,2026-07-18 07:28:00,W1 - North,Bike,Home & Kitchen,6.15,5,7.21,-16.2,True,2026-07-18,2026-07,2026-07-13
ORD102227,2026-07-23 18:32:00,W1 - North,Van,Apparel,12.38,3,14.0,-11.8,True,2026-07-23,2026-07,2026-07-20
ORD102228,2026-05-27 02:04:00,W1 - North,Truck,Grocery,3.94,6,10.66,-24.8,True,2026-05-27,2026-05,2026-05-25
ORD102229,2026-07-28 06:30:00,W1 - North,Bike,Electronics,8.7,3,11.17,-19.1,True,2026-07-28,2026-07,2026-07-27
ORD102230,2026-06-26 03:14:00,W3 - South,Van,Apparel,16.85,6,23.56,24.4,False,2026-06-26,2026-06,2026-06-22
ORD102231,2026-05-07 11:51:00,W3 - South,Van,Apparel,23.32,4,27.35,25.5,False,2026-05-07,2026-05,2026-05-04
ORD102232,2026-07-24 07:11:00,W1 - North,Truck,Home & Kitchen,2.57,1,7.82,-23.0,True,2026-07-24,2026-07,2026-07-20
ORD102233,2026-05-13 04:44:00,W1 - North,Bike,Apparel,4.42,5,6.43,-20.4,True,2026-05-13,2026-05,2026-05-11
ORD102234,2026-06-22 09:02:00,W2 - Central,Truck,Grocery,4.37,5,11.6,-4.5,True,2026-06-22,2026-06,2026-06-22
ORD102235,2026-07-11 20:39:00,W2 - Central,Van,Grocery,1.46,4,5.66,-11.8,True,2026-07-11,2026-07,2026-07-06
ORD102236,2026-05-23 13:23:00,W1 - North,Truck,Grocery,8.31,10,22.15,3.1,False,2026-05-23,2026-05,2026-05-18
ORD102237,2026-05-25 19:45:00,W1 - North,Van,Personal Care,8.22,9,17.97,-7.2,True,2026-05-25,2026-05,2026-05-25
ORD102238,2026-06-12 21:56:00,W2 - Central,Bike,Grocery,5.81,3,10.09,-12.4,True,2026-06-12,2026-06,2026-06-08
ORD102239,2026-07-19 21:39:00,W2 - Central,Van,Electronics,4.18,3,8.12,-1.2,True,2026-07-19,2026-07,2026-07-13
ORD102240,2026-05-21 08:25:00,W1 - North,Van,Electronics,14.46,7,16.63,-5.7,True,2026-05-21,2026-05,2026-05-18
ORD102241,2026-06-29 21:03:00,W1 - North,Truck,Grocery,4.51,5,11.64,-21.9,True,2026-06-29,2026-06,2026-06-29
ORD102242,2026-06-10 21:49:00,W1 - North,Truck,Grocery,13.6,4,28.49,-14.8,True,2026-06-10,2026-06,2026-06-08
ORD102243,2026-05-11 23:01:00,W1 - North,Van,Personal Care,4.43,3,9.41,-32.0,True,2026-05-11,2026-05,2026-05-11
ORD102244,2026-07-03 08:25:00,W2 - Central,Truck,Electronics,1.89,9,11.25,-39.0,True,2026-07-03,2026-07,2026-06-29
ORD102245,2026-07-14 05:28:00,W2 - Central,Van,Apparel,4.77,8,11.71,-7.4,True,2026-07-14,2026-07,2026-07-13
ORD102246,2026-06-21 14:01:00,W2 - Central,Van,Grocery,5.42,14,15.38,8.1,False,2026-06-21,2026-06,2026-06-15
ORD102247,2026-05-16 22:21:00,W1 - North,Van,Personal Care,8.79,8,13.97,4.9,False,2026-05-16,2026-05,2026-05-11
ORD102248,2026-05-15 21:36:00,W1 - North,Van,Home & Kitchen,0.8,7,11.49,-37.8,True,2026-05-15,2026-05,2026-05-11
ORD102249,2026-06-08 13:42:00,W3 - South,Van,Home & Kitchen,7.7,3,14.42,-16.0,True,2026-06-08,2026-06,2026-06-08
ORD102250,2026-06-15 03:34:00,W2 - Central,Van,Personal Care,15.8,7,19.9,8.6,False,2026-06-15,2026-06,2026-06-15
ORD102251,2026-06-19 10:08:00,W1 - North,Van,Home & Kitchen,4.18,8,9.22,-14.0,True,2026-06-19,2026-06,2026-06-15
ORD102252,2026-05-22 17:08:00,W1 - North,Bike,Grocery,12.05,2,10.58,-16.4,True,2026-05-22,2026-05,2026-05-18
ORD102253,2026-06-15 13:26:00,W3 - South,Bike,Personal Care,51.97,3,29.37,61.1,False,2026-06-15,2026-06,2026-06-15
ORD102254,2026-05-27 08:17:00,W2 - Central,Bike,Apparel,17.65,4,15.1,-4.2,True,2026-05-27,2026-05,2026-05-25
ORD102255,2026-07-01 08:13:00,W3 - South,Van,Apparel,4.28,8,13.22,-28.9,True,2026-07-01,2026-07,2026-06-29
ORD102256,2026-07-11 01:26:00,W2 - Central,Bike,Personal Care,8.54,2,6.94,-2.1,True,2026-07-11,2026-07,2026-07-06
ORD102257,2026-06-28 06:55:00,W2 - Central,Van,Home & Kitchen,8.9,6,16.58,3.3,False,2026-06-28,2026-06,2026-06-22
ORD102258,2026-05-01 16:03:00,W2 - Central,Bike,Electronics,7.65,8,11.35,-21.2,True,2026-05-01,2026-05,2026-04-27
ORD102259,2026-07-29 05:47:00,W1 - North,Bike,Home & Kitchen,2.46,4,7.96,-31.7,True,2026-07-29,2026-07,2026-07-27
ORD102260,2026-05-03 23:50:00,W2 - Central,Van,Home & Kitchen,5.78,8,12.82,-1.2,True,2026-05-03,2026-05,2026-04-27
ORD102261,2026-07-29 01:58:00,W2 - Central,Van,Apparel,5.75,5,12.77,0.6,False,2026-07-29,2026-07,2026-07-27
ORD102262,2026-05-03 14:07:00,W1 - North,Bike,Grocery,2.17,4,3.37,-28.3,True,2026-05-03,2026-05,2026-04-27
ORD102263,2026-06-16 11:55:00,W3 - South,Truck,Apparel,8.03,3,18.69,-14.9,True,2026-06-16,2026-06,2026-06-15
ORD102264,2026-05-10 19:59:00,W1 - North,Bike,Electronics,7.94,11,12.56,-9.2,True,2026-05-10,2026-05,2026-05-04
ORD102265,2026-05-09 21:18:00,W1 - North,Truck,Apparel,6.22,9,18.53,-13.0,True,2026-05-09,2026-05,2026-05-04
ORD102266,2026-07-01 13:02:00,W1 - North,Truck,Home & Kitchen,10.71,5,24.75,-18.6,True,2026-07-01,2026-07,2026-06-29
ORD102267,2026-07-05 15:07:00,W3 - South,Van,Personal Care,7.88,7,13.19,-18.8,True,2026-07-05,2026-07,2026-06-29
ORD102268,2026-05-11 16:46:00,W3 - South,Bike,Home & Kitchen,10.73,5,10.08,-16.9,True,2026-05-11,2026-05,2026-05-11
ORD102269,2026-07-27 12:30:00,W2 - Central,Van,Grocery,9.42,6,14.55,5.1,False,2026-07-27,2026-07,2026-07-27
ORD102270,2026-05-29 04:26:00,W3 - South,Van,Electronics,29.25,8,32.51,18.2,False,2026-05-29,2026-05,2026-05-25
ORD102271,2026-05-29 10:17:00,W3 - South,Van,Apparel,3.63,5,8.01,-34.3,True,2026-05-29,2026-05,2026-05-25
ORD102272,2026-05-27 05:47:00,W3 - South,Truck,Home & Kitchen,15.65,6,31.21,-0.6,True,2026-05-27,2026-05,2026-05-25
ORD102273,2026-06-11 11:08:00,W3 - South,Bike,Grocery,6.95,8,11.79,-17.3,True,2026-06-11,2026-06,2026-06-08
ORD102274,2026-05-17 14:45:00,W1 - North,Van,Home & Kitchen,8.87,4,14.14,-8.6,True,2026-05-17,2026-05,2026-05-11
ORD102275,2026-06-08 05:01:00,W2 - Central,Van,Grocery,1.69,5,6.71,-17.5,True,2026-06-08,2026-06,2026-06-08
ORD102276,2026-05-19 05:59:00,W2 - Central,Van,Apparel,10.99,2,12.63,-13.6,True,2026-05-19,2026-05,2026-05-18
ORD102277,2026-05-05 19:45:00,W2 - Central,Bike,Personal Care,2.67,9,9.97,-22.8,True,2026-05-05,2026-05,2026-05-04
ORD102278,2026-06-03 09:03:00,W1 - North,Truck,Grocery,12.71,2,23.77,-0.4,True,2026-06-03,2026-06,2026-06-01
ORD102279,2026-06-30 04:45:00,W2 - Central,Van,Personal Care,1.9,4,7.18,-21.5,True,2026-06-30,2026-06,2026-06-29
ORD102280,2026-07-08 17:06:00,W3 - South,Van,Apparel,2.78,7,9.0,-20.7,True,2026-07-08,2026-07,2026-07-06
ORD102281,2026-06-01 17:11:00,W1 - North,Bike,Electronics,5.67,8,11.45,-6.8,True,2026-06-01,2026-06,2026-06-01
ORD102282,2026-05-30 19:49:00,W3 - South,Van,Home & Kitchen,11.63,2,13.17,1.3,False,2026-05-30,2026-05,2026-05-25
ORD102283,2026-07-10 18:14:00,W1 - North,Van,Home & Kitchen,24.89,5,27.48,4.0,False,2026-07-10,2026-07,2026-07-06
ORD102284,2026-07-01 23:48:00,W1 - North,Van,Grocery,7.62,4,11.92,-18.4,True,2026-07-01,2026-07,2026-06-29
ORD102285,2026-07-14 13:47:00,W1 - North,Van,Electronics,2.85,6,9.47,-15.4,True,2026-07-14,2026-07,2026-07-13
ORD102286,2026-07-21 06:53:00,W3 - South,Van,Home & Kitchen,17.06,6,23.38,4.9,False,2026-07-21,2026-07,2026-07-20
ORD102287,2026-07-13 20:42:00,W2 - Central,Truck,Apparel,12.19,4,22.58,1.0,False,2026-07-13,2026-07,2026-07-13
ORD102288,2026-07-24 06:21:00,W1 - North,Van,Home & Kitchen,3.4,5,5.81,-39.3,True,2026-07-24,2026-07,2026-07-20
ORD102289,2026-06-07 06:59:00,W2 - Central,Van,Electronics,9.3,7,14.72,-2.3,True,2026-06-07,2026-06,2026-06-01
ORD102290,2026-06-05 19:53:00,W1 - North,Bike,Personal Care,14.94,7,12.96,-0.4,True,2026-06-05,2026-06,2026-06-01
ORD102291,2026-05-29 21:09:00,W2 - Central,Truck,Apparel,8.67,5,15.24,-19.4,True,2026-05-29,2026-05,2026-05-25
ORD102292,2026-05-22 08:08:00,W3 - South,Van,Home & Kitchen,6.02,8,16.04,-12.0,True,2026-05-22,2026-05,2026-05-18
ORD102293,2026-07-07 17:30:00,W2 - Central,Van,Electronics,5.86,4,11.72,-13.7,True,2026-07-07,2026-07,2026-07-06
ORD102294,2026-07-04 22:08:00,W2 - Central,Bike,Electronics,6.65,4,10.01,-22.0,True,2026-07-04,2026-07,2026-06-29
ORD102295,2026-07-12 19:10:00,W2 - Central,Van,Home & Kitchen,10.78,6,15.84,0.2,False,2026-07-12,2026-07,2026-07-06
ORD102296,2026-05-16 00:07:00,W3 - South,Bike,Electronics,6.34,7,11.3,-14.9,True,2026-05-16,2026-05,2026-05-11
ORD102297,2026-06-14 15:56:00,W1 - North,Van,Home & Kitchen,12.61,6,17.18,-0.4,True,2026-06-14,2026-06,2026-06-08
ORD102298,2026-05-20 04:04:00,W1 - North,Van,Apparel,6.06,7,14.07,-5.1,True,2026-05-20,2026-05,2026-05-18
ORD102299,2026-07-20 20:18:00,W1 - North,Van,Grocery,5.13,4,10.55,-16.8,True,2026-07-20,2026-07,2026-07-20
ORD102300,2026-05-25 01:36:00,W2 - Central,Bike,Personal Care,5.23,6,9.49,-24.6,True,2026-05-25,2026-05,2026-05-25
ORD102301,2026-05-13 23:50:00,W2 - Central,Van,Grocery,0.5,8,8.78,-33.1,True,2026-05-13,2026-05,2026-05-11
ORD102302,2026-06-21 04:15:00,W2 - Central,Van,Electronics,0.69,3,8.09,-18.7,True,2026-06-21,2026-06,2026-06-15
ORD102303,2026-07-19 10:05:00,W1 - North,Van,Home & Kitchen,1.24,5,7.81,-20.5,True,2026-07-19,2026-07,2026-07-13
ORD102304,2026-07-22 05:37:00,W1 - North,Bike,Electronics,9.13,4,8.63,-5.5,True,2026-07-22,2026-07,2026-07-20
ORD102305,2026-05-09 19:32:00,W2 - Central,Van,Apparel,4.19,6,11.16,8.3,False,2026-05-09,2026-05,2026-05-04
ORD102306,2026-05-30 09:26:00,W3 - South,Bike,Grocery,6.03,7,11.25,3.1,False,2026-05-30,2026-05,2026-05-25
ORD102307,2026-05-14 17:52:00,W1 - North,Bike,Electronics,6.53,3,8.14,-24.2,True,2026-05-14,2026-05,2026-05-11
ORD102308,2026-05-28 01:36:00,W1 - North,Van,Apparel,12.8,6,17.9,2.5,False,2026-05-28,2026-05,2026-05-25
ORD102309,2026-06-18 10:52:00,W1 - North,Truck,Grocery,6.31,6,15.16,-14.4,True,2026-06-18,2026-06,2026-06-15
ORD102310,2026-05-26 21:51:00,W2 - Central,Truck,Apparel,2.09,5,9.84,-28.9,True,2026-05-26,2026-05,2026-05-25
ORD102311,2026-05-07 22:14:00,W1 - North,Van,Apparel,27.44,8,29.8,6.5,False,2026-05-07,2026-05,2026-05-04
ORD102312,2026-06-15 05:00:00,W1 - North,Van,Personal Care,6.77,5,11.88,-16.8,True,2026-06-15,2026-06,2026-06-15
ORD102313,2026-05-05 09:27:00,W2 - Central,Van,Electronics,11.27,4,14.48,-15.8,True,2026-05-05,2026-05,2026-05-04
ORD102314,2026-05-21 09:49:00,W1 - North,Van,Grocery,11.63,3,16.66,-18.2,True,2026-05-21,2026-05,2026-05-18
ORD102315,2026-05-01 13:34:00,W1 - North,Van,Electronics,4.88,6,13.57,-27.1,True,2026-05-01,2026-05,2026-04-27
ORD102316,2026-05-08 12:53:00,W1 - North,Truck,Personal Care,19.32,2,32.54,5.3,False,2026-05-08,2026-05,2026-05-04
ORD102317,2026-06-09 02:32:00,W3 - South,Truck,Grocery,6.43,5,16.34,-9.3,True,2026-06-09,2026-06,2026-06-08
ORD102318,2026-07-16 18:18:00,W1 - North,Van,Apparel,9.02,5,13.71,-13.7,True,2026-07-16,2026-07,2026-07-13
ORD102319,2026-07-09 05:25:00,W1 - North,Van,Personal Care,8.21,5,14.18,-20.2,True,2026-07-09,2026-07,2026-07-06
ORD102320,2026-05-09 07:33:00,W1 - North,Van,Electronics,8.76,3,12.89,-27.6,True,2026-05-09,2026-05,2026-05-04
ORD102321,2026-05-04 20:10:00,W2 - Central,Van,Personal Care,12.95,7,18.12,7.3,False,2026-05-04,2026-05,2026-05-04
ORD102322,2026-05-31 16:33:00,W3 - South,Van,Grocery,10.35,3,14.24,-7.7,True,2026-05-31,2026-05,2026-05-25
ORD102323,2026-06-28 09:31:00,W1 - North,Truck,Electronics,7.86,3,17.01,-15.6,True,2026-06-28,2026-06,2026-06-22
ORD102324,2026-07-07 21:53:00,W1 - North,Truck,Home & Kitchen,8.14,6,21.94,-4.2,True,2026-07-07,2026-07,2026-07-06
ORD102325,2026-07-14 09:27:00,W1 - North,Van,Electronics,24.23,5,25.9,4.3,False,2026-07-14,2026-07,2026-07-13
ORD102326,2026-05-31 13:34:00,W2 - Central,Bike,Home & Kitchen,10.72,3,10.7,-3.4,True,2026-05-31,2026-05,2026-05-25
ORD102327,2026-05-16 05:54:00,W3 - South,Bike,Home & Kitchen,2.65,2,6.71,-25.6,True,2026-05-16,2026-05,2026-05-11
ORD102328,2026-05-03 04:23:00,W2 - Central,Bike,Apparel,3.31,4,8.11,-15.6,True,2026-05-03,2026-05,2026-04-27
ORD102329,2026-05-14 11:47:00,W1 - North,Van,Grocery,7.25,6,12.82,-11.5,True,2026-05-14,2026-05,2026-05-11
ORD102330,2026-05-06 13:30:00,W2 - Central,Van,Personal Care,12.77,5,19.41,5.4,False,2026-05-06,2026-05,2026-05-04
ORD102331,2026-07-17 19:20:00,W2 - Central,Bike,Home & Kitchen,13.58,3,8.52,10.7,False,2026-07-17,2026-07,2026-07-13
ORD102332,2026-05-25 09:22:00,W1 - North,Van,Grocery,6.61,3,9.28,-15.5,True,2026-05-25,2026-05,2026-05-25
ORD102333,2026-07-14 21:29:00,W1 - North,Bike,Electronics,4.3,7,10.71,-22.3,True,2026-07-14,2026-07,2026-07-13
ORD102334,2026-06-19 14:34:00,W1 - North,Van,Personal Care,5.95,8,12.04,-20.3,True,2026-06-19,2026-06,2026-06-15
ORD102335,2026-06-18 01:40:00,W3 - South,Bike,Personal Care,11.16,7,11.51,-6.1,True,2026-06-18,2026-06,2026-06-15
ORD102336,2026-06-10 17:44:00,W2 - Central,Bike,Personal Care,4.24,2,5.98,-19.1,True,2026-06-10,2026-06,2026-06-08
ORD102337,2026-07-13 13:47:00,W2 - Central,Van,Grocery,11.46,4,14.46,-1.6,True,2026-07-13,2026-07,2026-07-13
ORD102338,2026-05-04 09:20:00,W3 - South,Van,Apparel,7.87,7,15.35,-11.9,True,2026-05-04,2026-05,2026-05-04
ORD102339,2026-05-09 11:12:00,W1 - North,Bike,Apparel,3.44,2,7.67,-18.6,True,2026-05-09,2026-05,2026-05-04
ORD102340,2026-06-08 07:14:00,W1 - North,Van,Home & Kitchen,5.86,5,11.61,-17.1,True,2026-06-08,2026-06,2026-06-08
ORD102341,2026-06-05 14:44:00,W1 - North,Bike,Electronics,8.51,5,12.06,-22.0,True,2026-06-05,2026-06,2026-06-01
ORD102342,2026-06-19 13:36:00,W3 - South,Bike,Home & Kitchen,23.19,2,13.46,20.8,False,2026-06-19,2026-06,2026-06-15
ORD102343,2026-07-06 10:44:00,W2 - Central,Van,Apparel,2.42,9,11.07,-25.2,True,2026-07-06,2026-07,2026-07-06
ORD102344,2026-06-22 06:50:00,W1 - North,Bike,Grocery,8.55,4,11.92,-11.6,True,2026-06-22,2026-06,2026-06-22
ORD102345,2026-05-24 09:34:00,W1 - North,Van,Grocery,8.73,7,16.58,-10.2,True,2026-05-24,2026-05,2026-05-18
ORD102346,2026-05-30 11:56:00,W2 - Central,Bike,Apparel,7.4,3,10.92,6.2,False,2026-05-30,2026-05,2026-05-25
ORD102347,2026-07-07 11:19:00,W2 - Central,Van,Grocery,3.93,7,10.16,-6.0,True,2026-07-07,2026-07,2026-07-06
ORD102348,2026-05-19 07:25:00,W2 - Central,Van,Apparel,7.32,6,14.7,-8.3,True,2026-05-19,2026-05,2026-05-18
ORD102349,2026-06-15 13:58:00,W1 - North,Van,Apparel,11.43,4,14.98,3.9,False,2026-06-15,2026-06,2026-06-15
ORD102350,2026-06-18 05:26:00,W3 - South,Truck,Apparel,7.8,7,20.53,-18.3,True,2026-06-18,2026-06,2026-06-15
ORD102351,2026-07-07 12:01:00,W2 - Central,Truck,Electronics,5.89,3,16.28,-5.5,True,2026-07-07,2026-07,2026-07-06
ORD102352,2026-07-04 02:55:00,W2 - Central,Bike,Apparel,4.59,8,9.26,-11.4,True,2026-07-04,2026-07,2026-06-29
ORD102353,2026-06-11 11:19:00,W2 - Central,Van,Apparel,2.87,5,6.15,-13.9,True,2026-06-11,2026-06,2026-06-08
ORD102354,2026-05-28 18:48:00,W3 - South,Van,Electronics,3.46,1,9.82,-38.0,True,2026-05-28,2026-05,2026-05-25
ORD102355,2026-06-03 19:37:00,W3 - South,Bike,Apparel,6.43,9,12.64,-17.4,True,2026-06-03,2026-06,2026-06-01
ORD102356,2026-06-07 16:40:00,W2 - Central,Bike,Home & Kitchen,3.4,3,6.73,-11.6,True,2026-06-07,2026-06,2026-06-01
ORD102357,2026-05-20 17:53:00,W1 - North,Van,Grocery,2.28,3,6.99,-20.4,True,2026-05-20,2026-05,2026-05-18
ORD102358,2026-06-26 01:34:00,W1 - North,Truck,Apparel,9.33,3,16.42,-20.9,True,2026-06-26,2026-06,2026-06-22
ORD102359,2026-05-19 08:11:00,W3 - South,Van,Apparel,17.97,8,23.88,31.2,False,2026-05-19,2026-05,2026-05-18
ORD102360,2026-06-28 15:42:00,W2 - Central,Van,Electronics,4.5,7,10.73,-18.3,True,2026-06-28,2026-06,2026-06-22
ORD102361,2026-07-07 19:12:00,W1 - North,Truck,Electronics,6.67,4,16.18,-17.0,True,2026-07-07,2026-07,2026-07-06
ORD102362,2026-07-26 13:59:00,W1 - North,Van,Apparel,4.76,6,11.2,-11.6,True,2026-07-26,2026-07,2026-07-20
ORD102363,2026-05-11 20:29:00,W3 - South,Van,Home & Kitchen,9.6,9,11.99,-6.7,True,2026-05-11,2026-05,2026-05-11
ORD102364,2026-07-08 06:33:00,W3 - South,Bike,Grocery,14.71,11,17.71,-4.9,True,2026-07-08,2026-07,2026-07-06
ORD102365,2026-05-08 03:41:00,W3 - South,Truck,Grocery,12.83,6,27.02,-5.6,True,2026-05-08,2026-05,2026-05-04
ORD102366,2026-05-31 02:04:00,W2 - Central,Van,Personal Care,4.78,5,11.05,-12.0,True,2026-05-31,2026-05,2026-05-25
ORD102367,2026-05-16 13:59:00,W3 - South,Bike,Personal Care,6.79,7,10.6,5.4,False,2026-05-16,2026-05,2026-05-11
ORD102368,2026-05-15 15:57:00,W3 - South,Van,Electronics,16.98,6,21.61,-5.7,True,2026-05-15,2026-05,2026-05-11
ORD102369,2026-05-16 06:50:00,W1 - North,Van,Electronics,4.89,2,9.12,-18.4,True,2026-05-16,2026-05,2026-05-11
ORD102370,2026-05-04 18:48:00,W1 - North,Van,Home & Kitchen,2.44,11,12.59,-27.5,True,2026-05-04,2026-05,2026-05-04
ORD102371,2026-07-14 17:44:00,W3 - South,Van,Home & Kitchen,11.3,7,18.02,-17.1,True,2026-07-14,2026-07,2026-07-13
ORD102372,2026-05-06 08:38:00,W1 - North,Van,Home & Kitchen,1.47,6,8.78,-40.0,True,2026-05-06,2026-05,2026-05-04
ORD102373,2026-06-05 05:43:00,W2 - Central,Van,Home & Kitchen,6.24,3,13.38,-6.7,True,2026-06-05,2026-06,2026-06-01
ORD102374,2026-07-02 17:48:00,W2 - Central,Bike,Personal Care,6.56,4,7.88,-17.4,True,2026-07-02,2026-07,2026-06-29
ORD102375,2026-07-29 16:06:00,W2 - Central,Bike,Home & Kitchen,3.19,8,9.23,-21.7,True,2026-07-29,2026-07,2026-07-27
ORD102376,2026-07-16 04:05:00,W1 - North,Bike,Personal Care,4.73,5,11.25,-30.7,True,2026-07-16,2026-07,2026-07-13
ORD102377,2026-05-13 06:07:00,W2 - Central,Bike,Personal Care,9.3,6,11.22,-1.8,True,2026-05-13,2026-05,2026-05-11
ORD102378,2026-07-28 11:39:00,W1 - North,Van,Home & Kitchen,22.76,8,29.05,14.8,False,2026-07-28,2026-07,2026-07-27
ORD102379,2026-06-28 12:16:00,W3 - South,Van,Electronics,10.4,7,16.75,-4.4,True,2026-06-28,2026-06,2026-06-22
ORD102380,2026-05-17 03:58:00,W1 - North,Van,Apparel,4.32,5,9.83,-22.6,True,2026-05-17,2026-05,2026-05-11
ORD102381,2026-06-10 22:46:00,W2 - Central,Bike,Apparel,6.6,6,11.66,-5.7,True,2026-06-10,2026-06,2026-06-08
ORD102382,2026-07-22 09:19:00,W3 - South,Van,Personal Care,9.29,4,14.57,-22.1,True,2026-07-22,2026-07,2026-07-20
ORD102383,2026-06-05 09:09:00,W1 - North,Van,Personal Care,8.4,4,10.74,-15.2,True,2026-06-05,2026-06,2026-06-01
ORD102384,2026-05-17 01:27:00,W1 - North,Van,Electronics,7.55,9,15.58,-7.7,True,2026-05-17,2026-05,2026-05-11
ORD102385,2026-07-18 21:01:00,W3 - South,Van,Electronics,11.52,7,16.0,-17.7,True,2026-07-18,2026-07,2026-07-13
ORD102386,2026-07-25 05:38:00,W1 - North,Truck,Grocery,1.04,4,9.39,-4.6,True,2026-07-25,2026-07,2026-07-20
ORD102387,2026-07-27 23:41:00,W1 - North,Bike,Home & Kitchen,4.72,3,10.14,-18.5,True,2026-07-27,2026-07,2026-07-27
ORD102388,2026-07-26 11:54:00,W2 - Central,Van,Grocery,3.29,5,12.11,-8.1,True,2026-07-26,2026-07,2026-07-20
ORD102389,2026-07-18 20:59:00,W3 - South,Bike,Apparel,6.51,4,9.48,-11.4,True,2026-07-18,2026-07,2026-07-13
ORD102390,2026-06-10 04:17:00,W2 - Central,Bike,Electronics,7.73,2,7.62,7.8,False,2026-06-10,2026-06,2026-06-08
ORD102391,2026-05-18 03:58:00,W1 - North,Van,Apparel,2.64,2,7.43,-18.2,True,2026-05-18,2026-05,2026-05-18
ORD102392,2026-06-25 19:13:00,W3 - South,Van,Electronics,1.56,3,5.22,-28.5,True,2026-06-25,2026-06,2026-06-22
ORD102393,2026-05-20 19:40:00,W2 - Central,Bike,Apparel,3.2,8,13.31,-20.9,True,2026-05-20,2026-05,2026-05-18
ORD102394,2026-06-12 13:02:00,W2 - Central,Van,Electronics,2.71,5,10.59,-22.8,True,2026-06-12,2026-06,2026-06-08
ORD102395,2026-06-29 00:46:00,W1 - North,Van,Home & Kitchen,6.97,6,13.48,-33.2,True,2026-06-29,2026-06,2026-06-29
ORD102396,2026-07-25 22:38:00,W1 - North,Van,Grocery,3.59,6,11.64,-19.7,True,2026-07-25,2026-07,2026-07-20
ORD102397,2026-05-27 09:26:00,W1 - North,Bike,Electronics,5.55,5,8.36,-14.5,True,2026-05-27,2026-05,2026-05-25
ORD102398,2026-05-23 22:27:00,W2 - Central,Truck,Personal Care,3.74,8,12.35,-0.8,True,2026-05-23,2026-05,2026-05-18
ORD102399,2026-07-06 20:53:00,W1 - North,Bike,Electronics,14.96,2,8.37,0.6,False,2026-07-06,2026-07,2026-07-06
ORD102400,2026-05-01 20:26:00,W2 - Central,Van,Grocery,2.75,5,8.96,-22.4,True,2026-05-01,2026-05,2026-04-27
ORD102401,2026-06-20 16:31:00,W1 - North,Van,Apparel,9.9,3,13.4,-1.8,True,2026-06-20,2026-06,2026-06-15
ORD102402,2026-07-07 16:09:00,W1 - North,Bike,Grocery,6.34,2,8.44,-13.9,True,2026-07-07,2026-07,2026-07-06
ORD102403,2026-06-19 12:47:00,W1 - North,Bike,Electronics,12.58,6,13.0,-26.3,True,2026-06-19,2026-06,2026-06-15
ORD102404,2026-06-04 00:35:00,W2 - Central,Truck,Home & Kitchen,13.44,2,25.97,2.9,False,2026-06-04,2026-06,2026-06-01
ORD102405,2026-07-14 09:18:00,W2 - Central,Bike,Personal Care,4.7,4,9.32,3.9,False,2026-07-14,2026-07,2026-07-13
ORD102406,2026-06-03 17:31:00,W1 - North,Van,Electronics,1.52,4,5.0,-31.5,True,2026-06-03,2026-06,2026-06-01
ORD102407,2026-07-03 19:29:00,W1 - North,Bike,Grocery,2.66,4,8.44,-49.5,True,2026-07-03,2026-07,2026-06-29
ORD102408,2026-06-11 13:25:00,W1 - North,Truck,Grocery,2.14,7,10.36,-32.7,True,2026-06-11,2026-06,2026-06-08
ORD102409,2026-05-03 17:01:00,W3 - South,Bike,Apparel,7.11,7,11.8,-27.2,True,2026-05-03,2026-05,2026-04-27
ORD102410,2026-06-17 00:31:00,W1 - North,Bike,Electronics,4.19,3,8.79,-30.3,True,2026-06-17,2026-06,2026-06-15
ORD102411,2026-05-05 11:14:00,W3 - South,Van,Grocery,11.71,4,17.4,-22.6,True,2026-05-05,2026-05,2026-05-04
ORD102412,2026-07-23 12:11:00,W1 - North,Bike,Personal Care,11.95,4,11.68,-0.7,True,2026-07-23,2026-07,2026-07-20
ORD102413,2026-06-24 21:25:00,W1 - North,Van,Electronics,1.37,3,6.73,-23.0,True,2026-06-24,2026-06,2026-06-22
ORD102414,2026-06-03 07:27:00,W2 - Central,Van,Grocery,5.02,5,12.1,-10.4,True,2026-06-03,2026-06,2026-06-01
ORD102415,2026-06-13 05:31:00,W2 - Central,Bike,Grocery,2.81,6,6.16,1.2,False,2026-06-13,2026-06,2026-06-08
ORD102416,2026-06-25 08:27:00,W1 - North,Truck,Home & Kitchen,6.86,4,14.96,-23.9,True,2026-06-25,2026-06,2026-06-22
ORD102417,2026-05-24 04:05:00,W3 - South,Truck,Grocery,7.13,4,16.4,-12.6,True,2026-05-24,2026-05,2026-05-18
ORD102418,2026-05-26 13:24:00,W1 - North,Van,Electronics,10.65,7,14.76,10.6,False,2026-05-26,2026-05,2026-05-25
ORD102419,2026-06-07 15:25:00,W1 - North,Van,Home & Kitchen,2.82,3,7.29,-15.0,True,2026-06-07,2026-06,2026-06-01
ORD102420,2026-05-24 19:13:00,W1 - North,Van,Personal Care,3.93,2,7.55,-13.7,True,2026-05-24,2026-05,2026-05-18
ORD102421,2026-07-08 23:19:00,W2 - Central,Bike,Grocery,4.47,2,6.92,-23.8,True,2026-07-08,2026-07,2026-07-06
ORD102422,2026-05-10 01:45:00,W3 - South,Bike,Apparel,7.7,8,11.82,-12.7,True,2026-05-10,2026-05,2026-05-04
ORD102423,2026-07-14 05:56:00,W1 - North,Truck,Grocery,5.93,8,18.98,-26.4,True,2026-07-14,2026-07,2026-07-13
ORD102424,2026-06-01 07:13:00,W3 - South,Van,Apparel,2.56,8,11.33,-10.6,True,2026-06-01,2026-06,2026-06-01
ORD102425,2026-06-20 05:59:00,W2 - Central,Bike,Apparel,12.16,4,11.48,-7.7,True,2026-06-20,2026-06,2026-06-15
ORD102426,2026-05-15 19:51:00,W3 - South,Bike,Apparel,6.73,12,13.35,-6.4,True,2026-05-15,2026-05,2026-05-11
ORD102427,2026-06-04 03:20:00,W3 - South,Van,Apparel,4.47,6,10.83,-18.5,True,2026-06-04,2026-06,2026-06-01
ORD102428,2026-07-07 00:42:00,W3 - South,Truck,Home & Kitchen,9.09,4,19.76,-31.0,True,2026-07-07,2026-07,2026-07-06
ORD102429,2026-05-25 20:39:00,W2 - Central,Bike,Apparel,5.05,10,15.64,0.9,False,2026-05-25,2026-05,2026-05-25
ORD102430,2026-05-12 23:04:00,W1 - North,Van,Grocery,20.8,6,22.59,7.0,False,2026-05-12,2026-05,2026-05-11
ORD102431,2026-06-16 05:26:00,W2 - Central,Van,Personal Care,9.91,8,15.34,-13.7,True,2026-06-16,2026-06,2026-06-15
ORD102432,2026-05-15 07:59:00,W2 - Central,Truck,Home & Kitchen,3.79,7,11.89,-10.9,True,2026-05-15,2026-05,2026-05-11
ORD102433,2026-05-29 12:04:00,W2 - Central,Bike,Apparel,13.87,5,13.39,-4.0,True,2026-05-29,2026-05,2026-05-25
ORD102434,2026-06-10 12:37:00,W2 - Central,Bike,Personal Care,12.18,4,11.94,-2.5,True,2026-06-10,2026-06,2026-06-08
ORD102435,2026-06-20 23:46:00,W1 - North,Bike,Electronics,3.0,6,7.64,-22.0,True,2026-06-20,2026-06,2026-06-15
ORD102436,2026-06-27 09:41:00,W3 - South,Van,Home & Kitchen,35.78,5,38.26,34.1,False,2026-06-27,2026-06,2026-06-22
ORD102437,2026-06-30 00:17:00,W1 - North,Bike,Apparel,4.55,6,9.78,-32.3,True,2026-06-30,2026-06,2026-06-29
ORD102438,2026-07-15 10:08:00,W3 - South,Truck,Personal Care,10.95,4,24.06,-5.8,True,2026-07-15,2026-07,2026-07-13
ORD102439,2026-05-06 13:21:00,W1 - North,Van,Apparel,14.66,4,20.17,-1.0,True,2026-05-06,2026-05,2026-05-04
ORD102440,2026-06-02 12:24:00,W1 - North,Bike,Personal Care,1.37,6,4.55,-25.2,True,2026-06-02,2026-06,2026-06-01
ORD102441,2026-05-01 12:17:00,W3 - South,Van,Personal Care,8.9,6,15.7,-18.6,True,2026-05-01,2026-05,2026-04-27
ORD102442,2026-05-01 22:08:00,W3 - South,Van,Personal Care,12.15,4,14.29,-10.2,True,2026-05-01,2026-05,2026-04-27
ORD102443,2026-05-20 19:22:00,W2 - Central,Van,Grocery,9.67,5,15.1,-11.2,True,2026-05-20,2026-05,2026-05-18
ORD102444,2026-06-23 06:02:00,W3 - South,Truck,Grocery,9.75,5,21.31,-21.3,True,2026-06-23,2026-06,2026-06-22
ORD102445,2026-07-20 08:31:00,W1 - North,Van,Personal Care,1.39,7,8.84,-11.4,True,2026-07-20,2026-07,2026-07-20
ORD102446,2026-07-09 16:01:00,W3 - South,Van,Apparel,31.05,3,29.88,32.3,False,2026-07-09,2026-07,2026-07-06
ORD102447,2026-06-28 09:50:00,W1 - North,Bike,Grocery,6.67,5,11.16,-16.4,True,2026-06-28,2026-06,2026-06-22
ORD102448,2026-07-10 10:16:00,W2 - Central,Van,Electronics,6.24,4,9.27,-25.4,True,2026-07-10,2026-07,2026-07-06
ORD102449,2026-05-16 04:01:00,W2 - Central,Bike,Apparel,1.41,5,8.29,-28.6,True,2026-05-16,2026-05,2026-05-11
ORD102450,2026-07-15 06:06:00,W1 - North,Truck,Apparel,15.78,3,27.3,-8.3,True,2026-07-15,2026-07,2026-07-13
ORD102451,2026-07-20 17:46:00,W2 - Central,Van,Personal Care,3.45,3,8.2,-17.1,True,2026-07-20,2026-07,2026-07-20
ORD102452,2026-05-09 20:13:00,W2 - Central,Van,Apparel,2.82,5,11.6,-9.6,True,2026-05-09,2026-05,2026-05-04
ORD102453,2026-06-12 18:49:00,W1 - North,Truck,Home & Kitchen,13.56,5,30.79,-3.9,True,2026-06-12,2026-06,2026-06-08
ORD102454,2026-07-14 07:23:00,W3 - South,Van,Grocery,3.13,5,6.74,-24.0,True,2026-07-14,2026-07,2026-07-13
ORD102455,2026-06-12 03:16:00,W2 - Central,Van,Grocery,6.3,4,10.2,-21.2,True,2026-06-12,2026-06,2026-06-08
ORD102456,2026-07-15 03:49:00,W1 - North,Truck,Electronics,3.66,8,13.12,-8.1,True,2026-07-15,2026-07,2026-07-13
ORD102457,2026-07-24 09:26:00,W2 - Central,Truck,Home & Kitchen,6.82,7,21.52,-10.2,True,2026-07-24,2026-07,2026-07-20
ORD102458,2026-06-12 12:25:00,W1 - North,Bike,Grocery,10.76,6,12.03,-7.1,True,2026-06-12,2026-06,2026-06-08
ORD102459,2026-05-06 21:25:00,W1 - North,Bike,Personal Care,4.47,6,10.8,-27.6,True,2026-05-06,2026-05,2026-05-04
ORD102460,2026-05-31 21:34:00,W2 - Central,Truck,Personal Care,11.39,3,23.18,6.8,False,2026-05-31,2026-05,2026-05-25
ORD102461,2026-05-20 00:03:00,W1 - North,Bike,Apparel,6.68,4,7.22,-0.4,True,2026-05-20,2026-05,2026-05-18
ORD102462,2026-06-12 16:58:00,W1 - North,Bike,Apparel,20.89,4,12.88,-1.0,True,2026-06-12,2026-06,2026-06-08
ORD102463,2026-06-22 07:10:00,W2 - Central,Bike,Grocery,10.26,5,10.37,-13.6,True,2026-06-22,2026-06,2026-06-22
ORD102464,2026-06-11 04:44:00,W1 - North,Bike,Home & Kitchen,7.22,6,13.95,-24.3,True,2026-06-11,2026-06,2026-06-08
ORD102465,2026-05-18 13:19:00,W3 - South,Van,Grocery,10.77,5,16.04,-15.5,True,2026-05-18,2026-05,2026-05-18
ORD102466,2026-05-28 00:48:00,W3 - South,Van,Grocery,3.42,4,10.39,-32.0,True,2026-05-28,2026-05,2026-05-25
ORD102467,2026-07-01 08:01:00,W1 - North,Van,Electronics,13.55,5,15.89,-14.6,True,2026-07-01,2026-07,2026-06-29
ORD102468,2026-05-03 13:15:00,W2 - Central,Van,Personal Care,3.11,3,7.45,-12.1,True,2026-05-03,2026-05,2026-04-27
ORD102469,2026-05-20 06:31:00,W1 - North,Van,Apparel,7.78,5,14.28,-2.2,True,2026-05-20,2026-05,2026-05-18
ORD102470,2026-07-20 14:14:00,W2 - Central,Van,Personal Care,15.58,6,18.71,6.1,False,2026-07-20,2026-07,2026-07-20
ORD102471,2026-05-09 11:02:00,W1 - North,Bike,Home & Kitchen,15.01,8,15.22,6.0,False,2026-05-09,2026-05,2026-05-04
ORD102472,2026-06-07 19:11:00,W3 - South,Van,Personal Care,4.75,6,9.82,-13.1,True,2026-06-07,2026-06,2026-06-01
ORD102473,2026-05-19 04:21:00,W1 - North,Van,Apparel,6.7,8,15.24,-10.0,True,2026-05-19,2026-05,2026-05-18
ORD102474,2026-05-10 01:22:00,W2 - Central,Van,Home & Kitchen,6.25,5,12.41,8.2,False,2026-05-10,2026-05,2026-05-04
ORD102475,2026-06-08 12:42:00,W1 - North,Van,Electronics,16.21,3,20.1,0.4,False,2026-06-08,2026-06,2026-06-08
ORD102476,2026-06-16 06:09:00,W1 - North,Bike,Grocery,14.68,2,12.87,-5.5,True,2026-06-16,2026-06,2026-06-15
ORD102477,2026-05-16 16:57:00,W2 - Central,Van,Personal Care,7.38,3,11.23,-12.5,True,2026-05-16,2026-05,2026-05-11
ORD102478,2026-05-08 02:14:00,W2 - Central,Van,Grocery,6.91,4,13.28,-4.0,True,2026-05-08,2026-05,2026-05-04
ORD102479,2026-05-13 13:48:00,W3 - South,Bike,Grocery,9.92,2,8.45,-24.1,True,2026-05-13,2026-05,2026-05-11
ORD102480,2026-06-28 23:45:00,W1 - North,Van,Electronics,8.17,5,14.38,-16.4,True,2026-06-28,2026-06,2026-06-22
ORD102481,2026-07-17 02:14:00,W1 - North,Van,Personal Care,5.54,6,8.85,-17.9,True,2026-07-17,2026-07,2026-07-13
ORD102482,2026-05-17 07:14:00,W1 - North,Bike,Apparel,11.44,6,11.33,12.4,False,2026-05-17,2026-05,2026-05-11
ORD102483,2026-05-29 20:15:00,W1 - North,Bike,Grocery,9.55,6,15.04,-5.5,True,2026-05-29,2026-05,2026-05-25
ORD102484,2026-05-31 12:48:00,W3 - South,Bike,Apparel,19.85,10,19.7,15.4,False,2026-05-31,2026-05,2026-05-25
ORD102485,2026-06-02 04:11:00,W3 - South,Bike,Grocery,19.49,5,16.53,-4.8,True,2026-06-02,2026-06,2026-06-01
ORD102486,2026-05-22 05:06:00,W3 - South,Truck,Apparel,6.19,8,16.54,-5.1,True,2026-05-22,2026-05,2026-05-18
ORD102487,2026-05-05 18:21:00,W1 - North,Van,Apparel,0.78,7,6.73,-28.4,True,2026-05-05,2026-05,2026-05-04
ORD102488,2026-06-17 20:39:00,W1 - North,Bike,Electronics,3.88,6,8.52,-25.4,True,2026-06-17,2026-06,2026-06-15
ORD102489,2026-06-02 08:39:00,W2 - Central,Bike,Home & Kitchen,6.09,2,7.45,-8.8,True,2026-06-02,2026-06,2026-06-01
ORD102490,2026-05-31 11:22:00,W1 - North,Van,Apparel,5.55,4,13.49,-18.3,True,2026-05-31,2026-05,2026-05-25
ORD102491,2026-05-24 18:47:00,W2 - Central,Truck,Personal Care,4.03,8,16.0,-12.7,True,2026-05-24,2026-05,2026-05-18
ORD102492,2026-07-23 04:14:00,W1 - North,Van,Grocery,3.7,9,12.21,-26.7,True,2026-07-23,2026-07,2026-07-20
ORD102493,2026-06-24 04:57:00,W1 - North,Truck,Personal Care,8.92,6,20.85,-19.2,True,2026-06-24,2026-06,2026-06-22
ORD102494,2026-06-07 18:35:00,W3 - South,Bike,Apparel,2.15,7,9.84,-30.5,True,2026-06-07,2026-06,2026-06-01
ORD102495,2026-05-19 04:28:00,W1 - North,Van,Grocery,9.79,4,12.24,-24.4,True,2026-05-19,2026-05,2026-05-18
ORD102496,2026-07-12 18:29:00,W3 - South,Van,Home & Kitchen,14.87,4,15.65,10.2,False,2026-07-12,2026-07,2026-07-06
ORD102497,2026-07-19 11:55:00,W1 - North,Truck,Personal Care,13.04,6,28.17,7.6,False,2026-07-19,2026-07,2026-07-13
ORD102498,2026-05-03 23:45:00,W1 - North,Bike,Apparel,36.78,4,23.2,37.7,False,2026-05-03,2026-05,2026-04-27
ORD102499,2026-07-23 00:47:00,W1 - North,Van,Apparel,0.68,8,6.91,-19.3,True,2026-07-23,2026-07,2026-07-20
ORD102500,2026-07-02 22:42:00,W1 - North,Van,Apparel,9.61,5,11.53,-9.9,True,2026-07-02,2026-07,2026-06-29
ORD102501,2026-05-09 05:24:00,W2 - Central,Bike,Home & Kitchen,8.19,3,10.47,-5.0,True,2026-05-09,2026-05,2026-05-04
ORD102502,2026-07-07 00:50:00,W1 - North,Van,Personal Care,3.89,5,9.02,-34.6,True,2026-07-07,2026-07,2026-07-06
ORD102503,2026-05-10 17:22:00,W2 - Central,Bike,Apparel,4.38,7,10.35,-3.0,True,2026-05-10,2026-05,2026-05-04
ORD102504,2026-05-05 12:46:00,W3 - South,Bike,Grocery,6.97,7,10.56,-1.4,True,2026-05-05,2026-05,2026-05-04
ORD102505,2026-05-11 20:05:00,W1 - North,Van,Apparel,10.03,2,13.18,-14.2,True,2026-05-11,2026-05,2026-05-11
ORD102506,2026-06-11 02:36:00,W1 - North,Bike,Electronics,13.98,2,10.35,2.2,False,2026-06-11,2026-06,2026-06-08
ORD102507,2026-06-25 01:56:00,W1 - North,Van,Personal Care,2.56,3,7.36,-29.6,True,2026-06-25,2026-06,2026-06-22
ORD102508,2026-06-06 13:36:00,W3 - South,Truck,Grocery,13.5,6,28.62,8.7,False,2026-06-06,2026-06,2026-06-01
ORD102509,2026-05-11 21:10:00,W2 - Central,Truck,Personal Care,11.92,4,23.72,-2.5,True,2026-05-11,2026-05,2026-05-11
ORD102510,2026-05-18 09:44:00,W1 - North,Van,Apparel,4.12,5,9.5,-44.8,True,2026-05-18,2026-05,2026-05-18
ORD102511,2026-07-16 19:08:00,W2 - Central,Van,Grocery,0.5,5,7.84,-28.5,True,2026-07-16,2026-07,2026-07-13
ORD102512,2026-07-26 21:44:00,W2 - Central,Van,Grocery,2.52,6,10.25,-9.2,True,2026-07-26,2026-07,2026-07-20
ORD102513,2026-07-07 20:52:00,W1 - North,Truck,Home & Kitchen,3.04,7,10.65,-13.9,True,2026-07-07,2026-07,2026-07-06
ORD102514,2026-05-10 12:12:00,W1 - North,Van,Electronics,3.51,6,10.04,-17.9,True,2026-05-10,2026-05,2026-05-04
ORD102515,2026-07-13 16:45:00,W3 - South,Bike,Electronics,30.81,3,18.92,24.2,False,2026-07-13,2026-07,2026-07-13
ORD102516,2026-07-02 12:36:00,W1 - North,Truck,Apparel,23.6,1,40.22,5.3,False,2026-07-02,2026-07,2026-06-29
ORD102517,2026-06-17 16:10:00,W1 - North,Van,Grocery,17.22,8,25.09,18.2,False,2026-06-17,2026-06,2026-06-15
ORD102518,2026-05-13 13:36:00,W1 - North,Bike,Grocery,5.46,3,8.39,-8.7,True,2026-05-13,2026-05,2026-05-11
ORD102519,2026-07-29 12:36:00,W2 - Central,Van,Grocery,13.24,9,23.4,-0.7,True,2026-07-29,2026-07,2026-07-27
ORD102520,2026-06-09 10:29:00,W2 - Central,Bike,Apparel,0.6,5,7.11,-35.5,True,2026-06-09,2026-06,2026-06-08
ORD102521,2026-05-04 15:40:00,W1 - North,Van,Grocery,2.9,10,11.71,-37.8,True,2026-05-04,2026-05,2026-05-04
ORD102522,2026-05-19 18:01:00,W2 - Central,Truck,Electronics,8.72,3,18.61,-2.6,True,2026-05-19,2026-05,2026-05-18
ORD102523,2026-06-06 22:03:00,W2 - Central,Van,Personal Care,3.31,3,8.33,-10.1,True,2026-06-06,2026-06,2026-06-01
ORD102524,2026-05-06 14:43:00,W1 - North,Van,Apparel,2.58,5,9.18,-33.1,True,2026-05-06,2026-05,2026-05-04
ORD102525,2026-05-30 02:24:00,W3 - South,Bike,Grocery,13.22,6,11.79,2.4,False,2026-05-30,2026-05,2026-05-25
ORD102526,2026-06-12 14:05:00,W1 - North,Bike,Electronics,8.96,3,9.14,-26.6,True,2026-06-12,2026-06,2026-06-08
ORD102527,2026-07-25 07:34:00,W1 - North,Bike,Apparel,9.57,6,10.49,2.1,False,2026-07-25,2026-07,2026-07-20
ORD102528,2026-05-08 00:38:00,W3 - South,Bike,Home & Kitchen,15.48,4,14.68,-7.8,True,2026-05-08,2026-05,2026-05-04
ORD102529,2026-06-21 01:44:00,W3 - South,Van,Home & Kitchen,12.77,5,14.46,-11.5,True,2026-06-21,2026-06,2026-06-15
ORD102530,2026-07-22 14:11:00,W1 - North,Bike,Electronics,6.26,4,9.06,-23.2,True,2026-07-22,2026-07,2026-07-20
ORD102531,2026-07-12 22:40:00,W3 - South,Van,Home & Kitchen,10.68,6,13.9,-8.5,True,2026-07-12,2026-07,2026-07-06
ORD102532,2026-07-23 12:08:00,W2 - Central,Van,Electronics,8.8,5,14.63,-3.0,True,2026-07-23,2026-07,2026-07-20
ORD102533,2026-05-16 10:41:00,W1 - North,Truck,Personal Care,8.29,5,18.59,2.2,False,2026-05-16,2026-05,2026-05-11
ORD102534,2026-07-12 02:07:00,W3 - South,Bike,Home & Kitchen,7.19,6,7.74,-1.5,True,2026-07-12,2026-07,2026-07-06
ORD102535,2026-07-28 16:12:00,W2 - Central,Van,Home & Kitchen,2.88,5,10.36,-16.1,True,2026-07-28,2026-07,2026-07-27
ORD102536,2026-05-30 01:19:00,W1 - North,Van,Home & Kitchen,7.07,2,6.94,-14.6,True,2026-05-30,2026-05,2026-05-25
ORD102537,2026-06-14 20:11:00,W2 - Central,Truck,Grocery,11.88,6,25.23,2.3,False,2026-06-14,2026-06,2026-06-08
ORD102538,2026-06-17 19:35:00,W1 - North,Van,Electronics,10.43,5,16.4,-27.1,True,2026-06-17,2026-06,2026-06-15
ORD102539,2026-06-14 23:47:00,W1 - North,Van,Grocery,16.39,4,21.9,6.2,False,2026-06-14,2026-06,2026-06-08
ORD102540,2026-05-27 06:49:00,W3 - South,Van,Personal Care,8.09,3,9.76,-26.9,True,2026-05-27,2026-05,2026-05-25
ORD102541,2026-07-27 03:52:00,W2 - Central,Van,Home & Kitchen,5.9,4,10.14,-1.6,True,2026-07-27,2026-07,2026-07-27
ORD102542,2026-07-26 07:11:00,W2 - Central,Van,Electronics,6.53,2,11.87,-7.8,True,2026-07-26,2026-07,2026-07-20
ORD102543,2026-06-04 19:11:00,W2 - Central,Truck,Apparel,9.07,6,22.7,1.8,False,2026-06-04,2026-06,2026-06-01
ORD102544,2026-07-12 05:15:00,W2 - Central,Van,Personal Care,4.05,6,12.46,-11.8,True,2026-07-12,2026-07,2026-07-06
ORD102545,2026-06-05 21:17:00,W1 - North,Van,Electronics,10.41,3,17.99,-18.9,True,2026-06-05,2026-06,2026-06-01
ORD102546,2026-07-11 03:42:00,W3 - South,Bike,Electronics,22.9,5,16.44,22.9,False,2026-07-11,2026-07,2026-07-06
ORD102547,2026-06-22 01:10:00,W2 - Central,Bike,Personal Care,4.88,2,7.54,-13.6,True,2026-06-22,2026-06,2026-06-22
ORD102548,2026-06-12 05:15:00,W2 - Central,Bike,Personal Care,2.59,3,5.99,-16.8,True,2026-06-12,2026-06,2026-06-08
ORD102549,2026-05-12 18:05:00,W2 - Central,Bike,Home & Kitchen,11.7,4,8.41,-2.4,True,2026-05-12,2026-05,2026-05-11
ORD102550,2026-06-28 14:27:00,W1 - North,Bike,Electronics,11.06,7,12.73,5.7,False,2026-06-28,2026-06,2026-06-22
ORD102551,2026-05-29 08:30:00,W1 - North,Bike,Home & Kitchen,2.08,11,8.08,-16.4,True,2026-05-29,2026-05,2026-05-25
ORD102552,2026-05-20 15:44:00,W1 - North,Bike,Grocery,6.62,4,8.21,-38.8,True,2026-05-20,2026-05,2026-05-18
ORD102553,2026-05-18 15:33:00,W1 - North,Bike,Apparel,21.34,3,13.07,5.6,False,2026-05-18,2026-05,2026-05-18
ORD102554,2026-07-28 13:18:00,W2 - Central,Bike,Electronics,7.39,9,13.01,3.4,False,2026-07-28,2026-07,2026-07-27
ORD102555,2026-05-10 12:20:00,W3 - South,Van,Personal Care,10.6,6,14.94,-14.2,True,2026-05-10,2026-05,2026-05-04
ORD102556,2026-07-11 02:26:00,W1 - North,Bike,Grocery,3.11,5,5.27,-33.3,True,2026-07-11,2026-07,2026-07-06
ORD102557,2026-07-17 06:14:00,W1 - North,Bike,Home & Kitchen,3.1,4,8.65,-27.2,True,2026-07-17,2026-07,2026-07-13
ORD102558,2026-05-03 12:39:00,W2 - Central,Van,Personal Care,8.7,4,12.39,4.4,False,2026-05-03,2026-05,2026-04-27
ORD102559,2026-06-23 03:14:00,W1 - North,Truck,Home & Kitchen,3.34,5,10.96,-28.8,True,2026-06-23,2026-06,2026-06-22
ORD102560,2026-06-21 11:25:00,W3 - South,Van,Personal Care,13.12,4,15.59,9.8,False,2026-06-21,2026-06,2026-06-15
ORD102561,2026-06-02 02:48:00,W1 - North,Van,Electronics,6.49,5,13.74,-2.1,True,2026-06-02,2026-06,2026-06-01
ORD102562,2026-06-30 18:53:00,W1 - North,Truck,Home & Kitchen,8.39,7,20.94,-30.8,True,2026-06-30,2026-06,2026-06-29
ORD102563,2026-06-06 02:28:00,W1 - North,Van,Grocery,6.1,4,10.16,-16.7,True,2026-06-06,2026-06,2026-06-01
ORD102564,2026-06-09 02:13:00,W3 - South,Van,Apparel,14.33,4,15.21,-27.1,True,2026-06-09,2026-06,2026-06-08
ORD102565,2026-06-08 15:18:00,W1 - North,Van,Apparel,12.99,4,20.71,-1.2,True,2026-06-08,2026-06,2026-06-08
ORD102566,2026-07-12 05:17:00,W2 - Central,Truck,Grocery,4.63,3,15.35,-14.9,True,2026-07-12,2026-07,2026-07-06
ORD102567,2026-06-26 08:26:00,W1 - North,Van,Home & Kitchen,12.26,10,22.08,-8.0,True,2026-06-26,2026-06,2026-06-22
ORD102568,2026-06-04 07:32:00,W1 - North,Bike,Apparel,16.85,5,13.32,11.4,False,2026-06-04,2026-06,2026-06-01
ORD102569,2026-07-23 05:11:00,W3 - South,Bike,Home & Kitchen,13.05,9,14.25,-17.0,True,2026-07-23,2026-07,2026-07-20
ORD102570,2026-07-12 18:16:00,W1 - North,Bike,Grocery,11.41,6,13.03,-15.7,True,2026-07-12,2026-07,2026-07-06
ORD102571,2026-07-23 16:36:00,W1 - North,Truck,Grocery,2.59,5,9.12,-46.6,True,2026-07-23,2026-07,2026-07-20
ORD102572,2026-07-05 05:43:00,W2 - Central,Bike,Home & Kitchen,4.7,7,8.41,6.0,False,2026-07-05,2026-07,2026-06-29
ORD102573,2026-06-05 16:29:00,W3 - South,Van,Apparel,2.79,3,9.86,-19.9,True,2026-06-05,2026-06,2026-06-01
ORD102574,2026-07-09 17:07:00,W1 - North,Truck,Electronics,4.71,5,13.63,-24.7,True,2026-07-09,2026-07,2026-07-06
ORD102575,2026-05-30 12:56:00,W1 - North,Van,Grocery,6.32,3,9.0,-25.1,True,2026-05-30,2026-05,2026-05-25
ORD102576,2026-05-25 13:52:00,W3 - South,Van,Grocery,33.76,3,35.42,37.0,False,2026-05-25,2026-05,2026-05-25
ORD102577,2026-06-10 22:26:00,W2 - Central,Van,Home & Kitchen,2.91,6,8.71,8.1,False,2026-06-10,2026-06,2026-06-08
ORD102578,2026-07-27 10:53:00,W3 - South,Bike,Home & Kitchen,10.25,7,9.52,-14.0,True,2026-07-27,2026-07,2026-07-27
ORD102579,2026-06-21 09:14:00,W2 - Central,Van,Electronics,2.51,6,7.53,-21.3,True,2026-06-21,2026-06,2026-06-15
ORD102580,2026-06-04 12:56:00,W2 - Central,Bike,Home & Kitchen,4.46,4,7.21,-4.2,True,2026-06-04,2026-06,2026-06-01
ORD102581,2026-06-11 20:03:00,W1 - North,Van,Home & Kitchen,9.66,3,13.84,-24.4,True,2026-06-11,2026-06,2026-06-08
ORD102582,2026-05-27 17:01:00,W1 - North,Van,Home & Kitchen,10.72,6,16.47,-13.1,True,2026-05-27,2026-05,2026-05-25
ORD102583,2026-06-29 01:48:00,W2 - Central,Van,Apparel,4.03,4,11.17,-39.9,True,2026-06-29,2026-06,2026-06-29
ORD102584,2026-06-01 11:01:00,W2 - Central,Bike,Electronics,3.25,5,7.66,-19.6,True,2026-06-01,2026-06,2026-06-01
ORD102585,2026-06-19 17:45:00,W3 - South,Van,Personal Care,27.4,5,29.09,7.6,False,2026-06-19,2026-06,2026-06-15
ORD102586,2026-06-03 05:22:00,W2 - Central,Van,Home & Kitchen,3.81,4,11.01,-5.2,True,2026-06-03,2026-06,2026-06-01
ORD102587,2026-05-29 23:43:00,W1 - North,Van,Personal Care,0.97,3,7.6,-39.5,True,2026-05-29,2026-05,2026-05-25
ORD102588,2026-07-27 19:23:00,W2 - Central,Van,Grocery,11.49,3,14.75,4.2,False,2026-07-27,2026-07,2026-07-27
ORD102589,2026-06-01 20:19:00,W2 - Central,Bike,Grocery,0.93,2,5.57,-24.6,True,2026-06-01,2026-06,2026-06-01
ORD102590,2026-05-07 01:57:00,W2 - Central,Van,Apparel,11.5,5,15.56,-0.0,True,2026-05-07,2026-05,2026-05-04
ORD102591,2026-06-04 13:54:00,W3 - South,Van,Electronics,2.85,5,7.18,-22.9,True,2026-06-04,2026-06,2026-06-01
ORD102592,2026-06-17 12:40:00,W2 - Central,Truck,Home & Kitchen,1.7,7,13.6,-18.6,True,2026-06-17,2026-06,2026-06-15
ORD102593,2026-05-09 15:02:00,W1 - North,Van,Home & Kitchen,2.83,6,8.69,-23.7,True,2026-05-09,2026-05,2026-05-04
ORD102594,2026-05-28 20:24:00,W2 - Central,Van,Electronics,3.59,4,9.39,-24.3,True,2026-05-28,2026-05,2026-05-25
ORD102595,2026-05-15 08:28:00,W2 - Central,Bike,Home & Kitchen,11.57,8,11.44,6.0,False,2026-05-15,2026-05,2026-05-11
ORD102596,2026-06-15 12:48:00,W3 - South,Bike,Apparel,4.36,6,10.24,-41.0,True,2026-06-15,2026-06,2026-06-15
ORD102597,2026-07-05 16:18:00,W1 - North,Bike,Electronics,9.64,6,9.8,10.2,False,2026-07-05,2026-07,2026-06-29
ORD102598,2026-07-27 18:04:00,W2 - Central,Van,Personal Care,6.19,4,13.68,-10.9,True,2026-07-27,2026-07,2026-07-27
ORD102599,2026-06-05 18:29:00,W2 - Central,Van,Home & Kitchen,5.47,6,14.44,-14.9,True,2026-06-05,2026-06,2026-06-01
ORD102600,2026-07-17 08:05:00,W2 - Central,Van,Apparel,10.21,7,17.23,0.4,False,2026-07-17,2026-07,2026-07-13
ORD102601,2026-05-20 23:57:00,W1 - North,Van,Electronics,7.72,4,12.63,-22.5,True,2026-05-20,2026-05,2026-05-18
ORD102602,2026-07-10 00:13:00,W3 - South,Van,Personal Care,12.21,5,16.6,-11.4,True,2026-07-10,2026-07,2026-07-06
ORD102603,2026-06-20 11:49:00,W3 - South,Truck,Personal Care,17.01,4,31.86,-4.7,True,2026-06-20,2026-06,2026-06-15
ORD102604,2026-07-08 14:36:00,W2 - Central,Bike,Apparel,3.68,6,9.43,-11.8,True,2026-07-08,2026-07,2026-07-06
ORD102605,2026-07-07 01:28:00,W2 - Central,Van,Home & Kitchen,5.16,5,11.02,-13.9,True,2026-07-07,2026-07,2026-07-06
ORD102606,2026-06-17 10:49:00,W1 - North,Van,Grocery,8.69,3,14.16,-14.4,True,2026-06-17,2026-06,2026-06-15
ORD102607,2026-05-24 14:18:00,W2 - Central,Bike,Electronics,9.57,7,10.8,17.1,False,2026-05-24,2026-05,2026-05-18
ORD102608,2026-06-17 14:34:00,W2 - Central,Van,Home & Kitchen,4.69,7,13.98,-19.7,True,2026-06-17,2026-06,2026-06-15
ORD102609,2026-07-14 02:51:00,W2 - Central,Van,Apparel,5.1,3,9.0,-16.1,True,2026-07-14,2026-07,2026-07-13
ORD102610,2026-07-27 06:39:00,W1 - North,Van,Apparel,9.49,6,14.04,-27.0,True,2026-07-27,2026-07,2026-07-27
ORD102611,2026-07-23 05:52:00,W2 - Central,Bike,Home & Kitchen,4.76,1,6.87,-12.2,True,2026-07-23,2026-07,2026-07-20
ORD102612,2026-05-17 15:21:00,W1 - North,Bike,Apparel,3.96,6,9.59,-15.8,True,2026-05-17,2026-05,2026-05-11
ORD102613,2026-06-23 07:53:00,W2 - Central,Van,Home & Kitchen,8.5,4,10.52,-7.5,True,2026-06-23,2026-06,2026-06-22
ORD102614,2026-05-10 13:42:00,W2 - Central,Van,Apparel,5.81,2,8.92,-8.8,True,2026-05-10,2026-05,2026-05-04
ORD102615,2026-06-30 17:32:00,W1 - North,Bike,Home & Kitchen,5.2,5,5.67,-26.3,True,2026-06-30,2026-06,2026-06-29
ORD102616,2026-07-29 19:08:00,W2 - Central,Bike,Personal Care,2.12,7,7.68,5.1,False,2026-07-29,2026-07,2026-07-27
ORD102617,2026-05-05 04:24:00,W3 - South,Bike,Home & Kitchen,1.9,6,7.04,-28.2,True,2026-05-05,2026-05,2026-05-04
ORD102618,2026-06-29 21:41:00,W2 - Central,Van,Home & Kitchen,7.36,3,12.01,-7.9,True,2026-06-29,2026-06,2026-06-29
ORD102619,2026-07-25 03:58:00,W1 - North,Bike,Home & Kitchen,3.88,7,8.33,-25.3,True,2026-07-25,2026-07,2026-07-20
ORD102620,2026-07-16 00:31:00,W2 - Central,Truck,Personal Care,1.34,7,8.93,-10.9,True,2026-07-16,2026-07,2026-07-13
ORD102621,2026-06-05 01:04:00,W1 - North,Bike,Grocery,3.52,6,10.7,-24.6,True,2026-06-05,2026-06,2026-06-01
ORD102622,2026-05-10 04:49:00,W2 - Central,Van,Electronics,6.5,3,13.92,-1.2,True,2026-05-10,2026-05,2026-05-04
ORD102623,2026-07-23 20:57:00,W2 - Central,Bike,Electronics,2.89,5,6.47,-9.4,True,2026-07-23,2026-07,2026-07-20
ORD102624,2026-07-22 04:59:00,W1 - North,Van,Home & Kitchen,8.78,4,14.89,-16.0,True,2026-07-22,2026-07,2026-07-20
ORD102625,2026-06-22 16:38:00,W2 - Central,Van,Grocery,3.4,2,8.17,-25.0,True,2026-06-22,2026-06,2026-06-22
ORD102626,2026-07-28 10:02:00,W2 - Central,Van,Electronics,5.14,5,8.26,-34.2,True,2026-07-28,2026-07,2026-07-27
ORD102627,2026-05-01 00:57:00,W2 - Central,Truck,Home & Kitchen,5.46,8,15.47,-13.7,True,2026-05-01,2026-05,2026-04-27
ORD102628,2026-06-25 10:39:00,W1 - North,Van,Grocery,10.93,6,11.85,-15.6,True,2026-06-25,2026-06,2026-06-22
ORD102629,2026-05-04 00:40:00,W1 - North,Truck,Apparel,11.16,7,25.25,-18.5,True,2026-05-04,2026-05,2026-05-04
ORD102630,2026-07-24 11:25:00,W2 - Central,Van,Grocery,5.26,5,9.36,0.1,False,2026-07-24,2026-07,2026-07-20
ORD102631,2026-07-01 13:24:00,W1 - North,Van,Apparel,3.23,7,10.65,-14.4,True,2026-07-01,2026-07,2026-06-29
ORD102632,2026-07-22 12:30:00,W2 - Central,Van,Grocery,10.94,7,20.85,-17.1,True,2026-07-22,2026-07,2026-07-20
ORD102633,2026-06-20 06:46:00,W1 - North,Bike,Grocery,5.11,9,13.68,-9.7,True,2026-06-20,2026-06,2026-06-15
ORD102634,2026-05-08 18:23:00,W1 - North,Van,Personal Care,0.6,4,5.26,-38.0,True,2026-05-08,2026-05,2026-05-04
ORD102635,2026-05-03 14:19:00,W2 - Central,Van,Grocery,6.33,5,10.37,-0.7,True,2026-05-03,2026-05,2026-04-27
ORD102636,2026-05-31 06:06:00,W1 - North,Van,Apparel,8.68,4,15.21,-15.5,True,2026-05-31,2026-05,2026-05-25
ORD102637,2026-07-06 10:25:00,W2 - Central,Van,Grocery,3.95,6,8.95,-19.5,True,2026-07-06,2026-07,2026-07-06
ORD102638,2026-05-14 02:36:00,W1 - North,Van,Grocery,1.91,6,10.21,-17.9,True,2026-05-14,2026-05,2026-05-11
ORD102639,2026-07-16 22:09:00,W2 - Central,Van,Apparel,1.16,7,12.79,-11.8,True,2026-07-16,2026-07,2026-07-13
ORD102640,2026-05-22 18:04:00,W1 - North,Van,Apparel,5.57,2,10.45,-9.2,True,2026-05-22,2026-05,2026-05-18
ORD102641,2026-06-14 06:54:00,W3 - South,Truck,Electronics,4.46,5,15.09,-19.5,True,2026-06-14,2026-06,2026-06-08
ORD102642,2026-05-19 16:11:00,W3 - South,Van,Grocery,19.1,3,23.14,-11.4,True,2026-05-19,2026-05,2026-05-18
ORD102643,2026-06-11 16:17:00,W1 - North,Van,Home & Kitchen,5.41,5,10.26,-12.4,True,2026-06-11,2026-06,2026-06-08
ORD102644,2026-06-10 14:37:00,W2 - Central,Van,Electronics,3.69,3,8.87,-9.2,True,2026-06-10,2026-06,2026-06-08
ORD102645,2026-05-01 01:17:00,W1 - North,Van,Home & Kitchen,21.03,6,23.54,15.4,False,2026-05-01,2026-05,2026-04-27
ORD102646,2026-06-21 21:05:00,W2 - Central,Bike,Personal Care,0.55,3,7.49,-23.3,True,2026-06-21,2026-06,2026-06-15
ORD102647,2026-07-10 22:56:00,W1 - North,Van,Electronics,6.81,6,11.26,-26.9,True,2026-07-10,2026-07,2026-07-06
ORD102648,2026-07-24 23:22:00,W2 - Central,Van,Home & Kitchen,0.99,6,8.99,-15.5,True,2026-07-24,2026-07,2026-07-20
ORD102649,2026-05-30 23:32:00,W1 - North,Bike,Personal Care,15.57,5,15.48,-2.4,True,2026-05-30,2026-05,2026-05-25
ORD102650,2026-07-19 22:17:00,W3 - South,Van,Personal Care,2.63,4,7.4,-24.6,True,2026-07-19,2026-07,2026-07-13
ORD102651,2026-07-19 17:44:00,W2 - Central,Truck,Apparel,6.69,3,14.45,21.3,False,2026-07-19,2026-07,2026-07-13
ORD102652,2026-07-28 01:21:00,W2 - Central,Truck,Electronics,6.05,5,15.49,7.6,False,2026-07-28,2026-07,2026-07-27
ORD102653,2026-06-03 11:09:00,W1 - North,Van,Home & Kitchen,1.29,5,6.26,-21.4,True,2026-06-03,2026-06,2026-06-01
ORD102654,2026-07-16 05:53:00,W1 - North,Van,Apparel,8.96,4,13.75,-20.7,True,2026-07-16,2026-07,2026-07-13
ORD102655,2026-06-20 05:16:00,W1 - North,Van,Home & Kitchen,4.51,5,8.96,-21.9,True,2026-06-20,2026-06,2026-06-15
ORD102656,2026-05-06 19:56:00,W3 - South,Van,Home & Kitchen,15.26,8,20.0,4.8,False,2026-05-06,2026-05,2026-05-04
ORD102657,2026-05-25 19:30:00,W3 - South,Van,Grocery,6.42,4,12.18,-8.1,True,2026-05-25,2026-05,2026-05-25
ORD102658,2026-06-30 12:31:00,W1 - North,Bike,Grocery,8.99,5,11.63,-18.5,True,2026-06-30,2026-06,2026-06-29
ORD102659,2026-05-15 17:40:00,W2 - Central,Van,Personal Care,4.74,5,10.09,-18.1,True,2026-05-15,2026-05,2026-05-11
ORD102660,2026-06-09 03:06:00,W1 - North,Van,Grocery,8.97,4,11.05,-14.0,True,2026-06-09,2026-06,2026-06-08
ORD102661,2026-07-09 05:19:00,W1 - North,Van,Home & Kitchen,10.04,7,17.99,-22.8,True,2026-07-09,2026-07,2026-07-06
ORD102662,2026-05-14 20:39:00,W2 - Central,Truck,Electronics,4.37,4,11.91,-27.7,True,2026-05-14,2026-05,2026-05-11
ORD102663,2026-06-14 10:49:00,W1 - North,Truck,Grocery,5.13,6,18.04,-24.0,True,2026-06-14,2026-06,2026-06-08
ORD102664,2026-05-20 13:07:00,W1 - North,Van,Grocery,9.86,6,15.29,-6.5,True,2026-05-20,2026-05,2026-05-18
ORD102665,2026-06-18 11:06:00,W2 - Central,Bike,Apparel,3.43,5,8.3,-14.0,True,2026-06-18,2026-06,2026-06-15
ORD102666,2026-05-22 04:51:00,W1 - North,Van,Apparel,5.92,3,9.68,-11.1,True,2026-05-22,2026-05,2026-05-18
ORD102667,2026-07-26 19:50:00,W3 - South,Bike,Grocery,26.3,7,20.36,9.9,False,2026-07-26,2026-07,2026-07-20
ORD102668,2026-05-07 18:11:00,W2 - Central,Bike,Electronics,5.15,5,14.12,-26.9,True,2026-05-07,2026-05,2026-05-04
ORD102669,2026-07-26 16:24:00,W3 - South,Truck,Grocery,16.74,7,32.79,11.5,False,2026-07-26,2026-07,2026-07-20
ORD102670,2026-07-11 08:28:00,W2 - Central,Van,Apparel,3.03,7,12.19,-16.5,True,2026-07-11,2026-07,2026-07-06
ORD102671,2026-07-17 15:26:00,W3 - South,Van,Home & Kitchen,13.35,3,16.78,-16.4,True,2026-07-17,2026-07,2026-07-13
ORD102672,2026-07-16 22:52:00,W1 - North,Truck,Apparel,6.03,4,16.89,-11.2,True,2026-07-16,2026-07,2026-07-13
ORD102673,2026-05-17 15:35:00,W2 - Central,Van,Home & Kitchen,3.93,6,7.54,-12.7,True,2026-05-17,2026-05,2026-05-11
ORD102674,2026-07-23 11:51:00,W2 - Central,Van,Grocery,0.89,6,10.77,-24.4,True,2026-07-23,2026-07,2026-07-20
ORD102675,2026-06-23 06:29:00,W3 - South,Bike,Apparel,4.51,3,7.92,-28.3,True,2026-06-23,2026-06,2026-06-22
ORD102676,2026-07-26 12:32:00,W1 - North,Bike,Electronics,1.02,4,5.97,-24.6,True,2026-07-26,2026-07,2026-07-20
ORD102677,2026-07-19 08:55:00,W2 - Central,Bike,Electronics,16.43,5,15.53,21.4,False,2026-07-19,2026-07,2026-07-13
ORD102678,2026-06-22 14:40:00,W2 - Central,Bike,Electronics,4.7,5,8.91,-25.0,True,2026-06-22,2026-06,2026-06-22
ORD102679,2026-06-03 01:05:00,W1 - North,Bike,Home & Kitchen,6.89,6,8.6,-18.8,True,2026-06-03,2026-06,2026-06-01
ORD102680,2026-05-11 04:33:00,W3 - South,Van,Electronics,18.77,5,18.82,13.1,False,2026-05-11,2026-05,2026-05-11
ORD102681,2026-05-10 18:53:00,W1 - North,Bike,Apparel,8.33,5,13.13,11.0,False,2026-05-10,2026-05,2026-05-04
ORD102682,2026-06-05 09:08:00,W1 - North,Bike,Grocery,5.21,4,8.0,-34.1,True,2026-06-05,2026-06,2026-06-01
ORD102683,2026-07-12 10:23:00,W2 - Central,Truck,Personal Care,3.94,2,9.8,-7.9,True,2026-07-12,2026-07,2026-07-06
ORD102684,2026-06-15 13:03:00,W2 - Central,Van,Apparel,2.1,9,9.88,-17.5,True,2026-06-15,2026-06,2026-06-15
ORD102685,2026-06-13 10:31:00,W1 - North,Van,Personal Care,9.41,5,16.7,-7.0,True,2026-06-13,2026-06,2026-06-08
ORD102686,2026-05-23 18:12:00,W1 - North,Bike,Personal Care,9.64,5,10.27,-12.8,True,2026-05-23,2026-05,2026-05-18
ORD102687,2026-06-20 05:53:00,W1 - North,Van,Grocery,6.96,5,13.38,-4.0,True,2026-06-20,2026-06,2026-06-15
ORD102688,2026-06-27 18:12:00,W2 - Central,Van,Grocery,4.61,4,9.32,-1.7,True,2026-06-27,2026-06,2026-06-22
ORD102689,2026-07-28 05:01:00,W3 - South,Bike,Home & Kitchen,14.56,4,10.82,16.6,False,2026-07-28,2026-07,2026-07-27
ORD102690,2026-07-05 08:53:00,W2 - Central,Van,Electronics,2.06,3,8.4,-25.6,True,2026-07-05,2026-07,2026-06-29
ORD102691,2026-06-24 14:06:00,W1 - North,Van,Personal Care,8.64,3,14.3,-31.9,True,2026-06-24,2026-06,2026-06-22
ORD102692,2026-07-21 21:15:00,W2 - Central,Van,Personal Care,13.62,6,17.66,22.2,False,2026-07-21,2026-07,2026-07-20
ORD102693,2026-06-08 05:34:00,W3 - South,Van,Apparel,6.2,5,11.71,-21.7,True,2026-06-08,2026-06,2026-06-08
ORD102694,2026-07-24 14:05:00,W2 - Central,Bike,Apparel,4.29,6,9.25,-18.2,True,2026-07-24,2026-07,2026-07-20
ORD102695,2026-06-03 01:32:00,W1 - North,Van,Electronics,15.14,5,20.03,-0.5,True,2026-06-03,2026-06,2026-06-01
ORD102696,2026-05-12 01:48:00,W1 - North,Van,Home & Kitchen,6.96,6,15.98,-29.5,True,2026-05-12,2026-05,2026-05-11
ORD102697,2026-06-07 18:25:00,W3 - South,Van,Personal Care,17.63,5,21.0,10.9,False,2026-06-07,2026-06,2026-06-01
ORD102698,2026-05-12 17:15:00,W3 - South,Van,Electronics,13.49,4,16.87,-8.9,True,2026-05-12,2026-05,2026-05-11
ORD102699,2026-05-11 09:02:00,W1 - North,Van,Home & Kitchen,9.51,3,13.12,-4.9,True,2026-05-11,2026-05,2026-05-11
ORD102700,2026-07-19 14:57:00,W3 - South,Van,Grocery,5.92,6,10.72,-6.2,True,2026-07-19,2026-07,2026-07-13
ORD102701,2026-07-11 09:07:00,W1 - North,Van,Apparel,3.85,2,5.39,-10.6,True,2026-07-11,2026-07,2026-07-06
ORD102702,2026-05-20 06:39:00,W1 - North,Van,Home & Kitchen,10.73,3,14.62,-10.5,True,2026-05-20,2026-05,2026-05-18
ORD102703,2026-07-15 10:21:00,W2 - Central,Van,Home & Kitchen,1.55,3,7.41,-7.2,True,2026-07-15,2026-07,2026-07-13
ORD102704,2026-05-07 07:29:00,W2 - Central,Van,Electronics,4.43,5,10.27,-9.4,True,2026-05-07,2026-05,2026-05-04
ORD102705,2026-05-26 19:33:00,W1 - North,Van,Home & Kitchen,9.71,6,15.26,-16.5,True,2026-05-26,2026-05,2026-05-25
ORD102706,2026-07-03 09:52:00,W3 - South,Van,Electronics,8.54,7,13.61,-22.4,True,2026-07-03,2026-07,2026-06-29
ORD102707,2026-05-28 07:42:00,W3 - South,Van,Grocery,9.29,2,12.98,-24.0,True,2026-05-28,2026-05,2026-05-25
ORD102708,2026-07-05 12:52:00,W1 - North,Van,Apparel,12.14,8,18.87,6.8,False,2026-07-05,2026-07,2026-06-29
ORD102709,2026-07-18 18:11:00,W2 - Central,Van,Grocery,12.25,3,16.42,-6.3,True,2026-07-18,2026-07,2026-07-13
ORD102710,2026-05-06 06:34:00,W3 - South,Bike,Home & Kitchen,41.27,6,26.88,47.6,False,2026-05-06,2026-05,2026-05-04
ORD102711,2026-05-03 22:32:00,W2 - Central,Van,Personal Care,11.57,2,15.13,-3.9,True,2026-05-03,2026-05,2026-04-27
ORD102712,2026-07-24 11:07:00,W3 - South,Bike,Grocery,7.26,3,10.67,-32.1,True,2026-07-24,2026-07,2026-07-20
ORD102713,2026-06-16 15:51:00,W2 - Central,Bike,Grocery,2.57,7,9.76,-26.4,True,2026-06-16,2026-06,2026-06-15
ORD102714,2026-06-15 22:58:00,W1 - North,Van,Apparel,4.89,5,11.38,-21.9,True,2026-06-15,2026-06,2026-06-15
ORD102715,2026-06-11 10:21:00,W1 - North,Van,Home & Kitchen,9.82,3,11.04,-7.1,True,2026-06-11,2026-06,2026-06-08
ORD102716,2026-06-09 04:47:00,W3 - South,Van,Grocery,7.92,4,14.21,-24.8,True,2026-06-09,2026-06,2026-06-08
ORD102717,2026-07-02 17:56:00,W3 - South,Van,Grocery,6.11,3,10.04,-41.7,True,2026-07-02,2026-07,2026-06-29
ORD102718,2026-06-22 00:09:00,W1 - North,Van,Grocery,17.63,2,19.8,28.5,False,2026-06-22,2026-06,2026-06-22
ORD102719,2026-05-15 10:59:00,W1 - North,Van,Electronics,5.15,8,10.77,-8.7,True,2026-05-15,2026-05,2026-05-11
ORD102720,2026-06-26 23:31:00,W2 - Central,Bike,Electronics,6.98,11,16.5,3.5,False,2026-06-26,2026-06,2026-06-22
ORD102721,2026-06-30 09:56:00,W1 - North,Van,Electronics,9.14,5,10.56,1.0,False,2026-06-30,2026-06,2026-06-29
ORD102722,2026-05-11 16:25:00,W1 - North,Bike,Electronics,1.22,5,9.3,-27.9,True,2026-05-11,2026-05,2026-05-11
ORD102723,2026-06-03 12:36:00,W3 - South,Bike,Grocery,25.41,6,19.62,14.9,False,2026-06-03,2026-06,2026-06-01
ORD102724,2026-07-11 05:09:00,W3 - South,Van,Home & Kitchen,3.9,2,5.16,-8.8,True,2026-07-11,2026-07,2026-07-06
ORD102725,2026-06-25 07:37:00,W3 - South,Truck,Home & Kitchen,2.82,2,12.07,-17.9,True,2026-06-25,2026-06,2026-06-22
ORD102726,2026-05-13 12:33:00,W2 - Central,Truck,Electronics,3.54,5,12.68,-10.7,True,2026-05-13,2026-05,2026-05-11
ORD102727,2026-05-04 02:30:00,W1 - North,Van,Grocery,3.46,7,7.1,-14.9,True,2026-05-04,2026-05,2026-05-04
ORD102728,2026-06-22 09:57:00,W3 - South,Van,Electronics,22.85,5,25.29,-0.7,True,2026-06-22,2026-06,2026-06-22
ORD102729,2026-06-11 09:57:00,W1 - North,Van,Apparel,8.23,5,14.3,-17.7,True,2026-06-11,2026-06,2026-06-08
ORD102730,2026-07-26 20:02:00,W1 - North,Van,Grocery,4.38,8,14.6,2.1,False,2026-07-26,2026-07,2026-07-20
ORD102731,2026-06-17 02:58:00,W3 - South,Van,Grocery,2.72,5,8.2,-20.6,True,2026-06-17,2026-06,2026-06-15
ORD102732,2026-07-23 20:13:00,W2 - Central,Van,Electronics,6.68,5,8.21,-23.5,True,2026-07-23,2026-07,2026-07-20
ORD102733,2026-05-20 09:51:00,W3 - South,Van,Electronics,8.27,5,15.72,-22.1,True,2026-05-20,2026-05,2026-05-18
ORD102734,2026-06-10 15:37:00,W1 - North,Bike,Apparel,9.76,7,13.01,3.0,False,2026-06-10,2026-06,2026-06-08
ORD102735,2026-05-13 13:21:00,W3 - South,Van,Home & Kitchen,12.4,5,13.69,-5.3,True,2026-05-13,2026-05,2026-05-11
ORD102736,2026-06-21 07:11:00,W2 - Central,Van,Apparel,2.67,2,7.48,-11.7,True,2026-06-21,2026-06,2026-06-15
ORD102737,2026-05-17 22:20:00,W2 - Central,Van,Home & Kitchen,7.96,3,12.74,-0.6,True,2026-05-17,2026-05,2026-05-11
ORD102738,2026-06-14 05:23:00,W3 - South,Bike,Apparel,3.5,2,5.85,-22.5,True,2026-06-14,2026-06,2026-06-08
ORD102739,2026-05-31 00:52:00,W1 - North,Bike,Home & Kitchen,5.34,4,7.15,-19.4,True,2026-05-31,2026-05,2026-05-25
ORD102740,2026-05-17 18:00:00,W2 - Central,Van,Grocery,4.42,4,8.74,-15.9,True,2026-05-17,2026-05,2026-05-11
ORD102741,2026-05-09 14:54:00,W2 - Central,Bike,Grocery,4.88,5,8.29,2.4,False,2026-05-09,2026-05,2026-05-04
ORD102742,2026-06-16 21:22:00,W3 - South,Van,Apparel,3.31,6,10.45,-23.8,True,2026-06-16,2026-06,2026-06-15
ORD102743,2026-07-25 10:59:00,W3 - South,Bike,Electronics,22.11,3,16.82,20.8,False,2026-07-25,2026-07,2026-07-20
ORD102744,2026-05-18 00:24:00,W2 - Central,Bike,Electronics,2.66,3,3.32,-14.6,True,2026-05-18,2026-05,2026-05-18
ORD102745,2026-06-06 00:29:00,W1 - North,Van,Electronics,1.43,3,6.9,-10.2,True,2026-06-06,2026-06,2026-06-01
ORD102746,2026-05-21 10:23:00,W1 - North,Bike,Apparel,8.45,2,9.38,-13.2,True,2026-05-21,2026-05,2026-05-18
ORD102747,2026-07-12 05:59:00,W3 - South,Truck,Electronics,32.56,7,57.77,44.9,False,2026-07-12,2026-07,2026-07-06
ORD102748,2026-06-07 22:07:00,W3 - South,Bike,Grocery,1.81,2,4.94,-23.4,True,2026-06-07,2026-06,2026-06-01
ORD102749,2026-07-27 02:50:00,W3 - South,Van,Grocery,4.47,3,11.23,-34.6,True,2026-07-27,2026-07,2026-07-27
ORD102750,2026-05-23 21:08:00,W1 - North,Bike,Grocery,12.25,8,16.04,-0.4,True,2026-05-23,2026-05,2026-05-18
ORD102751,2026-05-08 05:12:00,W1 - North,Van,Apparel,6.84,7,12.96,-11.1,True,2026-05-08,2026-05,2026-05-04
ORD102752,2026-06-22 02:51:00,W2 - Central,Bike,Grocery,1.71,4,6.58,-14.4,True,2026-06-22,2026-06,2026-06-22
ORD102753,2026-06-28 06:35:00,W2 - Central,Bike,Home & Kitchen,4.39,5,9.71,5.4,False,2026-06-28,2026-06,2026-06-22
ORD102754,2026-07-29 03:27:00,W1 - North,Van,Grocery,18.42,5,24.08,-0.1,True,2026-07-29,2026-07,2026-07-27
ORD102755,2026-07-18 09:37:00,W2 - Central,Van,Electronics,11.84,3,14.14,6.9,False,2026-07-18,2026-07,2026-07-13
ORD102756,2026-07-19 07:55:00,W1 - North,Van,Personal Care,30.82,4,30.52,32.6,False,2026-07-19,2026-07,2026-07-13
ORD102757,2026-06-27 12:41:00,W2 - Central,Van,Apparel,8.21,6,14.49,15.0,False,2026-06-27,2026-06,2026-06-22
ORD102758,2026-06-02 12:53:00,W1 - North,Van,Apparel,4.6,8,10.53,-16.5,True,2026-06-02,2026-06,2026-06-01
ORD102759,2026-06-08 00:01:00,W1 - North,Van,Apparel,12.1,6,14.47,-3.6,True,2026-06-08,2026-06,2026-06-08
ORD102760,2026-05-13 02:59:00,W1 - North,Bike,Apparel,3.87,5,7.08,-24.0,True,2026-05-13,2026-05,2026-05-11
ORD102761,2026-06-08 03:53:00,W3 - South,Van,Personal Care,9.35,6,15.67,-16.5,True,2026-06-08,2026-06,2026-06-08
ORD102762,2026-06-02 04:40:00,W2 - Central,Van,Grocery,2.92,5,11.31,-30.5,True,2026-06-02,2026-06,2026-06-01
ORD102763,2026-05-04 02:14:00,W3 - South,Bike,Personal Care,16.37,7,14.29,-11.7,True,2026-05-04,2026-05,2026-05-04
ORD102764,2026-05-19 07:33:00,W2 - Central,Van,Personal Care,7.7,6,13.46,-6.0,True,2026-05-19,2026-05,2026-05-18
ORD102765,2026-06-18 13:11:00,W1 - North,Van,Home & Kitchen,4.17,7,11.48,-21.0,True,2026-06-18,2026-06,2026-06-15
ORD102766,2026-06-03 07:24:00,W1 - North,Bike,Grocery,13.97,2,10.26,-5.2,True,2026-06-03,2026-06,2026-06-01
ORD102767,2026-07-29 07:53:00,W2 - Central,Truck,Personal Care,12.69,6,25.42,10.4,False,2026-07-29,2026-07,2026-07-27
ORD102768,2026-06-13 11:16:00,W1 - North,Bike,Electronics,4.64,4,8.57,-15.1,True,2026-06-13,2026-06,2026-06-08
ORD102769,2026-07-26 13:09:00,W2 - Central,Van,Apparel,6.77,4,9.86,-7.1,True,2026-07-26,2026-07,2026-07-20
ORD102770,2026-06-29 07:56:00,W3 - South,Van,Apparel,26.39,7,28.98,16.8,False,2026-06-29,2026-06,2026-06-29
ORD102771,2026-05-04 05:19:00,W3 - South,Truck,Grocery,12.72,4,25.06,-7.4,True,2026-05-04,2026-05,2026-05-04
ORD102772,2026-05-19 09:49:00,W1 - North,Bike,Grocery,5.35,5,9.48,-24.3,True,2026-05-19,2026-05,2026-05-18
ORD102773,2026-07-03 00:34:00,W2 - Central,Bike,Apparel,4.81,5,6.48,-4.3,True,2026-07-03,2026-07,2026-06-29
ORD102774,2026-06-19 11:49:00,W1 - North,Bike,Grocery,4.6,5,8.45,-22.4,True,2026-06-19,2026-06,2026-06-15
ORD102775,2026-05-28 22:35:00,W1 - North,Van,Grocery,14.26,4,16.08,-2.4,True,2026-05-28,2026-05,2026-05-25
ORD102776,2026-06-16 09:33:00,W2 - Central,Van,Apparel,9.85,5,13.84,-11.6,True,2026-06-16,2026-06,2026-06-15
ORD102777,2026-07-21 02:35:00,W2 - Central,Bike,Grocery,18.3,6,16.84,22.2,False,2026-07-21,2026-07,2026-07-20
ORD102778,2026-06-04 16:58:00,W2 - Central,Truck,Personal Care,2.84,1,8.34,-7.9,True,2026-06-04,2026-06,2026-06-01
ORD102779,2026-05-05 03:02:00,W1 - North,Van,Apparel,4.38,5,12.72,-35.0,True,2026-05-05,2026-05,2026-05-04
ORD102780,2026-05-28 04:38:00,W3 - South,Bike,Apparel,2.87,7,8.93,-22.3,True,2026-05-28,2026-05,2026-05-25
ORD102781,2026-07-24 03:31:00,W3 - South,Van,Grocery,14.81,6,21.14,-5.0,True,2026-07-24,2026-07,2026-07-20
ORD102782,2026-07-08 21:12:00,W2 - Central,Truck,Home & Kitchen,1.99,6,11.34,-15.9,True,2026-07-08,2026-07,2026-07-06
ORD102783,2026-07-15 23:33:00,W3 - South,Van,Electronics,35.42,6,37.19,39.2,False,2026-07-15,2026-07,2026-07-13
ORD102784,2026-07-22 13:40:00,W1 - North,Bike,Personal Care,3.46,8,7.94,-42.1,True,2026-07-22,2026-07,2026-07-20
ORD102785,2026-05-11 14:49:00,W2 - Central,Van,Apparel,0.84,2,5.26,-17.0,True,2026-05-11,2026-05,2026-05-11
ORD102786,2026-05-26 15:29:00,W3 - South,Bike,Apparel,3.86,5,7.5,-15.7,True,2026-05-26,2026-05,2026-05-25
ORD102787,2026-05-06 14:38:00,W3 - South,Bike,Personal Care,12.45,3,10.26,0.1,False,2026-05-06,2026-05,2026-05-04
ORD102788,2026-05-01 13:03:00,W3 - South,Van,Grocery,9.52,8,16.63,-21.0,True,2026-05-01,2026-05,2026-04-27
ORD102789,2026-07-15 23:40:00,W2 - Central,Bike,Home & Kitchen,2.55,6,6.12,-17.6,True,2026-07-15,2026-07,2026-07-13
ORD102790,2026-07-24 17:35:00,W3 - South,Truck,Apparel,9.18,3,18.03,-22.0,True,2026-07-24,2026-07,2026-07-20
ORD102791,2026-05-15 02:07:00,W2 - Central,Truck,Apparel,3.18,6,10.45,-33.4,True,2026-05-15,2026-05,2026-05-11
ORD102792,2026-07-04 09:24:00,W1 - North,Van,Electronics,9.71,3,13.17,-12.7,True,2026-07-04,2026-07,2026-06-29
ORD102793,2026-06-18 23:23:00,W1 - North,Bike,Personal Care,2.75,5,6.63,-35.5,True,2026-06-18,2026-06,2026-06-15
ORD102794,2026-05-07 09:41:00,W3 - South,Bike,Electronics,11.23,4,10.1,-9.4,True,2026-05-07,2026-05,2026-05-04
ORD102795,2026-07-22 04:53:00,W2 - Central,Bike,Electronics,5.79,9,11.81,-23.5,True,2026-07-22,2026-07,2026-07-20
ORD102796,2026-07-18 20:50:00,W2 - Central,Van,Grocery,4.87,7,11.17,-14.0,True,2026-07-18,2026-07,2026-07-13
ORD102797,2026-06-21 14:57:00,W3 - South,Bike,Personal Care,13.39,5,12.77,-5.2,True,2026-06-21,2026-06,2026-06-15
ORD102798,2026-07-03 13:30:00,W2 - Central,Van,Grocery,4.55,5,8.7,-7.4,True,2026-07-03,2026-07,2026-06-29
ORD102799,2026-06-05 10:04:00,W1 - North,Van,Apparel,10.83,5,14.46,14.6,False,2026-06-05,2026-06,2026-06-01
ORD102800,2026-07-11 02:59:00,W1 - North,Van,Apparel,6.49,9,17.48,-5.7,True,2026-07-11,2026-07,2026-07-06
ORD102801,2026-06-10 09:12:00,W2 - Central,Van,Personal Care,11.0,3,13.61,-13.0,True,2026-06-10,2026-06,2026-06-08
ORD102802,2026-07-29 10:29:00,W2 - Central,Van,Grocery,5.6,4,7.5,-19.3,True,2026-07-29,2026-07,2026-07-27
ORD102803,2026-05-06 22:20:00,W2 - Central,Van,Grocery,10.55,4,15.38,2.2,False,2026-05-06,2026-05,2026-05-04
ORD102804,2026-05-16 07:22:00,W2 - Central,Bike,Home & Kitchen,3.23,3,5.75,-23.6,True,2026-05-16,2026-05,2026-05-11
ORD102805,2026-07-27 03:34:00,W2 - Central,Van,Grocery,2.27,4,8.2,-9.6,True,2026-07-27,2026-07,2026-07-27
ORD102806,2026-05-26 10:15:00,W2 - Central,Van,Personal Care,8.08,6,13.84,-4.4,True,2026-05-26,2026-05,2026-05-25
ORD102807,2026-05-28 23:55:00,W3 - South,Bike,Apparel,9.87,4,11.34,-16.2,True,2026-05-28,2026-05,2026-05-25
ORD102808,2026-07-11 11:34:00,W1 - North,Truck,Apparel,0.75,5,7.5,-37.7,True,2026-07-11,2026-07,2026-07-06
ORD102809,2026-05-18 09:05:00,W2 - Central,Truck,Electronics,2.79,8,12.24,-7.0,True,2026-05-18,2026-05,2026-05-18
ORD102810,2026-06-16 16:00:00,W2 - Central,Bike,Grocery,6.25,5,11.14,-18.0,True,2026-06-16,2026-06,2026-06-15
ORD102811,2026-05-26 15:34:00,W1 - North,Truck,Apparel,6.17,4,12.01,-18.7,True,2026-05-26,2026-05,2026-05-25
ORD102812,2026-05-18 07:10:00,W2 - Central,Bike,Apparel,2.7,7,6.97,-17.7,True,2026-05-18,2026-05,2026-05-18
ORD102813,2026-07-26 23:13:00,W2 - Central,Truck,Grocery,4.9,3,11.56,-22.5,True,2026-07-26,2026-07,2026-07-20
ORD102814,2026-05-18 14:13:00,W2 - Central,Truck,Grocery,5.5,4,11.77,-15.4,True,2026-05-18,2026-05,2026-05-18
ORD102815,2026-05-09 01:22:00,W3 - South,Van,Apparel,2.16,5,7.62,-32.8,True,2026-05-09,2026-05,2026-05-04
ORD102816,2026-06-30 09:46:00,W1 - North,Truck,Personal Care,13.82,2,24.98,-13.0,True,2026-06-30,2026-06,2026-06-29
ORD102817,2026-07-18 22:08:00,W1 - North,Bike,Electronics,15.89,2,13.59,7.7,False,2026-07-18,2026-07,2026-07-13
ORD102818,2026-05-12 09:26:00,W1 - North,Bike,Home & Kitchen,3.71,3,6.9,-19.2,True,2026-05-12,2026-05,2026-05-11
ORD102819,2026-07-03 13:37:00,W1 - North,Truck,Home & Kitchen,21.24,4,38.07,8.4,False,2026-07-03,2026-07,2026-06-29
ORD102820,2026-06-18 14:42:00,W2 - Central,Van,Home & Kitchen,4.66,4,9.29,-22.9,True,2026-06-18,2026-06,2026-06-15
ORD102821,2026-07-14 16:54:00,W3 - South,Van,Grocery,6.09,7,11.29,-25.7,True,2026-07-14,2026-07,2026-07-13
ORD102822,2026-05-12 20:56:00,W2 - Central,Bike,Grocery,2.97,7,10.42,-21.7,True,2026-05-12,2026-05,2026-05-11
ORD102823,2026-07-27 03:34:00,W1 - North,Bike,Grocery,20.34,7,19.02,-10.0,True,2026-07-27,2026-07,2026-07-27
ORD102824,2026-06-25 12:24:00,W1 - North,Truck,Grocery,2.8,2,7.16,-27.4,True,2026-06-25,2026-06,2026-06-22
ORD102825,2026-07-15 12:48:00,W1 - North,Truck,Personal Care,7.44,4,19.71,-32.7,True,2026-07-15,2026-07,2026-07-13
ORD102826,2026-06-02 03:39:00,W2 - Central,Bike,Personal Care,6.07,5,8.33,-10.8,True,2026-06-02,2026-06,2026-06-01
ORD102827,2026-07-24 16:09:00,W1 - North,Truck,Home & Kitchen,10.83,4,21.34,-24.4,True,2026-07-24,2026-07,2026-07-20
ORD102828,2026-06-26 02:50:00,W2 - Central,Van,Grocery,5.27,6,12.28,-23.1,True,2026-06-26,2026-06,2026-06-22
ORD102829,2026-05-12 10:56:00,W3 - South,Truck,Apparel,29.11,8,53.68,30.7,False,2026-05-12,2026-05,2026-05-11
ORD102830,2026-07-23 07:55:00,W2 - Central,Van,Grocery,16.33,4,19.67,7.4,False,2026-07-23,2026-07,2026-07-20
ORD102831,2026-07-11 03:43:00,W1 - North,Bike,Electronics,16.62,6,14.35,-8.6,True,2026-07-11,2026-07,2026-07-06
ORD102832,2026-05-28 19:44:00,W1 - North,Van,Apparel,8.65,8,17.41,-17.2,True,2026-05-28,2026-05,2026-05-25
ORD102833,2026-06-19 05:51:00,W2 - Central,Bike,Personal Care,9.26,6,10.5,-2.2,True,2026-06-19,2026-06,2026-06-15
ORD102834,2026-06-04 06:07:00,W2 - Central,Van,Grocery,3.96,11,13.37,-16.2,True,2026-06-04,2026-06,2026-06-01
ORD102835,2026-06-18 20:30:00,W1 - North,Van,Electronics,14.15,7,22.27,-5.6,True,2026-06-18,2026-06,2026-06-15
ORD102836,2026-07-26 21:03:00,W3 - South,Bike,Home & Kitchen,6.37,3,6.27,-13.3,True,2026-07-26,2026-07,2026-07-20
ORD102837,2026-07-20 00:49:00,W2 - Central,Bike,Apparel,2.41,8,8.74,-15.6,True,2026-07-20,2026-07,2026-07-20
ORD102838,2026-05-20 06:40:00,W2 - Central,Van,Grocery,2.35,7,11.24,-25.9,True,2026-05-20,2026-05,2026-05-18
ORD102839,2026-07-27 17:00:00,W1 - North,Bike,Electronics,9.88,6,12.51,-11.2,True,2026-07-27,2026-07,2026-07-27
ORD102840,2026-06-09 18:40:00,W1 - North,Van,Home & Kitchen,17.9,8,24.86,2.8,False,2026-06-09,2026-06,2026-06-08
ORD102841,2026-07-03 23:59:00,W1 - North,Van,Grocery,18.82,4,19.91,19.5,False,2026-07-03,2026-07,2026-06-29
ORD102842,2026-07-08 13:18:00,W1 - North,Van,Home & Kitchen,0.82,5,7.68,-30.4,True,2026-07-08,2026-07,2026-07-06
ORD102843,2026-06-13 00:10:00,W2 - Central,Bike,Apparel,9.64,5,10.58,3.5,False,2026-06-13,2026-06,2026-06-08
ORD102844,2026-06-11 20:58:00,W2 - Central,Bike,Grocery,2.28,6,11.57,-15.5,True,2026-06-11,2026-06,2026-06-08
ORD102845,2026-06-11 03:51:00,W3 - South,Bike,Grocery,40.87,7,28.02,43.4,False,2026-06-11,2026-06,2026-06-08
ORD102846,2026-07-17 02:53:00,W3 - South,Bike,Apparel,3.37,6,8.64,-32.3,True,2026-07-17,2026-07,2026-07-13
ORD102847,2026-06-04 16:10:00,W1 - North,Bike,Apparel,1.47,5,7.62,-24.1,True,2026-06-04,2026-06,2026-06-01
ORD102848,2026-05-26 14:29:00,W1 - North,Bike,Grocery,13.03,8,14.47,0.4,False,2026-05-26,2026-05,2026-05-25
ORD102849,2026-06-02 01:26:00,W3 - South,Truck,Apparel,7.57,4,18.52,-0.7,True,2026-06-02,2026-06,2026-06-01
ORD102850,2026-05-18 04:03:00,W3 - South,Van,Apparel,7.23,6,11.96,-11.8,True,2026-05-18,2026-05,2026-05-18
ORD102851,2026-06-05 14:09:00,W3 - South,Van,Home & Kitchen,5.49,3,12.02,-17.3,True,2026-06-05,2026-06,2026-06-01
ORD102852,2026-05-11 06:07:00,W1 - North,Van,Home & Kitchen,4.18,6,8.67,-15.8,True,2026-05-11,2026-05,2026-05-11
ORD102853,2026-05-09 16:24:00,W1 - North,Bike,Grocery,13.41,6,13.68,-3.9,True,2026-05-09,2026-05,2026-05-04
ORD102854,2026-07-05 09:52:00,W1 - North,Van,Personal Care,3.13,4,7.32,-30.2,True,2026-07-05,2026-07,2026-06-29
ORD102855,2026-05-07 14:06:00,W3 - South,Van,Grocery,9.05,3,13.06,-26.4,True,2026-05-07,2026-05,2026-05-04
ORD102856,2026-06-21 11:23:00,W2 - Central,Truck,Electronics,2.14,6,11.86,-4.9,True,2026-06-21,2026-06,2026-06-15
ORD102857,2026-07-10 08:45:00,W2 - Central,Truck,Apparel,5.43,8,14.04,2.5,False,2026-07-10,2026-07,2026-07-06
ORD102858,2026-07-05 08:13:00,W2 - Central,Van,Apparel,3.57,4,8.68,-3.4,True,2026-07-05,2026-07,2026-06-29
ORD102859,2026-06-10 16:44:00,W1 - North,Van,Grocery,9.31,3,11.05,-16.4,True,2026-06-10,2026-06,2026-06-08
ORD102860,2026-05-18 12:20:00,W2 - Central,Van,Home & Kitchen,7.62,8,14.36,9.0,False,2026-05-18,2026-05,2026-05-18
ORD102861,2026-07-23 14:15:00,W1 - North,Van,Personal Care,18.09,5,19.72,-0.6,True,2026-07-23,2026-07,2026-07-20
ORD102862,2026-07-15 13:51:00,W2 - Central,Truck,Home & Kitchen,19.6,5,36.72,3.9,False,2026-07-15,2026-07,2026-07-13
ORD102863,2026-06-25 04:58:00,W2 - Central,Bike,Electronics,2.98,7,8.45,-13.5,True,2026-06-25,2026-06,2026-06-22
ORD102864,2026-05-08 21:55:00,W2 - Central,Van,Home & Kitchen,8.22,7,15.81,5.9,False,2026-05-08,2026-05,2026-05-04
ORD102865,2026-05-04 13:30:00,W1 - North,Van,Apparel,4.69,8,14.13,-27.3,True,2026-05-04,2026-05,2026-05-04
ORD102866,2026-05-29 17:14:00,W3 - South,Van,Electronics,14.93,7,20.41,-18.4,True,2026-05-29,2026-05,2026-05-25
ORD102867,2026-05-15 21:09:00,W2 - Central,Van,Apparel,7.25,6,14.6,-8.1,True,2026-05-15,2026-05,2026-05-11
ORD102868,2026-07-17 22:11:00,W1 - North,Van,Apparel,9.46,7,17.81,-4.5,True,2026-07-17,2026-07,2026-07-13
ORD102869,2026-05-19 16:00:00,W1 - North,Bike,Apparel,11.54,4,9.91,-36.6,True,2026-05-19,2026-05,2026-05-18
ORD102870,2026-05-26 18:53:00,W2 - Central,Van,Home & Kitchen,5.68,5,13.48,-3.4,True,2026-05-26,2026-05,2026-05-25
ORD102871,2026-07-27 11:19:00,W1 - North,Truck,Grocery,5.06,4,13.59,-34.5,True,2026-07-27,2026-07,2026-07-27
ORD102872,2026-07-13 17:42:00,W1 - North,Van,Personal Care,7.3,5,11.24,-10.6,True,2026-07-13,2026-07,2026-07-13
ORD102873,2026-05-20 07:43:00,W1 - North,Bike,Apparel,24.89,4,17.98,-2.5,True,2026-05-20,2026-05,2026-05-18
ORD102874,2026-06-04 17:04:00,W1 - North,Van,Home & Kitchen,4.34,1,7.68,-39.2,True,2026-06-04,2026-06,2026-06-01
ORD102875,2026-06-16 02:03:00,W2 - Central,Van,Grocery,4.03,4,7.21,-10.6,True,2026-06-16,2026-06,2026-06-15
ORD102876,2026-06-29 21:56:00,W2 - Central,Truck,Personal Care,2.8,5,9.13,-6.7,True,2026-06-29,2026-06,2026-06-29
ORD102877,2026-07-24 05:52:00,W1 - North,Bike,Grocery,1.2,6,10.12,-28.0,True,2026-07-24,2026-07,2026-07-20
ORD102878,2026-07-18 15:45:00,W2 - Central,Van,Home & Kitchen,4.83,4,10.43,13.9,False,2026-07-18,2026-07,2026-07-13
ORD102879,2026-07-27 00:16:00,W1 - North,Van,Personal Care,10.42,8,19.38,-18.0,True,2026-07-27,2026-07,2026-07-27
ORD102880,2026-05-04 03:44:00,W1 - North,Bike,Grocery,3.25,9,9.79,-30.9,True,2026-05-04,2026-05,2026-05-04
ORD102881,2026-05-22 23:40:00,W1 - North,Truck,Electronics,16.31,3,29.05,-4.3,True,2026-05-22,2026-05,2026-05-18
ORD102882,2026-06-20 20:00:00,W3 - South,Bike,Electronics,13.67,3,9.16,-4.8,True,2026-06-20,2026-06,2026-06-15
ORD102883,2026-05-05 05:20:00,W3 - South,Van,Personal Care,20.23,13,29.95,14.4,False,2026-05-05,2026-05,2026-05-04
ORD102884,2026-06-01 03:08:00,W2 - Central,Van,Personal Care,6.39,5,12.55,-17.5,True,2026-06-01,2026-06,2026-06-01
ORD102885,2026-05-14 19:33:00,W1 - North,Van,Home & Kitchen,6.01,4,10.4,-15.3,True,2026-05-14,2026-05,2026-05-11
ORD102886,2026-07-23 23:45:00,W1 - North,Van,Grocery,5.15,5,9.69,-16.3,True,2026-07-23,2026-07,2026-07-20
ORD102887,2026-05-06 04:02:00,W1 - North,Bike,Apparel,8.27,2,10.26,-3.2,True,2026-05-06,2026-05,2026-05-04
ORD102888,2026-05-14 15:56:00,W3 - South,Bike,Grocery,13.2,1,10.01,-15.5,True,2026-05-14,2026-05,2026-05-11
ORD102889,2026-05-18 06:48:00,W1 - North,Van,Home & Kitchen,4.59,2,8.35,-21.6,True,2026-05-18,2026-05,2026-05-18
ORD102890,2026-05-14 17:51:00,W3 - South,Bike,Apparel,8.85,4,9.14,-11.5,True,2026-05-14,2026-05,2026-05-11
ORD102891,2026-06-21 10:02:00,W2 - Central,Bike,Home & Kitchen,16.4,8,15.36,17.5,False,2026-06-21,2026-06,2026-06-15
ORD102892,2026-06-02 03:00:00,W2 - Central,Bike,Home & Kitchen,5.55,9,12.32,-11.2,True,2026-06-02,2026-06,2026-06-01
ORD102893,2026-07-22 07:47:00,W3 - South,Van,Personal Care,11.91,6,15.1,-28.1,True,2026-07-22,2026-07,2026-07-20
ORD102894,2026-05-24 12:55:00,W1 - North,Van,Personal Care,18.54,4,21.78,11.2,False,2026-05-24,2026-05,2026-05-18
ORD102895,2026-06-18 19:09:00,W3 - South,Van,Apparel,13.32,5,19.26,-2.3,True,2026-06-18,2026-06,2026-06-15
ORD102896,2026-06-29 00:30:00,W1 - North,Van,Apparel,6.74,3,10.9,-20.3,True,2026-06-29,2026-06,2026-06-29
ORD102897,2026-06-26 22:59:00,W3 - South,Van,Apparel,19.85,4,24.36,-3.1,True,2026-06-26,2026-06,2026-06-22
ORD102898,2026-07-11 15:35:00,W2 - Central,Van,Electronics,8.49,9,18.12,-11.8,True,2026-07-11,2026-07,2026-07-06
ORD102899,2026-05-19 21:00:00,W1 - North,Van,Home & Kitchen,8.08,7,15.93,-10.0,True,2026-05-19,2026-05,2026-05-18
ORD102900,2026-06-15 22:19:00,W3 - South,Van,Home & Kitchen,12.86,4,16.03,-9.1,True,2026-06-15,2026-06,2026-06-15
ORD102901,2026-07-12 03:41:00,W1 - North,Truck,Electronics,5.49,3,13.65,-2.7,True,2026-07-12,2026-07,2026-07-06
ORD102902,2026-07-17 02:14:00,W1 - North,Bike,Personal Care,2.68,5,8.27,-39.0,True,2026-07-17,2026-07,2026-07-13
ORD102903,2026-06-25 18:38:00,W3 - South,Van,Grocery,15.36,5,18.85,-8.1,True,2026-06-25,2026-06,2026-06-22
ORD102904,2026-06-28 04:30:00,W2 - Central,Truck,Apparel,1.37,5,7.84,-25.3,True,2026-06-28,2026-06,2026-06-22
ORD102905,2026-07-17 03:33:00,W3 - South,Van,Grocery,4.18,3,8.0,-17.4,True,2026-07-17,2026-07,2026-07-13
ORD102906,2026-06-26 11:14:00,W2 - Central,Van,Apparel,4.38,5,14.04,-3.5,True,2026-06-26,2026-06,2026-06-22
ORD102907,2026-07-25 21:55:00,W2 - Central,Bike,Grocery,4.06,6,8.59,9.8,False,2026-07-25,2026-07,2026-07-20
ORD102908,2026-05-12 19:05:00,W1 - North,Van,Home & Kitchen,10.99,7,18.65,-3.8,True,2026-05-12,2026-05,2026-05-11
ORD102909,2026-06-01 12:25:00,W1 - North,Van,Electronics,12.94,5,16.2,0.7,False,2026-06-01,2026-06,2026-06-01
ORD102910,2026-05-11 04:42:00,W3 - South,Van,Home & Kitchen,35.79,4,38.87,38.1,False,2026-05-11,2026-05,2026-05-11
ORD102911,2026-05-09 08:04:00,W1 - North,Van,Personal Care,1.57,5,7.26,-15.9,True,2026-05-09,2026-05,2026-05-04
ORD102912,2026-06-12 16:31:00,W2 - Central,Bike,Grocery,7.07,7,11.08,-7.5,True,2026-06-12,2026-06,2026-06-08
ORD102913,2026-05-21 03:46:00,W1 - North,Van,Grocery,9.16,6,12.14,-7.2,True,2026-05-21,2026-05,2026-05-18
ORD102914,2026-06-06 12:35:00,W1 - North,Van,Grocery,8.39,1,12.91,8.0,False,2026-06-06,2026-06,2026-06-01
ORD102915,2026-06-09 00:17:00,W2 - Central,Van,Grocery,7.68,5,15.02,-6.4,True,2026-06-09,2026-06,2026-06-08
ORD102916,2026-06-25 07:48:00,W3 - South,Van,Personal Care,17.58,6,20.26,1.4,False,2026-06-25,2026-06,2026-06-22
ORD102917,2026-07-25 05:57:00,W3 - South,Van,Electronics,24.97,4,28.88,22.4,False,2026-07-25,2026-07,2026-07-20
ORD102918,2026-07-16 16:20:00,W3 - South,Truck,Electronics,12.85,7,25.35,-8.3,True,2026-07-16,2026-07,2026-07-13
ORD102919,2026-06-04 21:56:00,W1 - North,Bike,Grocery,19.95,2,14.98,6.7,False,2026-06-04,2026-06,2026-06-01
ORD102920,2026-05-30 03:30:00,W2 - Central,Van,Personal Care,6.46,3,10.36,-7.0,True,2026-05-30,2026-05,2026-05-25
ORD102921,2026-07-09 19:08:00,W1 - North,Bike,Home & Kitchen,4.87,7,11.98,-9.9,True,2026-07-09,2026-07,2026-07-06
ORD102922,2026-05-12 15:44:00,W2 - Central,Van,Personal Care,6.06,1,9.62,-5.3,True,2026-05-12,2026-05,2026-05-11
ORD102923,2026-06-18 23:16:00,W1 - North,Van,Grocery,3.49,7,12.06,-3.3,True,2026-06-18,2026-06,2026-06-15
ORD102924,2026-06-08 21:52:00,W2 - Central,Van,Electronics,2.73,9,13.08,-14.8,True,2026-06-08,2026-06,2026-06-08
ORD102925,2026-05-17 02:25:00,W1 - North,Van,Personal Care,6.21,4,10.75,-10.4,True,2026-05-17,2026-05,2026-05-11
ORD102926,2026-06-25 17:50:00,W3 - South,Bike,Grocery,8.37,1,7.97,-18.1,True,2026-06-25,2026-06,2026-06-22
ORD102927,2026-05-29 14:12:00,W3 - South,Truck,Home & Kitchen,24.52,3,41.15,13.8,False,2026-05-29,2026-05,2026-05-25
ORD102928,2026-05-17 02:42:00,W3 - South,Van,Grocery,9.24,5,13.9,1.7,False,2026-05-17,2026-05,2026-05-11
ORD102929,2026-06-28 06:10:00,W1 - North,Van,Apparel,3.09,8,13.81,-30.4,True,2026-06-28,2026-06,2026-06-22
ORD102930,2026-05-16 22:14:00,W3 - South,Bike,Home & Kitchen,10.57,6,13.18,-1.0,True,2026-05-16,2026-05,2026-05-11
ORD102931,2026-06-30 13:01:00,W1 - North,Van,Apparel,8.55,2,10.4,0.8,False,2026-06-30,2026-06,2026-06-29
ORD102932,2026-05-15 08:07:00,W1 - North,Van,Home & Kitchen,7.6,4,14.8,-5.1,True,2026-05-15,2026-05,2026-05-11
ORD102933,2026-06-09 07:41:00,W1 - North,Truck,Grocery,2.96,4,11.01,-14.9,True,2026-06-09,2026-06,2026-06-08
ORD102934,2026-07-12 20:06:00,W1 - North,Bike,Electronics,17.5,6,16.53,17.6,False,2026-07-12,2026-07,2026-07-06
ORD102935,2026-05-21 06:48:00,W2 - Central,Truck,Electronics,1.05,5,8.84,-26.4,True,2026-05-21,2026-05,2026-05-18
ORD102936,2026-07-09 03:48:00,W1 - North,Van,Electronics,7.51,4,12.92,-24.3,True,2026-07-09,2026-07,2026-07-06
ORD102937,2026-07-04 13:46:00,W1 - North,Van,Home & Kitchen,2.88,3,4.75,-26.8,True,2026-07-04,2026-07,2026-06-29
ORD102938,2026-07-21 23:49:00,W2 - Central,Van,Apparel,10.31,6,17.52,-12.9,True,2026-07-21,2026-07,2026-07-20
ORD102939,2026-05-16 04:23:00,W3 - South,Truck,Home & Kitchen,14.18,3,23.62,7.9,False,2026-05-16,2026-05,2026-05-11
ORD102940,2026-07-04 06:07:00,W2 - Central,Van,Home & Kitchen,6.41,6,14.07,10.2,False,2026-07-04,2026-07,2026-06-29
ORD102941,2026-07-24 11:15:00,W2 - Central,Van,Electronics,4.36,1,7.96,-14.0,True,2026-07-24,2026-07,2026-07-20
ORD102942,2026-07-08 04:47:00,W1 - North,Van,Grocery,16.52,1,19.4,4.4,False,2026-07-08,2026-07,2026-07-06
ORD102943,2026-05-17 15:37:00,W3 - South,Bike,Grocery,8.71,4,10.21,-7.6,True,2026-05-17,2026-05,2026-05-11
ORD102944,2026-07-13 06:05:00,W1 - North,Bike,Grocery,21.09,6,18.52,15.0,False,2026-07-13,2026-07,2026-07-13
ORD102945,2026-05-10 03:04:00,W1 - North,Bike,Electronics,3.55,4,7.58,-37.1,True,2026-05-10,2026-05,2026-05-04
ORD102946,2026-06-22 06:16:00,W1 - North,Van,Grocery,7.08,3,11.74,-16.3,True,2026-06-22,2026-06,2026-06-22
ORD102947,2026-06-14 22:20:00,W2 - Central,Bike,Home & Kitchen,8.63,5,11.14,-3.4,True,2026-06-14,2026-06,2026-06-08
ORD102948,2026-06-17 22:26:00,W1 - North,Van,Grocery,9.9,4,17.14,-13.3,True,2026-06-17,2026-06,2026-06-15
ORD102949,2026-06-16 12:08:00,W2 - Central,Van,Electronics,5.02,3,10.46,-13.0,True,2026-06-16,2026-06,2026-06-15
ORD102950,2026-05-03 09:36:00,W1 - North,Van,Grocery,1.59,2,4.08,-29.8,True,2026-05-03,2026-05,2026-04-27
ORD102951,2026-06-15 19:40:00,W2 - Central,Van,Personal Care,5.91,4,10.08,-22.3,True,2026-06-15,2026-06,2026-06-15
ORD102952,2026-07-24 04:39:00,W2 - Central,Van,Personal Care,3.97,3,9.57,-23.8,True,2026-07-24,2026-07,2026-07-20
ORD102953,2026-06-09 15:41:00,W1 - North,Truck,Personal Care,4.37,7,16.28,-34.1,True,2026-06-09,2026-06,2026-06-08
ORD102954,2026-05-25 16:19:00,W2 - Central,Van,Electronics,8.97,7,14.24,-14.8,True,2026-05-25,2026-05,2026-05-25
ORD102955,2026-07-29 17:02:00,W2 - Central,Van,Home & Kitchen,0.96,4,10.07,-31.1,True,2026-07-29,2026-07,2026-07-27
ORD102956,2026-05-09 05:13:00,W2 - Central,Bike,Apparel,5.15,4,8.57,-19.9,True,2026-05-09,2026-05,2026-05-04
ORD102957,2026-06-13 17:11:00,W1 - North,Bike,Home & Kitchen,0.5,6,7.96,-17.5,True,2026-06-13,2026-06,2026-06-08
ORD102958,2026-06-16 14:41:00,W2 - Central,Van,Grocery,7.47,3,9.77,-18.5,True,2026-06-16,2026-06,2026-06-15
ORD102959,2026-06-13 21:00:00,W1 - North,Bike,Grocery,12.05,5,13.8,-17.9,True,2026-06-13,2026-06,2026-06-08
ORD102960,2026-07-22 04:11:00,W1 - North,Van,Personal Care,7.8,6,13.06,-19.0,True,2026-07-22,2026-07,2026-07-20
ORD102961,2026-06-07 14:43:00,W1 - North,Van,Personal Care,4.92,6,10.16,-23.9,True,2026-06-07,2026-06,2026-06-01
ORD102962,2026-07-27 19:54:00,W2 - Central,Bike,Apparel,12.27,2,9.96,11.0,False,2026-07-27,2026-07,2026-07-27
ORD102963,2026-05-07 06:40:00,W1 - North,Bike,Personal Care,17.08,6,17.16,3.5,False,2026-05-07,2026-05,2026-05-04
ORD102964,2026-07-06 17:51:00,W2 - Central,Van,Personal Care,6.65,4,12.25,-24.4,True,2026-07-06,2026-07,2026-07-06
ORD102965,2026-06-23 02:23:00,W1 - North,Van,Grocery,18.75,8,22.91,12.2,False,2026-06-23,2026-06,2026-06-22
ORD102966,2026-05-22 17:14:00,W3 - South,Van,Apparel,5.32,5,10.23,-22.1,True,2026-05-22,2026-05,2026-05-18
ORD102967,2026-05-21 14:33:00,W1 - North,Van,Apparel,6.39,6,14.64,-20.2,True,2026-05-21,2026-05,2026-05-18
ORD102968,2026-07-04 04:37:00,W2 - Central,Truck,Home & Kitchen,0.54,4,6.37,-1.6,True,2026-07-04,2026-07,2026-06-29
ORD102969,2026-06-27 01:35:00,W3 - South,Van,Electronics,4.05,1,8.39,-30.3,True,2026-06-27,2026-06,2026-06-22
ORD102970,2026-06-25 17:53:00,W1 - North,Truck,Apparel,2.5,2,9.73,-19.3,True,2026-06-25,2026-06,2026-06-22
ORD102971,2026-05-05 05:47:00,W1 - North,Van,Electronics,9.91,4,9.2,-16.6,True,2026-05-05,2026-05,2026-05-04
ORD102972,2026-06-23 11:56:00,W2 - Central,Bike,Home & Kitchen,2.15,5,9.4,-19.1,True,2026-06-23,2026-06,2026-06-22
ORD102973,2026-07-28 01:27:00,W3 - South,Van,Home & Kitchen,1.79,4,6.14,-37.1,True,2026-07-28,2026-07,2026-07-27
ORD102974,2026-05-02 23:07:00,W3 - South,Van,Electronics,6.16,3,10.0,-22.1,True,2026-05-02,2026-05,2026-04-27
ORD102975,2026-06-12 13:10:00,W1 - North,Van,Personal Care,4.53,5,12.66,-26.3,True,2026-06-12,2026-06,2026-06-08
ORD102976,2026-06-14 22:21:00,W2 - Central,Van,Electronics,1.69,5,10.11,-29.9,True,2026-06-14,2026-06,2026-06-08
ORD102977,2026-07-20 03:50:00,W1 - North,Truck,Apparel,7.38,8,20.33,-11.5,True,2026-07-20,2026-07,2026-07-20
ORD102978,2026-05-26 04:56:00,W1 - North,Bike,Home & Kitchen,8.36,8,13.3,-11.7,True,2026-05-26,2026-05,2026-05-25
ORD102979,2026-06-12 14:38:00,W2 - Central,Bike,Home & Kitchen,1.33,1,6.19,-37.2,True,2026-06-12,2026-06,2026-06-08
ORD102980,2026-07-04 14:30:00,W2 - Central,Van,Apparel,8.23,3,14.44,4.0,False,2026-07-04,2026-07,2026-06-29
ORD102981,2026-05-06 18:58:00,W2 - Central,Bike,Grocery,2.51,10,13.01,-1.1,True,2026-05-06,2026-05,2026-05-04
ORD102982,2026-07-12 22:16:00,W3 - South,Bike,Apparel,6.71,6,10.4,-18.4,True,2026-07-12,2026-07,2026-07-06
ORD102983,2026-07-13 19:43:00,W1 - North,Bike,Apparel,9.51,6,10.44,-19.2,True,2026-07-13,2026-07,2026-07-13
ORD102984,2026-07-04 03:21:00,W2 - Central,Bike,Home & Kitchen,3.38,10,10.7,4.4,False,2026-07-04,2026-07,2026-06-29
ORD102985,2026-06-28 07:25:00,W1 - North,Bike,Electronics,2.74,2,6.17,-17.6,True,2026-06-28,2026-06,2026-06-22
ORD102986,2026-07-07 21:55:00,W1 - North,Van,Personal Care,7.07,4,11.83,-19.6,True,2026-07-07,2026-07,2026-07-06
ORD102987,2026-07-10 13:10:00,W1 - North,Truck,Home & Kitchen,13.85,4,25.57,1.8,False,2026-07-10,2026-07,2026-07-06
ORD102988,2026-07-21 20:48:00,W3 - South,Van,Electronics,19.13,2,21.61,3.4,False,2026-07-21,2026-07,2026-07-20
ORD102989,2026-06-08 13:30:00,W2 - Central,Van,Grocery,3.13,4,6.21,-5.0,True,2026-06-08,2026-06,2026-06-08
ORD102990,2026-06-11 01:11:00,W1 - North,Truck,Grocery,3.15,3,10.24,-26.8,True,2026-06-11,2026-06,2026-06-08
ORD102991,2026-06-27 11:20:00,W2 - Central,Van,Home & Kitchen,2.78,5,9.09,-6.9,True,2026-06-27,2026-06,2026-06-22
ORD102992,2026-05-18 19:47:00,W3 - South,Van,Personal Care,19.26,4,22.45,12.7,False,2026-05-18,2026-05,2026-05-18
ORD102993,2026-07-17 15:43:00,W3 - South,Van,Home & Kitchen,5.48,4,11.84,-45.4,True,2026-07-17,2026-07,2026-07-13
ORD102994,2026-07-09 03:11:00,W2 - Central,Van,Apparel,13.62,4,18.55,12.3,False,2026-07-09,2026-07,2026-07-06
ORD102995,2026-06-26 05:02:00,W1 - North,Truck,Grocery,9.42,7,25.45,-16.0,True,2026-06-26,2026-06,2026-06-22
ORD102996,2026-05-28 20:30:00,W2 - Central,Bike,Personal Care,4.87,6,8.6,-8.4,True,2026-05-28,2026-05,2026-05-25
ORD102997,2026-06-01 23:30:00,W3 - South,Van,Apparel,6.19,6,12.78,-5.5,True,2026-06-01,2026-06,2026-06-01
ORD102998,2026-06-09 18:04:00,W3 - South,Truck,Electronics,10.72,7,24.42,-13.8,True,2026-06-09,2026-06,2026-06-08
ORD102999,2026-06-29 02:21:00,W3 - South,Bike,Home & Kitchen,4.09,5,8.66,-29.3,True,2026-06-29,2026-06,2026-06-29
